,Num_Acc,id_vehicule,num_veh,senc,catv,obs,obsm,choc,manv,motor,occutc,jour,mois,an,hrmn,lum,dep,com,agg,int,atm,col,adr,lat,long
332,201900006189,138 294 895,A01,1,32,0,1,2,1,1,,12,2,2019,18:45,5,75,75109,2,7,1,6,PLACE BLANCHE,48.883632,2.332627
333,201900006190,138 294 893,A01,1,1,0,2,7,17,5,,12,2,2019,13:52,1,75,75109,2,4,1,3,RUE LA FAYETTE,48.876563,2.346552
334,201900006190,138 294 894,B01,1,30,0,2,3,1,3,,12,2,2019,13:52,1,75,75109,2,4,1,3,RUE LA FAYETTE,48.876563,2.346552
335,201900006191,138 294 891,A01,2,30,0,2,1,18,1,,11,2,2019,12:20,1,75,75109,2,1,1,2,BOULEVARD DE CLICHY,48.88413,2.328981
336,201900006192,138 294 889,A01,1,1,0,2,7,15,5,,11,2,2019,09:40,1,75,75109,2,2,8,3,BOULEVARD HAUSSMANN,48.872605,2.335808
337,201900006192,138 294 890,B01,1,33,0,2,8,1,1,,11,2,2019,09:40,1,75,75109,2,2,8,3,BOULEVARD HAUSSMANN,48.872605,2.335808
338,201900006194,138 294 887,B01,1,32,0,2,1,17,1,,9,2,2019,15:23,1,75,75108,2,3,1,3,RUE FRANCOIS 1ER,48.86802,2.304707
339,201900006195,138 294 884,B01,1,1,0,2,0,18,5,,8,2,2019,21:35,5,75,75108,2,1,2,3,RUE DU COLISEE,48.871236,2.309644
340,201900006196,138 294 882,C01,3,2,0,2,4,23,1,,9,2,2019,20:30,5,75,75107,2,2,1,4,RUE DE VARENNE,48.853404,2.326195
341,201900006197,138 294 879,A01,1,31,14,0,1,13,1,,8,2,2019,02:00,5,75,75107,2,2,1,6,BOULEVARD SAINT GERMAIN,48.856051,2.325861
342,201900006198,138 294 878,A01,2,33,0,0,2,1,1,,7,2,2019,19:20,5,75,75107,2,1,2,7,QUAI D ORSAY,48.862491,2.305959
343,201900006199,138 294 877,A01,2,1,0,1,1,1,5,,9,2,2019,19:57,5,75,75104,2,1,1,6,RUE DU CLOITRE NOTRE DAME,48.853469,2.349592
344,201900006200,138 294 876,A01,1,33,14,0,2,13,1,,8,2,2019,16:55,1,75,75104,2,1,1,6,RUE DE RIVOLI,48.855866,2.35834
345,201900006633,138 294 030,A01,1,33,0,2,1,2,1,,20,10,2019,16:50,1,75,75120,2,1,1,2,BD PERIPHERIQUE INTERIEUR,48.873965,2.411229
346,201900006634,138 294 027,B01,2,43,0,2,7,1,1,,19,10,2019,00:10,5,75,75118,2,1,1,4,BD PERIPHERIQUE INTERIEUR,48.901076,2.345273
347,201900006635,138 294 021,E01,1,33,0,2,5,2,1,,18,10,2019,18:00,2,75,75119,2,4,1,4,BD PERIPHERIQUE INTERIEUR,48.8924325,2.3953535
348,201900006635,138 294 022,D01,1,33,0,2,2,2,1,,18,10,2019,18:00,2,75,75119,2,4,1,4,BD PERIPHERIQUE INTERIEUR,48.8924325,2.3953535
349,201900006637,138 294 018,Z01,1,30,0,1,0,17,1,,20,10,2019,09:05,1,75,75120,2,2,3,6,RUE DES PYRENEES,48.867507,2.396418
350,201900006638,138 294 017,A01,3,33,0,0,7,21,1,,14,10,2019,13:00,1,75,75116,2,7,1,7,BOULEVARD LANNES,48.8710745,2.2752532
351,201900006639,138 294 016,A01,1,1,0,0,7,1,5,,20,10,2019,11:30,1,75,75114,2,3,2,7,RUE D ALESIA,48.831975,2.3135625
352,201900006641,138 294 012,A01,2,1,0,2,1,5,5,,20,10,2019,03:14,5,75,75112,2,3,1,1,QUAI DE BERCY,48.8383652,2.3760779
353,201900006643,138 294 008,B01,2,50,0,2,1,5,3,,20,10,2019,04:55,5,75,75109,2,3,3,3,BOULEVARD DE CLICHY,48.8829755,2.3348702
354,201900006644,138 294 007,B01,2,30,0,2,0,7,1,,19,10,2019,23:30,5,75,75109,2,2,2,3,RUE SAINT LAZARE,48.876273,2.3318574
355,201900006645,138 294 004,B01,2,1,0,2,7,1,5,,19,10,2019,21:10,5,75,75109,2,1,2,3,BOULEVARD DE ROCHECHOUART,48.8831798,2.3463485
356,201900006646,138 294 003,A01,2,31,1,0,2,13,1,,20,10,2019,15:15,1,75,75108,2,2,2,6,RUE DU GENERAL FOY,48.877885,2.3181552
357,201900006647,138 294 002,B01,3,50,0,2,2,1,3,,20,10,2019,09:20,1,75,75104,2,2,3,3,QUAI DE GESVRES,48.8560682,2.3506934
358,201900006982,138 293 407,A01,1,30,0,2,1,2,1,,11,8,2019,18:45,1,75,75120,2,7,1,2,AVENUE GAMBETTA,48.865027,2.398598
359,201900006983,138 293 406,B01,2,1,0,2,1,19,5,,11,8,2019,16:15,1,75,75119,2,1,1,3,RUE REBEVAL,48.874119,2.376294
360,201900006984,138 293 401,B01,1,32,0,2,1,1,1,,11,8,2019,19:00,1,75,75114,2,7,1,3,BOULEVARD BRUNE,48.8276717,2.3051295
361,201900006987,138 293 397,A01,1,50,0,2,1,13,3,,11,8,2019,22:50,5,75,75101,2,1,1,1,ALLEE ANDRE BRETON,48.862318,2.345545
362,201900006987,138 293 398,B01,2,1,0,2,1,1,5,,11,8,2019,22:50,5,75,75101,2,1,1,1,ALLEE ANDRE BRETON,48.862318,2.345545
363,201900007200,138 293 003,B01,2,33,0,2,3,3,1,,24,11,2019,19:05,5,75,75119,2,1,1,3,BD PERIPHERIQUE EXTERIEUR,48.894488,2.39504
364,201900007202,138 292 998,Z01,1,60,0,1,1,25,5,,24,11,2019,11:40,1,75,75118,2,4,1,6,RUE DU POTEAU,48.897223,2.3379758
365,201900007205,138 292 993,A01,1,1,0,2,1,2,5,,24,11,2019,14:45,1,75,75116,2,1,1,2,ROUTE DE LA SEINE A LA BUTTE MORTEMART,48.851771,2.23295
366,201900007205,138 292 994,B01,1,1,0,2,4,2,5,,24,11,2019,14:45,1,75,75116,2,1,1,2,ROUTE DE LA SEINE A LA BUTTE MORTEMART,48.851771,2.23295
367,201900007208,138 292 990,A01,1,30,0,0,3,1,3,,24,11,2019,17:45,2,75,75107,2,3,1,7,RUE DE BELGRADE,48.8554,2.30137
368,201900007209,138 292 989,B01,2,33,0,2,7,1,1,,24,11,2019,18:05,5,75,75107,2,2,1,3,QUAI BRANLY,48.8589683,2.2933789
369,201900007211,138 292 986,B01,1,2,0,2,0,1,1,,23,11,2019,09:50,1,75,75107,2,4,2,3,BOULEVARD RASPAIL,48.8547145,2.3259926
370,201900007213,138 292 983,A01,1,1,0,2,1,1,5,,23,11,2019,21:15,5,75,75102,2,3,1,3,RUE DE CLERY,48.8689464,2.3494693
371,201900007309,138 292 784,A01,1,31,0,2,8,11,1,,7,7,2019,16:35,1,75,75112,2,1,1,3,PORTE DE CHARENTON,48.82964,2.401076
372,201900007310,138 292 781,B01,1,33,0,2,8,3,1,,6,7,2019,18:20,1,75,75117,2,1,1,3,BOULEVARD PERIPHERIQUE,48.884578,2.286301
373,201900007311,138 292 780,A01,2,30,0,2,1,2,1,,6,7,2019,22:45,5,75,75105,2,1,1,2,RUE DU CARDINAL LEMOINE,48.84692,2.352083
374,201900007312,138 292 778,Z01,1,43,0,1,0,17,1,,7,7,2019,20:18,1,75,75120,2,1,1,6,RUE DES PYRENEES,48.854038,2.405703
375,201900007313,138 292 776,A01,1,1,0,2,7,19,5,,7,7,2019,01:05,5,75,75120,2,2,1,3,AVENUE LEON GAUMONT,48.849327,2.416221
376,201900007315,138 292 773,A01,2,30,0,2,8,1,1,,6,7,2019,21:25,2,75,75118,2,1,1,6,RUE BELLIARD,48.897933,2.351998
377,201900007317,138 292 769,C01,1,1,0,2,1,2,5,,7,7,2019,18:35,1,75,75112,2,1,1,4,ROUTE DE LA FALUERE,48.832297,2.44173
378,201900007317,138 292 770,B01,1,1,0,2,1,2,5,,7,7,2019,18:35,1,75,75112,2,1,1,4,ROUTE DE LA FALUERE,48.832297,2.44173
379,201900007317,138 292 771,A01,1,1,0,2,4,2,5,,7,7,2019,18:35,1,75,75112,2,1,1,4,ROUTE DE LA FALUERE,48.832297,2.44173
380,201900007319,138 292 764,A01,1,1,0,2,7,19,5,,7,7,2019,19:55,1,75,75107,2,2,1,3,QUAI D ORSAY,48.862574,2.310396
381,201900007320,138 292 763,A01,2,32,11,0,0,14,1,,7,7,2019,02:50,5,75,75104,2,2,1,6,QUAI DE L HOTEL DE VILLE,48.855998,2.350889
382,201900007434,138 292 543,A01,1,32,0,2,7,1,1,,18,3,2019,19:30,2,75,75113,2,1,1,6,BOULEVARD PERIPHERIQUE,48.820004,2.374225
383,201900007785,138 291 874,A01,2,43,0,2,3,21,1,,16,9,2019,10:20,1,75,75118,2,1,1,4,BD PERIPHERIQUE EXTERIEUR,48.900942,2.357553
384,201900007786,138 291 871,A01,2,33,0,2,1,3,1,,16,9,2019,10:00,1,75,75112,2,1,1,3,BD PERIPHERIQUE EXTERIEUR,48.832542,2.406109
385,201900007787,138 291 867,A01,1,33,0,2,7,12,1,,16,9,2019,09:25,1,75,75116,2,1,1,4,BD PERIPHERIQUE INTERIEUR,48.8593849,2.2628401
386,201900007787,138 291 868,B01,1,33,0,2,8,1,1,,16,9,2019,09:25,1,75,75116,2,1,1,4,BD PERIPHERIQUE INTERIEUR,48.8593849,2.2628401
387,201900007788,138 291 866,A01,2,32,0,2,1,2,1,,14,9,2019,12:35,1,75,75119,2,1,1,2,BD PERIPHERIQUE EXTERIEUR,48.900606,2.373933
388,201900007790,138 291 862,A01,2,30,0,2,1,1,1,,16,9,2019,21:05,5,75,75120,2,2,1,3,RUE HAXO,48.8759964,2.4025526
389,201900007792,138 291 859,Z01,2,80,0,1,1,1,2,,16,9,2019,14:45,1,75,75120,2,1,1,6,RUE DES PYRENEES,48.8587524,2.4026179
390,201900007794,138 291 856,B01,1,50,0,2,1,15,3,,16,9,2019,18:30,2,75,75118,2,4,1,3,RUE CHAMPIONNET,48.8934708,2.3294319
391,201900007796,138 291 852,A01,2,1,0,2,1,1,5,,16,9,2019,09:45,1,75,75115,2,2,1,3,BOULEVARD PASTEUR,48.8428714,2.3123891
392,201900007797,138 291 851,A01,2,1,0,1,1,1,5,,16,9,2019,18:20,1,75,75111,2,2,1,6,BOULEVARD RICHARD LENOIR,48.8640025,2.3706871
393,201900007798,138 291 850,Z01,1,1,0,1,0,1,5,,16,9,2019,13:25,1,75,75111,2,1,1,6,RUE LEON FROT,48.854643,2.387543
394,201900007800,138 291 847,A01,1,30,0,2,3,18,1,,16,9,2019,01:25,5,75,75102,2,4,1,3,BOULEVARD SAINT DENIS,48.8696083,2.3530032
395,201900008024,138 291 462,A01,2,30,0,2,7,1,1,,25,3,2019,21:00,5,75,75117,2,4,1,3,PORTE DES TERNES,48.884532,2.285857
396,201900008025,138 291 459,B01,1,32,0,2,2,3,1,,25,3,2019,11:10,1,75,75116,2,1,1,3,PORTE DE PASSY,48.85773,2.25968
397,201900008026,138 291 457,A01,1,31,0,2,7,21,1,,23,3,2019,18:35,2,75,75118,2,1,1,6,PORTE D AUBERVILLIERS,48.900682,2.367073
398,201900008026,138 291 458,Z01,1,33,0,2,6,11,0,,23,3,2019,18:35,2,75,75118,2,1,1,6,PORTE D AUBERVILLIERS,48.900682,2.367073
399,201900008027,138 291 455,B01,2,33,0,2,3,3,1,,22,3,2019,19:20,5,75,75117,2,1,1,4,PORTE D ASNIERES,48.893172,2.303521
400,201900008029,138 291 449,A01,1,32,0,2,5,3,1,,22,3,2019,10:20,1,75,75114,2,1,1,6,PORTE DE CHATILLON,48.821752,2.317932
401,201900008030,138 291 447,A01,1,33,0,2,1,1,1,,22,3,2019,08:55,1,75,75116,2,1,1,2,PORTE DE SAINT CLOUD,48.835539,2.25867
402,201900008031,138 291 445,A01,1,33,0,2,1,3,1,,21,3,2019,09:50,1,75,75113,2,1,1,2,PORTE D ITALIE,48.818797,2.370567
403,201900008031,138 291 446,B01,1,33,0,2,4,3,1,,21,3,2019,09:50,1,75,75113,2,1,1,2,PORTE D ITALIE,48.818797,2.370567
404,201900008033,138 291 440,A01,2,33,0,2,3,3,1,,20,3,2019,08:50,1,75,75117,2,1,1,6,BOULEVARD PERIPHERIQUE,48.887151,2.290074
405,201900008034,138 291 437,A01,1,34,0,2,3,3,1,,20,3,2019,08:45,1,75,75115,2,1,1,2,QUAI D ISSY LES MOULINEAUX,48.834927,2.266773
406,201900008035,138 291 436,B01,2,33,5,2,7,1,1,,14,3,2019,20:15,5,75,75113,2,1,8,3,PORTE D IVRY,48.819197,2.371793
407,201900008036,138 291 433,B01,2,1,0,2,7,7,5,,23,3,2019,17:55,2,75,75106,2,1,1,3,BOULEVARD SAINT GERMAIN,48.85191,2.34105
408,201900008036,138 291 434,A01,2,31,0,2,8,18,1,,23,3,2019,17:55,2,75,75106,2,1,1,3,BOULEVARD SAINT GERMAIN,48.85191,2.34105
409,201900008037,138 291 432,A01,1,30,12,0,3,13,1,,21,3,2019,08:40,1,75,75116,2,3,1,7,AVENUE DU PRESIDENT KENNEDY,48.857924,2.287929
410,201900008038,138 291 431,B01,1,31,0,2,1,18,1,,20,3,2019,17:05,1,75,75101,2,1,1,3,RUE CAMBON,48.866523,2.325465
411,201900008040,138 291 427,A01,2,30,0,2,1,1,3,,22,3,2019,12:50,1,75,75106,2,1,1,2,BOULEVARD DU MONTPARNASSE,48.846303,2.317628
412,201900008041,138 291 426,A01,1,1,0,2,0,1,5,,25,3,2019,20:40,5,75,75120,2,2,1,3,RUE DES PYRENEES,48.863289,2.399704
413,201900008042,138 291 423,B01,2,30,0,2,1,1,1,,25,3,2019,09:55,1,75,75120,2,1,1,3,AVENUE GAMBETTA,48.863649,2.390526
414,201900008043,138 291 421,A01,1,50,0,2,2,1,3,,23,3,2019,16:20,1,75,75120,2,3,1,3,BOULEVARD DE BELLEVILLE,48.869563,2.379984
415,201900008044,138 291 420,A01,2,33,12,0,0,1,1,,22,3,2019,21:40,5,75,75120,2,7,1,6,COURS DE VINCENNES,48.847178,2.411275
416,201900008046,138 291 418,A01,2,30,0,1,1,1,1,,21,3,2019,20:20,5,75,75120,2,3,1,6,RUE DE LA CROIX SAINT SIMON,48.855533,2.409725
417,201900008047,138 291 417,Z01,1,33,0,1,1,18,1,,21,3,2019,13:10,1,75,75120,2,4,1,6,RUE BELGRAND,48.864611,2.405982
418,201900008048,138 291 415,B01,1,2,0,2,2,17,1,,25,3,2019,17:45,1,75,75119,2,3,1,3,AVENUE JEAN JAURES,48.88518,2.379376
419,201900008049,138 291 413,A01,2,43,0,2,1,21,1,,25,3,2019,15:15,1,75,75119,2,2,1,3,AVENUE SIMON BOLIVAR,48.875582,2.381873
420,201900008049,138 291 414,B01,2,1,0,2,3,15,5,,25,3,2019,15:15,1,75,75119,2,2,1,3,AVENUE SIMON BOLIVAR,48.875582,2.381873
421,201900008050,138 291 411,B01,2,1,0,2,1,1,5,,25,3,2019,09:50,1,75,75119,2,2,1,3,RUE DE CRIMEE,48.884988,2.383271
422,201900008052,138 291 409,Z01,0,30,0,1,1,18,0,,22,3,2019,14:53,1,75,75119,2,3,1,6,RUE DU GENERAL BRUNET,48.880013,2.390179
423,201900008053,138 291 407,B01,1,32,0,2,8,1,1,,21,3,2019,13:50,1,75,75119,2,3,1,3,AVENUE CORENTIN CARIOU,48.89513,2.382753
424,201900008054,138 291 406,Z01,2,30,0,1,0,1,1,,21,3,2019,11:20,1,75,75119,2,2,1,6,RUE DE CRIMEE,48.88598,2.382155
425,201900008055,138 291 404,A01,1,30,0,2,3,18,1,,22,3,2019,09:55,1,75,75118,2,1,1,3,BOULEVARD DE LA CHAPELLE,48.884241,2.354966
426,201900008055,138 291 405,B01,1,34,0,2,7,1,1,,22,3,2019,09:55,1,75,75118,2,1,1,3,BOULEVARD DE LA CHAPELLE,48.884241,2.354966
427,201900008056,138 291 402,A01,1,33,0,2,3,15,1,,20,3,2019,20:30,5,75,75118,2,2,1,3,RUE HERMEL,48.892408,2.344989
428,201900008058,138 291 398,A01,2,2,0,2,1,1,1,,25,3,2019,05:55,2,75,75118,2,2,1,6,AVENUE DE CLICHY,48.885819,2.326376
429,201900008061,138 291 393,A01,1,32,0,2,8,7,1,,20,3,2019,07:00,2,75,75117,2,3,1,3,BOULEVARD MALESHERBES,48.889606,2.304041
430,201900008062,138 291 391,B01,2,1,0,2,1,1,5,,25,3,2019,10:30,1,75,75116,2,2,1,3,RUE MOLITOR,48.84527,2.260474
431,201900008063,138 291 389,A01,3,1,0,1,1,1,5,,24,3,2019,15:25,1,75,75116,2,1,1,6,ROUTE DE SEVRES A NEUILLY,48.860665,2.237319
432,201900008064,138 291 387,B01,2,60,0,2,4,19,5,,24,3,2019,16:15,1,75,75116,2,7,1,2,PLACE DE LA PORTE MAILLOT,48.877373,2.281362
433,201900008066,138 291 384,A01,1,33,11,0,3,1,1,,22,3,2019,20:30,5,75,75116,2,2,1,6,AVENUE KLEBER,48.866822,2.289988
434,201900008070,138 291 378,A01,1,33,0,1,2,1,1,,21,3,2019,20:00,5,75,75116,2,2,1,6,AVENUE DU PRESIDENT KENNEDY,48.851639,2.278973
435,201900008071,138 291 376,B01,1,33,0,2,4,21,1,,21,3,2019,08:30,1,75,75116,2,3,1,2,BOULEVARD LANNES,48.868844,2.273505
436,201900008071,138 291 377,A01,1,43,0,2,1,2,1,,21,3,2019,08:30,1,75,75116,2,3,1,2,BOULEVARD LANNES,48.868844,2.273505
437,201900008072,138 291 375,A01,1,30,12,0,2,14,1,,21,3,2019,00:01,5,75,75116,2,1,1,6,ALLEE DE LONGCHAMP,48.874085,2.268756
438,201900008073,138 291 374,A01,1,32,2,0,0,1,1,,20,3,2019,22:06,5,75,75116,2,2,1,6,ROUTE DE SURESNES,48.865039,2.234454
439,201900008075,138 291 372,B01,1,32,0,2,2,17,1,,21,3,2019,20:45,5,75,75115,2,3,1,3,RUE CASTAGNARY,48.830688,2.306303
440,201900008076,138 291 369,B01,1,32,0,2,2,1,1,,20,3,2019,14:20,1,75,75115,2,1,1,3,AVENUE DE LA PORTE DE LA PLAINE,48.830181,2.292297
441,201900008077,138 291 368,B01,1,33,0,2,8,1,1,,25,3,2019,08:10,1,75,75114,2,1,1,3,RUE RAYMOND LOSSERAND,48.828368,2.306747
442,201900008079,138 291 363,B01,1,1,0,2,1,1,5,,20,3,2019,08:00,1,75,75114,2,1,1,3,BOULEVARD SAINT JACQUES,48.832576,2.338915
443,201900008081,138 291 359,A01,2,1,1,0,1,21,5,,24,3,2019,19:30,5,75,75113,2,1,1,6,RUE DE TOLBIAC,48.82678,2.364771
444,201900008082,138 291 357,B01,1,33,0,2,8,1,1,,24,3,2019,19:00,2,75,75113,2,2,1,3,QUAI D AUSTERLITZ,48.841919,2.367869
445,201900008083,138 291 355,A01,2,1,0,2,7,17,5,,22,3,2019,10:40,1,75,75113,2,8,1,3,RUE DE TOLBIAC,48.825989,2.353651
446,201900008083,138 291 356,B01,2,33,0,2,3,15,1,,22,3,2019,10:40,1,75,75113,2,8,1,3,RUE DE TOLBIAC,48.825989,2.353651
447,201900008085,138 291 353,B01,3,50,0,2,3,19,3,,22,3,2019,00:30,5,75,75113,2,7,1,3,AVENUE DE CHOISY,48.830773,2.35632
448,201900008087,138 291 349,B01,3,32,1,2,1,17,1,,25,3,2019,17:50,1,75,75112,2,1,1,3,ROUTE DE CEINTURE DU LAC DAUMESNIL,48.832266,2.415618
449,201900008088,138 291 347,B01,1,30,0,2,1,1,1,,24,3,2019,17:43,1,75,75112,2,2,1,3,PLACE EDOUARD RENARD,48.835361,2.4066
450,201900008089,138 291 345,B01,2,2,0,2,1,1,3,,24,3,2019,23:05,5,75,75112,2,2,1,3,RUE DE REUILLY,48.844209,2.390274
451,201900008090,138 291 344,B01,1,2,0,2,0,1,1,,25,3,2019,21:20,5,75,75111,2,1,1,3,AVENUE PHILIPPE AUGUSTE,48.851333,2.394093
452,201900008091,138 291 342,A01,2,32,1,1,8,21,1,,22,3,2019,11:20,1,75,75110,2,1,1,7,BOULEVARD DE BELLEVILLE,48.88429,2.36385
453,201900008092,138 291 340,A01,1,30,0,2,7,17,1,,25,3,2019,13:45,1,75,75110,2,3,7,3,RUE DE L AQUEDUC,48.884099,2.367338
454,201900008095,138 291 336,A01,2,1,0,0,0,21,5,,21,3,2019,08:00,1,75,75110,2,3,1,6,BOULEVARD DE MAGENTA,48.880625,2.352153
455,201900008096,138 291 335,A01,2,43,0,1,1,3,1,,23,3,2019,18:50,2,75,75109,2,5,1,6,RUE DROUOT,48.87199,2.340032
456,201900008097,138 291 334,Z01,2,2,0,1,0,7,0,,21,3,2019,20:17,5,75,75102,2,1,1,6,BOULEVARD POISSONNIERE,48.871192,2.344819
457,201900008098,138 291 332,B01,2,33,0,2,5,15,1,,21,3,2019,15:45,1,75,75108,2,2,1,3,BOULEVARD HAUSSMANN,48.873781,2.32702
458,201900008099,138 291 331,B01,1,32,0,2,3,15,1,,21,3,2019,15:05,1,75,75109,2,2,1,3,BOULEVARD MONTMARTRE,48.871986,2.340039
459,201900008100,138 291 328,B01,1,1,0,2,1,1,5,,21,3,2019,11:19,1,75,75109,2,1,1,3,RUE DE CHATEAUDUN,48.876309,2.333454
460,201900008101,138 291 326,A01,1,30,0,2,1,9,1,,25,3,2019,14:30,1,75,75108,2,1,1,2,SOUTERRAIN COURS LA REINE,48.864724,2.309715
461,201900008102,138 291 324,A01,1,31,0,2,1,18,1,,25,3,2019,09:10,1,75,75108,2,2,1,3,AVENUE DES CHAMPS ELYSEES,48.871455,2.30235
462,201900008103,138 291 322,A01,2,30,0,2,8,9,3,,22,3,2019,15:15,1,75,75108,2,4,1,6,VOIE GEORGES POMPIDOU,48.864634,2.307084
463,201900008104,138 291 320,B01,1,33,0,2,7,21,1,,22,3,2019,07:06,1,75,75108,2,1,1,3,BOULEVARD MALESHERBES,48.878122,2.315869
464,201900008106,138 291 318,B01,2,31,0,2,2,15,1,,20,3,2019,13:10,1,75,75117,2,5,1,3,BOULEVARD DE COURCELLES,48.881178,2.315339
465,201900008107,138 291 315,A01,1,30,0,2,2,1,1,,25,3,2019,19:35,5,75,75107,2,1,1,3,RUE DE SEVRES,48.849395,2.322415
466,201900008108,138 291 314,A01,1,34,0,1,1,1,3,,25,3,2019,11:45,1,75,75107,2,1,1,6,RUE DE LILLE,48.858019,2.331395
467,201900008109,138 291 312,B01,1,33,0,2,4,21,1,,21,3,2019,19:50,5,75,75107,2,3,1,2,QUAI D ORSAY,48.86248,2.305417
468,201900008109,138 291 313,A01,1,33,0,2,1,21,1,,21,3,2019,19:50,5,75,75107,2,3,1,2,QUAI D ORSAY,48.86248,2.305417
469,201900008110,138 291 311,A01,2,1,0,1,1,1,5,,22,3,2019,20:50,5,75,75101,2,1,1,6,RUE DU LOUVRE,48.862106,2.341425
470,201900008111,138 291 310,B01,1,1,0,0,0,21,5,,20,3,2019,12:35,1,75,75104,2,1,1,7,RUE DE TURENNE,48.855791,2.363828
471,201900008112,138 291 308,A01,1,1,0,2,1,1,5,,20,3,2019,09:10,1,75,75104,2,4,1,1,VOIE GEORGES POMPIDOU,48.853561,2.356505
472,201900008112,138 291 309,B01,2,1,0,2,0,9,5,,20,3,2019,09:10,1,75,75104,2,4,1,1,VOIE GEORGES POMPIDOU,48.853561,2.356505
473,201900008114,138 291 304,A01,1,43,0,1,0,1,1,,22,3,2019,20:15,5,75,75102,2,1,1,6,RUE MONTMARTRE,48.870362,2.342685
474,201900008231,138 291 103,A01,1,33,0,1,8,1,1,,18,10,2019,11:10,1,75,75106,2,2,7,6,RUE D ASSAS,48.8503877,2.3277044
475,201900008232,138 291 102,A01,2,32,0,2,1,1,1,,19,10,2019,09:45,1,75,75120,2,2,8,3,COURS DE VINCENNES,48.847475,2.406419
476,201900008234,138 291 098,A01,1,32,0,2,7,1,1,,19,10,2019,09:14,2,75,75118,2,3,8,6,RUE MARX DORMOY,48.8890515,2.3599021
477,201900008235,138 291 097,B01,1,33,0,2,0,1,1,,18,10,2019,13:50,1,75,75115,2,1,1,3,QUAI D ISSY LES MOULINEAUX,48.8347933,2.2689116
478,201900008236,138 291 095,A01,1,32,0,1,3,1,1,,19,10,2019,17:35,1,75,75114,2,4,1,6,AVENUE DU MAINE,48.831457,2.325426
479,201900008237,138 291 093,B01,2,34,0,2,4,2,1,,19,10,2019,16:30,1,75,75105,2,4,1,2,BOULEVARD DE L HOPITAL,48.839987,2.36176
480,201900008238,138 291 092,A01,1,1,0,1,1,1,5,,19,10,2019,17:15,1,75,75110,2,2,1,6,RUE BEAUREPAIRE,48.8693256,2.3633875
481,201900008239,138 291 090,B01,1,30,0,2,3,1,1,,19,10,2019,12:20,1,75,75109,2,2,2,3,RUE LA FAYETTE,48.8752985,2.341718
482,201900008240,138 291 088,A01,1,30,0,2,2,18,3,,19,10,2019,10:39,1,75,75102,2,3,8,2,BOULEVARD MONTMARTRE,48.8717238,2.3416146
483,201900008241,138 291 087,A01,1,30,0,2,4,2,1,,19,10,2019,04:30,5,75,75108,2,7,2,6,AVENUE DES CHAMPS ELYSEES,48.8690502,2.3098896
484,201900008242,138 291 085,A01,1,43,11,0,1,1,1,,18,10,2019,11:00,1,75,75107,2,1,8,6,BOULEVARD SAINT GERMAIN,48.8620574,2.3197755
485,201900008915,138 289 835,A01,2,33,0,0,0,1,1,,9,8,2019,09:35,1,75,75116,2,1,2,7,ECH MAILLOT,48.8779324,2.2797999
486,201900008916,138 289 833,A01,2,33,0,2,1,1,1,,8,8,2019,19:20,1,75,75114,2,1,1,3,BD PERIPHERIQUE EXTERIEUR,48.824292,2.30637
487,201900008917,138 289 832,A01,2,33,14,0,1,1,1,,8,8,2019,12:20,1,75,75112,2,1,7,6,BD PERIPHERIQUE EXTERIEUR,48.844933,2.41426
488,201900008918,138 289 830,B01,1,33,0,2,2,3,1,,8,8,2019,09:15,1,75,75112,2,1,1,6,BD PERIPHERIQUE INTERIEUR,48.829639,2.401076
489,201900008921,138 289 825,A01,1,32,14,0,1,1,1,,8,8,2019,23:38,5,75,75120,2,1,1,6,BOULEVARD DE BELLEVILLE,48.8688999,2.380828
490,201900008922,138 289 824,Z01,2,33,0,1,0,1,0,,7,8,2019,18:25,1,75,75114,2,4,1,6,ECHANGEUR CHATILLON,48.8205744,2.324223
491,201900008952,138 289 766,A01,2,33,0,2,3,11,1,,21,11,2019,09:50,1,75,75112,2,1,1,4,BD PERIPHERIQUE EXTERIEUR,48.828074,2.396298
492,201900008952,138 289 767,B01,2,33,0,2,7,3,1,,21,11,2019,09:50,1,75,75112,2,1,1,4,BD PERIPHERIQUE EXTERIEUR,48.828074,2.396298
493,201900008953,138 289 764,B01,1,33,0,2,1,3,1,,22,11,2019,19:17,5,75,75115,2,1,1,4,PONT DU GARIGLIANO,48.839221,2.268618
494,201900008954,138 289 762,A01,2,50,0,2,1,1,3,,23,11,2019,12:00,1,75,75118,2,3,8,3,RUE DE L EVANGILE,48.8958069,2.3712783
495,201900008958,138 289 755,B01,2,30,0,2,2,17,1,,23,11,2019,19:15,5,75,75114,2,4,1,3,BOULEVARD RASPAIL,48.8414885,2.3297742
496,201900008959,138 289 753,A01,1,30,0,2,2,1,1,,23,11,2019,22:15,5,75,75111,2,4,1,6,AVENUE DE LA REPUBLIQUE,48.8666337,2.367325
497,201900008959,138 289 754,Z01,2,30,0,2,1,15,0,,23,11,2019,22:15,5,75,75111,2,4,1,6,AVENUE DE LA REPUBLIQUE,48.8666337,2.367325
498,201900008960,138 289 751,B01,1,33,0,2,7,17,1,,23,11,2019,21:20,5,75,75111,2,4,1,3,AVENUE DE LA REPUBLIQUE,48.8656422,2.3725686