,Num_Acc,id_vehicule,num_veh,senc,catv,obs,obsm,choc,manv,motor,occutc,jour,mois,an,hrmn,lum,dep,com,agg,int,atm,col,adr,lat,long
499,201900008962,138 289 749,B01,1,30,0,2,1,1,1,,23,11,2019,13:40,1,75,75110,2,2,8,3,BOULEVARD DE MAGENTA,48.874913,2.357302
500,201900008963,138 289 747,A01,2,50,0,0,0,7,3,,23,11,2019,03:55,5,75,75101,2,1,2,7,RUE DE RIVOLI,48.863443,2.333036
501,201900009037,138 289 620,A01,2,34,16,0,8,1,1,,22,11,2019,21:00,3,75,75112,1,1,1,7,A4,48.8179681,2.455662
502,201900009332,138 289 045,A01,1,33,0,0,7,1,1,,21,12,2019,02:20,5,75,75116,2,1,1,7,BD PERIPHERIQUE INTERIEUR,48.8563061,2.2575113
503,201900009335,138 289 040,A01,1,50,0,0,0,21,3,,21,12,2019,23:30,5,75,75119,2,1,2,7,QUAI DE LA LOIRE,48.887439,2.379028
504,201900009366,138 288 987,B01,1,1,0,2,1,1,5,,19,12,2019,10:50,1,75,75119,2,1,2,3,RUE DES BOIS,48.878601,2.400545
505,201900009561,138 288 609,B01,2,1,0,2,1,1,5,,15,9,2019,14:30,1,75,75118,2,1,1,3,RUE ORDENER,48.8919584,2.3474028
506,201900009562,138 288 608,A01,2,32,0,1,1,1,1,,14,9,2019,12:35,1,75,75119,2,3,1,6,AVENUE DE LA PORTE D AUBERVILLIERS,48.8998452,2.3702727
507,201900009564,138 288 606,A01,1,33,0,2,1,1,1,,13,9,2019,22:30,5,75,75115,2,2,1,1,RUE DE LA CROIX NIVERT,48.838604,2.289416
508,201900009565,138 288 604,B01,2,30,0,2,6,9,1,,15,9,2019,19:15,1,75,75113,2,1,1,3,BOULEVARD AUGUSTE BLANQUI,48.8298,2.351121
509,201900009566,138 288 602,A01,2,33,0,2,7,5,1,,15,9,2019,17:30,1,75,75112,2,1,7,3,BOULEVARD PONIATOWSKI,48.8290016,2.3894991
510,201900009567,138 288 600,A01,1,33,0,2,1,17,1,,15,9,2019,04:00,5,75,75112,2,1,1,2,QUAI DE LA RAPEE,48.8442277,2.3685501
511,201900010071,138 287 710,B01,2,30,0,2,8,3,1,,18,10,2019,08:10,1,75,75119,2,1,2,3,BD PERIPHERIQUE EXTERIEUR,48.89361,2.395287
512,201900010072,138 287 708,B01,2,33,0,2,8,3,1,,17,10,2019,09:30,1,75,75116,2,1,1,3,BD PERIPHERIQUE EXTERIEUR,48.870597,2.272352
513,201900010073,138 287 706,A01,1,31,0,2,1,18,1,,16,10,2019,21:53,5,75,75113,2,1,2,6,BD PERIPHERIQUE EXTERIEUR,48.818263,2.369457
514,201900010074,138 287 705,B01,1,2,0,2,1,1,1,,18,10,2019,06:55,5,75,75120,2,2,3,3,RUE D AVRON,48.8527034,2.406105
515,201900010075,138 287 702,B01,1,33,0,2,7,1,1,,18,10,2019,17:41,1,75,75119,2,1,1,3,AVENUE DE FLANDRE,48.890434,2.3766974
516,201900010076,138 287 700,A01,1,2,0,2,1,1,1,,18,10,2019,08:25,1,75,75119,2,2,2,3,AVENUE DE FLANDRE,48.8923245,2.3791355
517,201900010076,138 287 701,B01,1,1,0,2,3,1,5,,18,10,2019,08:25,1,75,75119,2,2,2,3,AVENUE DE FLANDRE,48.8923245,2.3791355
518,201900010077,138 287 698,A01,1,33,0,2,3,1,1,,18,10,2019,16:15,1,75,75118,2,1,1,6,RUE DU MONT CENIS,48.8964117,2.3464813
519,201900010078,138 287 696,B01,1,43,0,2,1,1,1,,18,10,2019,08:15,1,75,75116,2,2,2,3,ALLEE DE LA REINE MARGUERITE,48.8585665,2.2448764
520,201900010079,138 287 694,B01,2,32,0,2,2,15,1,,17,10,2019,20:15,5,75,75116,2,3,1,3,AVENUE DU PRESIDENT KENNEDY,48.85268,2.280647
521,201900010079,138 287 695,A01,1,34,0,2,1,1,1,,17,10,2019,20:15,5,75,75116,2,3,1,3,AVENUE DU PRESIDENT KENNEDY,48.85268,2.280647
522,201900010080,138 287 692,A01,2,32,0,2,1,1,1,,17,10,2019,15:55,1,75,75116,2,2,1,3,RUE MAURICE BOURDET,48.8513469,2.2784853
523,201900010081,138 287 690,B01,2,1,0,2,1,1,5,,18,10,2019,18:30,2,75,75111,2,1,1,3,BOULEVARD VOLTAIRE,48.855012,2.384833
524,201900010082,138 287 688,A01,1,2,0,2,1,2,1,,18,10,2019,13:25,1,75,75108,2,4,1,2,RUE DES SAUSSAIES,48.871348,2.317769
525,201900010084,138 287 682,A01,2,1,0,2,2,1,5,,18,10,2019,21:00,5,75,75107,2,2,1,3,QUAI D ORSAY,48.8625492,2.3104058
526,201900010085,138 287 680,B01,1,33,0,2,2,17,1,,18,10,2019,15:20,1,75,75107,2,3,7,3,QUAI BRANLY,48.8605574,2.2956089
527,201900010086,138 287 679,A01,3,33,0,0,6,1,1,,18,10,2019,09:25,1,75,75107,2,1,8,7,PONT D IENA,48.859688,2.292248
528,201900010087,138 287 678,B01,1,1,0,2,2,1,5,,16,10,2019,19:55,5,75,75104,2,3,2,3,BOULEVARD DE SEBASTOPOL,48.861212,2.349725
529,201900010088,138 287 676,D01,1,33,0,2,8,1,1,,18,10,2019,09:20,1,75,75104,2,2,8,3,QUAI DE L HOTEL DE VILLE,48.8533352,2.3578248
530,201900010404,138 287 107,B01,2,33,0,2,3,3,1,,26,4,2019,18:30,1,75,75115,2,1,1,5,PORTE BRANCION,48.826376,2.297013
531,201900010406,138 287 104,B01,1,32,0,2,3,3,1,,26,4,2019,08:30,1,75,75116,2,4,1,3,ECHANGEUR MAILLOT,48.877213,2.279149
532,201900010407,138 287 100,B01,2,32,0,2,7,1,1,,24,4,2019,23:25,5,75,75118,2,4,1,3,PORTE DE LA CHAPELLE,48.900894,2.363948
533,201900010408,138 287 098,A01,2,31,0,2,1,2,1,,23,4,2019,20:40,2,75,75114,2,4,1,2,BOULEVARD PERIPHERIQUE,48.821905,2.316753
534,201900010409,138 287 093,B01,1,32,0,2,3,3,1,,23,4,2019,18:30,1,75,75117,2,1,1,4,BOULEVARD PERIPHERIQUE,48.882612,2.283497
535,201900010410,138 287 090,A01,1,33,0,2,1,11,1,,23,4,2019,08:45,1,75,75115,2,1,1,3,BOULEVARD PERIPHERIQUE,48.825623,2.300965
536,201900010410,138 287 091,B01,1,33,0,2,4,3,1,,23,4,2019,08:45,1,75,75115,2,1,1,3,BOULEVARD PERIPHERIQUE,48.825623,2.300965
537,201900010412,138 287 088,B01,1,33,0,2,8,1,1,,22,4,2019,20:10,2,75,75114,2,1,1,3,BOULEVARD PERIPHERIQUE,48.822371,2.315539
538,201900010416,138 287 078,A01,2,32,0,2,3,2,1,,21,4,2019,11:40,1,75,75118,2,4,1,2,BOULEVARD PERIPHERIQUE,48.90089,2.363946
539,201900010417,138 287 076,A01,2,33,0,2,1,2,1,,19,4,2019,20:15,1,75,75119,2,1,1,2,BD PERIPHERIQUE EXTERIEUR,48.900611,2.374009
540,201900010419,138 287 073,A01,2,33,0,2,8,3,1,,19,4,2019,18:40,1,75,75116,2,1,1,3,PORTE D AUTEUIL,48.844963,2.254985
541,201900010421,138 287 070,A01,2,32,0,2,3,3,1,,19,4,2019,09:00,1,75,75116,2,1,1,3,PORTE D AUTEUIL,48.848112,2.253383
542,201900010423,138 287 066,A01,1,33,0,0,8,3,1,,18,4,2019,17:45,3,75,75116,2,4,1,7,BOULEVARD PERIPHERIQUE,48.857994,2.260246
543,201900010429,138 287 057,A01,2,43,0,0,0,1,1,,22,4,2019,02:19,5,75,75104,2,1,1,7,QUAI HENRI IV,48.849393,2.361806
544,201900010430,138 287 055,B01,1,2,0,2,2,1,1,,21,4,2019,01:38,5,75,75117,2,3,1,3,BOULEVARD DU BOIS LE PRETRE,48.899797,2.318958
545,201900010433,138 287 046,B01,2,33,0,2,3,23,1,,19,4,2019,15:30,1,75,75118,2,4,1,3,PORTE DE LA CHAPELLE,48.901095,2.355162
546,201900010433,138 287 048,A01,2,33,0,2,1,3,1,,19,4,2019,15:30,1,75,75118,2,4,1,3,PORTE DE LA CHAPELLE,48.901095,2.355162
547,201900010435,138 287 045,A01,2,32,4,0,3,13,1,,19,4,2019,09:27,5,75,75112,2,1,1,6,PORTE DE CHARENTON,48.831934,2.405092
548,201900010436,138 287 044,B01,3,33,0,2,1,17,1,,17,4,2019,13:30,1,75,75119,2,3,1,3,AVENUE DE LA PORTE DU PRE SAINT GERVAIS,48.87974,2.401527
549,201900010438,138 287 040,B01,1,30,8,2,2,17,1,,17,4,2019,09:29,1,75,75120,2,2,1,3,RUE DES PYRENEES,48.851498,2.406283
550,201900010440,138 287 035,B01,1,2,0,2,1,1,1,,26,4,2019,00:38,5,75,75106,2,2,1,1,RUE DE RENNES,48.84792,2.327766
551,201900010442,138 287 033,A01,2,33,0,0,0,1,3,,24,4,2019,18:40,1,75,75106,2,2,8,7,BOULEVARD SAINT MICHEL,48.850358,2.342589
552,201900010444,138 287 029,B01,1,33,0,2,6,23,1,,23,4,2019,17:10,1,75,75105,2,5,1,2,QUAI SAINT BERNARD,48.849408,2.35679
553,201900010444,138 287 030,A01,1,31,0,2,7,2,1,,23,4,2019,17:10,1,75,75105,2,5,1,2,QUAI SAINT BERNARD,48.849408,2.35679
554,201900010447,138 287 021,B01,2,32,0,2,2,1,1,,19,4,2019,17:30,1,75,75106,2,1,1,3,RUE SAINTE BEUVE,48.844141,2.329689
555,201900010448,138 287 018,A01,2,50,0,1,0,7,3,,19,4,2019,14:55,1,75,75105,2,2,1,6,BOULEVARD SAINT GERMAIN,48.849442,2.354455
556,201900010450,138 287 016,B01,2,32,0,2,1,5,1,,18,4,2019,11:20,1,75,75106,2,5,1,3,BOULEVARD SAINT MICHEL,48.850362,2.342591
557,201900010453,138 287 009,A01,1,1,0,1,7,1,0,,28,4,2019,14:45,1,75,75120,2,2,2,6,RUE D AVRON,48.851858,2.401374
558,201900010457,138 287 005,Z01,1,30,0,1,7,1,0,,27,4,2019,05:10,5,75,75120,2,3,1,6,RUE DE MENILMONTANT,48.867927,2.386617
559,201900010460,138 287 001,Z01,2,30,0,1,1,1,0,,25,4,2019,14:25,1,75,75120,2,1,8,6,RUE D AVRON,48.851778,2.400932
560,201900010462,138 286 999,Z01,2,33,0,1,1,5,1,,25,4,2019,08:20,1,75,75120,2,3,2,6,AVENUE GAMBETTA,48.863946,2.391645
561,201900010463,138 286 995,A01,1,33,0,2,1,1,1,,24,4,2019,19:20,1,75,75120,2,2,1,6,RUE DES GRANDS CHAMPS,48.851662,2.406998
562,201900010464,138 286 994,A01,2,50,0,2,1,16,3,,24,4,2019,17:00,1,75,75120,2,4,2,3,RUE PIXERECOURT,48.871478,2.39566
563,201900010470,138 286 988,Z01,1,30,0,1,7,1,0,,19,4,2019,21:20,5,75,75120,2,2,1,6,RUE BELGRAND,48.864683,2.404148
564,201900010472,138 286 984,A01,1,2,0,2,5,18,1,,27,4,2019,21:05,5,75,75119,2,3,1,3,AVENUE DE FLANDRE,48.891133,2.377569
565,201900010474,138 286 981,A01,1,1,0,1,1,1,5,,25,4,2019,19:40,1,75,75119,2,2,1,6,BOULEVARD DE LA VILLETTE,48.873825,2.37511
566,201900010476,138 286 977,A01,1,1,0,2,8,5,5,,22,4,2019,17:20,1,75,75119,2,3,1,3,RUE LALLY TOLLENDAL,48.88285,2.374543
567,201900010476,138 286 979,B01,1,32,0,2,8,5,1,,22,4,2019,17:20,1,75,75119,2,3,1,3,RUE LALLY TOLLENDAL,48.88285,2.374543
568,201900010477,138 286 976,Z01,1,30,0,1,1,1,0,,22,4,2019,15:57,1,75,75119,2,1,1,6,BOULEVARD DE LA VILLETTE,48.875582,2.373113
569,201900010480,138 286 970,A01,2,50,0,2,1,1,3,,19,4,2019,18:50,1,75,75119,2,2,1,3,AVENUE JEAN JAURES,48.885984,2.382151
570,201900010482,138 286 966,A01,1,30,0,2,1,15,3,,18,4,2019,18:35,1,75,75119,2,2,1,3,BOULEVARD D INDOCHINE,48.886288,2.396293
571,201900010482,138 286 967,B01,2,32,0,2,1,1,1,,18,4,2019,18:35,1,75,75119,2,2,1,3,BOULEVARD D INDOCHINE,48.886288,2.396293
572,201900010484,138 286 964,B01,2,33,0,2,1,1,1,,18,4,2019,09:48,1,75,75119,2,1,1,3,RUE RIQUET,48.888985,2.372419
573,201900010486,138 286 959,B01,2,33,0,2,1,1,1,,28,4,2019,12:50,1,75,75118,2,2,2,3,RUE CAULAINCOURT,48.887508,2.333376
574,201900010488,138 286 954,B01,2,60,0,2,8,1,5,,28,4,2019,01:15,5,75,75118,2,2,2,3,RUE ORDENER,48.890271,2.359918
575,201900010490,138 286 950,B01,1,2,0,2,2,1,1,,26,4,2019,12:40,1,75,75118,2,1,1,3,BOULEVARD NEY,48.897689,2.334931
576,201900010493,138 286 948,A01,2,30,0,2,8,17,1,,25,4,2019,22:50,3,75,75118,2,3,1,3,RUE DES POISSONNIERS,48.892338,2.352192
577,201900010494,138 286 942,B01,1,50,0,2,1,7,3,,23,4,2019,09:33,1,75,75118,2,1,1,2,BOULEVARD ORNANO,48.894155,2.347541
578,201900010497,138 286 940,B01,1,33,0,2,1,17,1,,18,4,2019,13:10,1,75,75118,2,2,1,3,BOULEVARD BARBES,48.891544,2.349622
579,201900010499,138 286 933,A01,1,32,0,2,1,13,1,,27,4,2019,17:30,1,75,75117,2,3,2,3,RUE GUSTAVE CHARPENTIER,48.880634,2.28107
580,201900010500,138 286 931,A01,1,33,0,2,1,11,1,,26,4,2019,10:50,1,75,75117,2,4,1,3,BOULEVARD DU FORT DE VAUX,48.891829,2.301583
581,201900010501,138 286 928,A01,3,1,0,2,8,19,5,,25,4,2019,19:25,1,75,75117,2,1,1,3,BOULEVARD DE REIMS,48.891124,2.299223
582,201900010502,138 286 926,A01,1,30,0,2,8,18,1,,25,4,2019,11:45,1,75,75117,2,7,1,2,AVENUE PAUL ADAM,48.887306,2.297835
583,201900010502,138 286 927,B01,1,1,0,2,0,1,5,,25,4,2019,11:45,1,75,75117,2,7,1,2,AVENUE PAUL ADAM,48.887306,2.297835
584,201900010505,138 286 925,B01,1,2,0,2,7,7,1,,22,4,2019,23:05,5,75,75117,2,4,1,3,RUE GUTTIN,48.894908,2.3153
585,201900010506,138 286 919,A01,1,32,0,2,2,1,1,,22,4,2019,09:50,1,75,75117,2,1,1,3,AVENUE DE LA PORTE DE CHAMPERRET,48.886256,2.286866
586,201900010508,138 286 916,Z01,1,32,1,2,0,1,1,,20,4,2019,20:50,5,75,75117,2,4,1,3,RUE ANDRE BRECHET,48.89894,2.326379
587,201900010512,138 286 908,A01,2,33,0,2,7,17,1,,18,4,2019,19:10,1,75,75117,2,1,1,3,AVENUE NIEL,48.882561,2.296205
588,201900010516,138 286 900,B01,1,33,0,2,1,1,1,,26,4,2019,17:05,1,75,75116,2,2,1,3,AVENUE DU PRESIDENT WILSON,48.86511,2.298894
589,201900010518,138 286 897,B01,3,1,0,2,2,17,5,,26,4,2019,15:40,1,75,75116,2,2,1,3,ALLEE DE LA REINE MARGUERITE,48.858565,2.244883
590,201900010519,138 286 895,A01,1,32,0,1,1,17,1,,25,4,2019,17:00,1,75,75116,2,3,1,6,AVENUE PAUL DOUMER,48.859906,2.279722
591,201900010522,138 286 891,A01,2,34,0,1,1,1,3,,23,4,2019,12:30,1,75,75116,2,2,1,6,AVENUE MARCEAU,48.870941,2.297507
592,201900010524,138 286 889,A01,1,33,0,2,2,17,1,,23,4,2019,18:20,1,75,75116,2,1,1,3,AVENUE KLEBER,48.865461,2.28901
593,201900010526,138 286 886,A01,2,2,0,2,1,1,1,,22,4,2019,18:00,1,75,75116,2,2,1,3,BOULEVARD SUCHET,48.857361,2.264669
594,201900010528,138 286 881,B01,1,31,0,2,1,1,1,,22,4,2019,15:00,1,75,75116,2,2,1,3,AVENUE VICTOR HUGO,48.871163,2.288856
595,201900010529,138 286 879,B01,1,2,0,2,1,1,1,,22,4,2019,11:15,1,75,75116,2,7,1,3,PLACE VICTOR HUGO,48.869526,2.285564
596,201900010530,138 286 878,A01,2,80,1,2,4,2,3,,22,4,2019,01:30,5,75,75116,2,1,1,6,BOULEVARD MURAT,48.843394,2.256569
597,201900010532,138 286 873,Z01,3,33,0,1,1,1,0,,21,4,2019,16:22,1,75,75116,2,7,1,6,PLACE DU TROCADERO ET DU 11 NOVEMBRE,48.862537,2.286824
598,201900010534,138 286 870,B01,2,1,0,2,1,1,5,,18,4,2019,20:20,1,75,75116,2,1,1,3,ROUTE DES TRIBUNES,48.861024,2.229922
599,201900010535,138 286 869,B01,2,32,0,2,8,9,1,,19,4,2019,15:30,1,75,75116,2,1,1,3,AVENUE KLEBER,48.865846,2.289292
600,201900010546,138 286 851,A01,2,30,11,0,2,14,3,,28,4,2019,02:45,5,75,75115,2,2,1,6,BOULEVARD GARIBALDI,48.84575,2.309531
601,201900010603,138 286 752,A01,2,1,0,1,4,1,5,,7,8,2019,21:00,2,75,75105,2,2,1,6,QUAI DE LA TOURNELLE,48.8511324,2.3513039
602,201900010605,138 286 750,A01,1,32,0,1,1,1,1,,8,8,2019,16:30,1,75,75120,2,4,1,6,RUE BELGRAND,48.8646091,2.4059791
603,201900010607,138 286 748,A01,1,30,0,2,5,17,1,,7,8,2019,01:50,5,75,75120,2,5,1,3,AVENUE GAMBETTA,48.868333,2.401411
604,201900010608,138 286 745,A01,2,2,0,2,2,5,1,,8,8,2019,08:55,1,75,75119,2,4,1,3,AVENUE JEAN JAURES,48.8830526,2.3714871
605,201900010609,138 286 743,A01,2,43,0,2,2,17,1,,7,8,2019,18:10,1,75,75119,2,3,1,2,AVENUE JEAN JAURES,48.8851037,2.3787689
606,201900010610,138 286 742,A01,1,30,0,2,1,1,1,,9,8,2019,11:50,1,75,75117,2,2,8,3,BOULEVARD NEY,48.8976429,2.3289889
607,201900010611,138 286 740,B01,1,32,0,2,3,18,1,,8,8,2019,21:00,3,75,75118,2,2,1,3,RUE DAMREMONT,48.890542,2.334294
608,201900010612,138 286 738,A01,1,33,0,2,1,1,1,,10,8,2019,19:30,1,75,75108,2,5,1,3,BOULEVARD DE COURCELLES,48.8791319,2.3031324
609,201900010613,138 286 735,A01,2,33,0,2,2,1,1,,10,8,2019,16:00,1,75,75117,2,3,1,3,RUE DE ROME,48.884651,2.31786
610,201900010614,138 286 733,A01,1,33,9,2,4,23,1,,9,8,2019,15:15,1,75,75117,2,2,1,2,RUE DE ROME,48.885671,2.316824
611,201900010615,138 286 732,B01,2,30,0,2,1,1,1,,8,8,2019,14:15,1,75,75117,2,2,1,3,RUE DE TOCQUEVILLE,48.883273,2.3127012
612,201900010616,138 286 728,A01,1,30,0,2,1,1,1,,6,8,2019,16:45,1,75,75117,2,2,3,6,RUE FOURCROY,48.881314,2.298542
613,201900010617,138 286 726,A01,1,30,0,0,7,1,1,,6,8,2019,14:10,1,75,75117,2,7,3,7,BOULEVARD BERTHIER,48.8872293,2.2979795
614,201900010618,138 286 725,B01,1,43,0,2,2,1,1,,10,8,2019,13:45,1,75,75116,2,2,1,3,RUE DE LA TOUR,48.8602469,2.2810632
615,201900010622,138 286 717,B01,2,43,0,2,3,1,1,,7,8,2019,11:40,1,75,75116,2,4,1,3,AVENUE D IENA,48.8717238,2.2953842
616,201900010623,138 286 716,C01,2,30,0,2,5,23,1,,10,8,2019,19:00,1,75,75114,2,1,1,4,RUE RAYMOND LOSSERAND,48.834118,2.31841
617,201900010624,138 286 713,A01,2,30,0,2,1,5,1,,10,8,2019,15:25,1,75,75113,2,1,1,3,RUE BOBILLOT,48.828926,2.353382
618,201900010625,138 286 710,B01,2,30,0,2,8,1,1,,10,8,2019,09:20,1,75,75113,2,9,1,3,AVENUE D ITALIE,48.8277745,2.3567873
619,201900010626,138 286 709,A01,1,30,1,0,1,13,1,,31,5,2019,02:30,5,75,75113,2,4,1,6,AVENUE D IVRY,48.82567,2.361032
620,201900010627,138 286 708,B01,1,1,0,2,1,1,5,,10,8,2019,14:40,1,75,75112,2,3,1,3,BOULEVARD SOULT,48.8373405,2.408157
621,201900010628,138 286 706,B01,2,30,0,2,6,1,3,,10,8,2019,08:55,1,75,75112,2,2,1,3,AVENUE DAUMESNIL,48.8442518,2.3814681
622,201900010632,138 286 699,A01,1,1,1,0,1,13,5,,7,8,2019,17:10,1,75,75111,2,3,1,6,BOULEVARD RICHARD LENOIR,48.8600775,2.3725909
623,201900010633,138 286 698,A01,1,32,0,2,1,18,1,,7,8,2019,12:35,1,75,75111,2,3,1,3,BOULEVARD RICHARD LENOIR,48.857038,2.371239
624,201900010635,138 286 694,A01,1,30,0,2,7,1,1,,8,8,2019,18:45,1,75,75110,2,2,1,3,PLACE DE LA REPUBLIQUE,48.8685117,2.3629993
625,201900010636,138 286 691,B01,1,1,0,2,1,1,5,,10,8,2019,12:30,1,75,75109,2,2,1,3,RUE DE PROVENCE,48.8742349,2.3352668
626,201900010638,138 286 687,A01,1,50,0,1,1,1,3,,6,8,2019,18:10,1,75,75109,2,2,2,6,RUE DE PROVENCE,48.8741926,2.337175
627,201900010640,138 286 684,A01,2,33,0,2,2,1,1,,7,8,2019,20:30,1,75,75108,2,2,1,3,RUE DE ROME,48.878742,2.322267
628,201900010641,138 286 682,B01,2,33,0,2,1,1,1,,8,8,2019,21:40,5,75,75104,2,2,1,3,RUE SAINT ANTOINE,48.8537457,2.3656708
629,201900010642,138 286 680,B01,2,31,0,2,1,16,1,,9,8,2019,17:44,1,75,75101,2,3,8,5,RUE DU LOUVRE,48.8630541,2.3418656
630,201900010643,138 286 677,B01,2,33,0,2,2,1,1,,8,8,2019,15:30,1,75,75101,2,1,1,3,RUE DE RICHELIEU,48.8650535,2.3365206
631,201900010823,138 286 367,B01,2,33,0,2,7,1,1,,5,7,2019,15:10,1,75,75113,2,1,1,3,PORTE D ITALIE,48.818667,2.370669
632,201900010824,138 286 366,A01,2,31,0,2,1,11,1,,5,7,2019,09:00,1,75,75118,2,1,1,3,PORTE DE CLIGNANCOURT,48.901208,2.353476
633,201900010825,138 286 364,A01,2,33,4,2,1,2,1,,4,7,2019,20:30,1,75,75117,2,1,1,6,PORTE D ASNIERES,48.891517,2.300389
634,201900010826,138 286 362,B01,1,33,0,2,2,1,1,,4,7,2019,18:40,1,75,75120,2,1,1,3,PORTE DES LILAS,48.873182,2.411905
635,201900010827,138 286 359,A01,1,43,14,2,3,11,1,,4,7,2019,09:35,1,75,75114,2,1,1,6,PORTE DE CHATILLON,48.82324,2.31165
636,201900010827,138 286 360,Z01,1,33,0,2,0,3,0,,4,7,2019,09:35,1,75,75114,2,1,1,6,PORTE DE CHATILLON,48.82324,2.31165
637,201900010828,138 286 358,A01,1,33,0,0,0,3,1,,3,7,2019,18:00,1,75,75117,2,1,1,7,PORTE DE CLICHY,48.897468,2.312269
638,201900010829,138 286 356,A01,1,33,0,2,1,2,1,,3,7,2019,09:25,1,75,75118,2,1,1,2,PORTE DE LA CHAPELLE,48.900728,2.362969
639,201900010830,138 286 354,B01,2,31,0,2,8,3,1,,3,7,2019,08:10,1,75,75118,2,1,1,4,PORTE DE CLIGNANCOURT,48.901134,2.348011
640,201900010831,138 286 351,B01,1,33,0,2,3,1,1,,5,7,2019,17:16,1,75,75114,2,1,1,3,BOULEVARD PERIPHERIQUE EXTERIEUR SUD,48.819133,2.329596
641,201900010833,138 286 347,B01,1,33,0,2,2,9,1,,3,7,2019,09:35,1,75,75112,2,4,1,3,BOULEVARD PERIPHERIQUE,48.842022,2.413599
642,201900010834,138 286 346,A01,1,30,0,1,1,5,3,,5,7,2019,20:40,1,75,75105,2,1,1,6,QUAI SAINT BERNARD,48.847852,2.359476
643,201900010835,138 286 345,A01,2,1,0,1,1,7,5,,5,7,2019,10:55,1,75,75106,2,7,1,6,BOULEVARD SAINT GERMAIN,48.852478,2.338739
644,201900010836,138 286 342,C01,2,1,0,2,3,7,5,,5,7,2019,09:05,1,75,75106,2,1,1,4,BOULEVARD SAINT MICHEL,48.841135,2.337403
645,201900010836,138 286 343,B01,2,1,0,2,3,7,5,,5,7,2019,09:05,1,75,75106,2,1,1,4,BOULEVARD SAINT MICHEL,48.841135,2.337403
646,201900010838,138 286 339,B01,2,31,0,2,1,1,1,,4,7,2019,17:45,1,75,75106,2,2,1,3,BOULEVARD RASPAIL,48.843016,2.32919
647,201900010840,138 286 336,A01,2,30,0,2,1,1,1,,4,7,2019,14:36,1,75,75120,2,1,1,1,AVENUE GAMBETTA,48.866995,2.400344
648,201900010841,138 286 334,A01,1,32,0,1,7,1,1,,3,7,2019,13:15,1,75,75120,2,2,1,6,RUE DES COURONNES,48.870212,2.384447
649,201900010842,138 286 332,A01,1,33,0,2,1,5,1,,4,7,2019,02:30,5,75,75120,2,3,1,3,AVENUE GAMBETTA,48.864106,2.392218
650,201900010843,138 286 330,A01,2,30,0,1,1,17,3,,5,7,2019,10:10,1,75,75119,2,3,1,6,AVENUE JEAN JAURES,48.883103,2.371478
651,201900010844,138 286 329,A01,2,1,0,2,7,2,5,,4,7,2019,14:23,1,75,75119,2,3,1,2,RUE DE BELLEVILLE,48.872534,2.378545
652,201900010845,138 286 327,A01,3,1,0,2,3,1,5,,3,7,2019,23:00,5,75,75119,2,7,1,6,AVENUE DE FLANDRE,48.89443,2.381497
653,201900010846,138 286 325,A01,2,30,0,1,6,1,1,,5,7,2019,19:20,1,75,75118,2,1,1,6,RUE ORDENER,48.890284,2.359179
654,201900010847,138 286 323,B01,2,32,0,2,1,1,1,,5,7,2019,15:20,1,75,75118,2,2,1,6,AVENUE DE CLICHY,48.885834,2.326371
655,201900010847,138 286 324,Z01,3,50,0,2,0,19,3,,5,7,2019,15:20,1,75,75118,2,2,1,6,AVENUE DE CLICHY,48.885834,2.326371
656,201900010848,138 286 321,A01,2,34,0,2,7,3,1,,3,7,2019,08:13,1,75,75118,2,7,1,4,RUE DE LA CHAPELLE,48.890237,2.359914
657,201900010850,138 286 316,A01,1,33,0,2,7,5,1,,5,7,2019,18:00,1,75,75117,2,4,1,3,AVENUE MAC MAHON,48.876618,2.294615
658,201900010851,138 286 315,A01,1,30,11,0,0,13,1,,5,7,2019,17:10,1,75,75117,2,7,1,6,BOULEVARD BERTHIER,48.887211,2.297967
659,201900010853,138 286 313,A01,2,1,0,2,3,14,5,,6,7,2019,06:20,2,75,75116,2,1,1,3,BOULEVARD D AUTEUIL,48.845447,2.254039
660,201900010854,138 286 310,A01,1,30,0,2,4,2,1,,5,7,2019,17:30,1,75,75116,2,2,1,6,ALLEE DE LONGCHAMP,48.872526,2.264434
661,201900010855,138 286 309,B01,1,33,0,2,3,1,1,,4,7,2019,21:00,1,75,75116,2,7,1,3,PLACE CHARLES DE GAULLE,48.874037,2.294195
662,201900010857,138 286 305,B01,1,1,0,2,1,1,5,,5,7,2019,02:00,4,75,75116,2,1,1,1,VOIE GEORGES POMPIDOU,48.851477,2.279832
663,201900010857,138 286 306,A01,2,80,0,2,1,1,2,,5,7,2019,02:00,4,75,75116,2,1,1,1,VOIE GEORGES POMPIDOU,48.851477,2.279832
664,201900010858,138 286 304,A01,2,31,0,2,2,2,1,,4,7,2019,20:15,1,75,75116,2,1,1,2,RUE CHARDON LAGACHE,48.844807,2.266461
665,201900010861,138 286 298,A01,2,31,12,0,1,14,1,,6,7,2019,20:45,2,75,75115,2,1,7,6,BOULEVARD GARIBALDI,48.846637,2.306412
666,201900010862,138 286 296,A01,2,30,0,2,2,1,1,,6,7,2019,18:45,1,75,75114,2,2,1,3,RUE D ALESIA,48.830513,2.319294