,Num_Acc,id_vehicule,num_veh,senc,catv,obs,obsm,choc,manv,motor,occutc,jour,mois,an,hrmn,lum,dep,com,agg,int,atm,col,adr,lat,long
667,201900010863,138 286 295,A01,2,33,0,1,7,1,1,,5,7,2019,08:50,1,75,75115,2,2,1,6,RUE DE VAUGIRARD,48.837394,2.296726
668,201900010864,138 286 293,B01,2,1,0,2,1,1,5,,5,7,2019,18:00,1,75,75114,2,3,1,3,BOULEVARD JOURDAN,48.819599,2.341928
669,201900010866,138 286 291,B01,2,1,0,2,1,1,5,,5,7,2019,23:45,5,75,75113,2,4,1,3,BOULEVARD MASSENA,48.82267,2.372843
670,201900010867,138 286 288,B01,2,1,0,2,1,1,5,,5,7,2019,20:00,1,75,75113,2,2,1,3,BOULEVARD ARAGO,48.835011,2.34504
671,201900010869,138 286 283,B01,2,33,0,2,2,1,1,,4,7,2019,09:40,1,75,75112,2,1,1,3,BOULEVARD SOULT,48.837483,2.408016
672,201900010870,138 286 281,B01,2,1,0,2,3,16,5,,5,7,2019,12:45,1,75,75111,2,2,1,3,AVENUE DE LA REPUBLIQUE,48.865998,2.37068
673,201900010871,138 286 279,A01,2,30,0,2,6,15,1,,4,7,2019,20:20,1,75,75111,2,2,1,3,BOULEVARD VOLTAIRE,48.858707,2.378525
674,201900010871,138 286 280,B01,2,30,0,2,1,17,1,,4,7,2019,20:20,1,75,75111,2,2,1,3,BOULEVARD VOLTAIRE,48.858707,2.378525
675,201900010872,138 286 278,B01,2,1,0,2,0,1,5,,4,7,2019,09:10,1,75,75104,2,2,1,3,BOULEVARD BEAUMARCHAIS,48.854025,2.368933
676,201900010873,138 286 275,A01,1,30,0,2,1,1,1,,3,7,2019,04:50,5,75,75111,2,2,1,3,RUE DU CHEMIN VERT,48.860314,2.378685
677,201900010874,138 286 273,B01,1,1,0,2,8,19,5,,6,7,2019,14:50,1,75,75110,2,5,1,3,BOULEVARD DE MAGENTA,48.878525,2.35404
678,201900010875,138 286 272,A01,1,1,0,2,8,13,5,,2,7,2019,14:35,1,75,75109,2,1,1,3,RUE LA FAYETTE,48.873228,2.333892
679,201900010876,138 286 270,B01,2,33,0,2,4,23,1,,6,7,2019,15:00,1,75,75108,2,3,1,2,AVENUE DES CHAMPS ELYSEES,48.871091,2.303478
680,201900010877,138 286 268,B01,1,33,0,2,6,1,1,,5,7,2019,17:55,1,75,75116,2,7,7,3,PLACE CHARLES DE GAULLE,48.873155,2.29515
681,201900010878,138 286 265,B01,1,32,0,2,3,1,1,,5,7,2019,00:40,4,75,75107,2,1,1,3,BOULEVARD DES INVALIDES,48.854668,2.314789
682,201900010879,138 286 263,B01,1,80,0,2,8,1,3,,4,7,2019,17:25,1,75,75107,2,3,1,1,QUAI D ORSAY,48.862865,2.315185
683,201900010880,138 286 262,A01,2,33,0,2,2,21,1,,5,7,2019,19:33,1,75,75104,2,1,1,3,QUAI HENRI IV,48.848045,2.363784
684,201900010881,138 286 259,B01,2,43,0,2,0,1,1,,5,7,2019,13:30,1,75,75103,2,2,1,3,RUE SAINT MARTIN,48.868436,2.355315
685,201900010881,138 286 260,A01,2,50,0,2,8,13,3,,5,7,2019,13:30,1,75,75103,2,2,1,3,RUE SAINT MARTIN,48.868436,2.355315
686,201900010882,138 286 258,A01,1,43,0,1,0,1,1,,4,7,2019,19:45,1,75,75102,2,1,1,6,BOULEVARD DES CAPUCINES,48.870883,2.333653
687,201900011033,138 285 994,A01,1,33,0,0,1,1,1,,22,11,2019,16:45,1,75,75118,2,1,1,7,BD PERIPHERIQUE INTERIEUR,48.9006612,2.3657831
688,201900011034,138 285 993,B01,1,33,0,2,2,3,1,,21,11,2019,08:30,1,75,75114,2,1,1,3,BD PERIPHERIQUE INTERIEUR,48.822945,2.312951
689,201900011036,138 285 990,A01,1,1,0,1,8,7,5,,21,11,2019,20:40,5,75,75106,2,7,1,6,PLACE SAINT MICHEL,48.8537523,2.3442794
690,201900011037,138 285 988,A01,2,50,0,2,3,18,3,,21,11,2019,15:10,1,75,75106,2,2,1,3,BOULEVARD SAINT GERMAIN,48.852895,2.337002
691,201900011038,138 285 987,B01,2,1,0,2,1,1,5,,22,11,2019,17:00,5,75,75119,2,1,1,3,AVENUE JEAN JAURES,48.884462,2.376636
692,201900011040,138 285 983,Z01,2,30,0,1,1,5,0,,21,11,2019,22:45,5,75,75118,2,1,2,6,RUE DU POTEAU,48.893124,2.343163
693,201900011041,138 285 981,B01,2,80,0,2,3,1,2,,21,11,2019,20:40,5,75,75117,2,2,1,3,BOULEVARD PEREIRE,48.8873882,2.3139579
694,201900011041,138 285 982,A01,1,43,0,2,3,15,1,,21,11,2019,20:40,5,75,75117,2,2,1,3,BOULEVARD PEREIRE,48.8873882,2.3139579
695,201900011042,138 285 980,A01,1,30,0,2,7,1,3,,21,11,2019,22:40,5,75,75116,2,1,1,6,ROUTE DE LA PTE DAUPHINE A LA PTE DES SA,48.8742289,2.2714786
696,201900011045,138 285 976,B01,2,2,0,2,1,1,1,,22,11,2019,08:45,1,75,75115,2,7,1,3,PLACE DES INSURGES DE VARSOVIE,48.8274005,2.2921603
697,201900011046,138 285 973,B01,1,33,0,2,0,17,1,,22,11,2019,18:30,5,75,75113,2,1,1,3,RUE JACQUES DESTREE,48.8171914,2.3543353
698,201900011047,138 285 972,A01,1,33,0,2,3,17,1,,22,11,2019,09:58,1,75,75113,2,1,1,6,RUE DE LA GLACIERE,48.837253,2.345443
699,201900011049,138 285 968,A01,1,1,0,1,2,1,5,,22,11,2019,15:15,1,75,75109,2,3,1,6,RUE DE MONTHOLON,48.87657,2.3461103
700,201900011050,138 285 967,A01,2,50,0,0,1,1,3,,22,11,2019,15:00,1,75,75108,2,1,1,7,COURS ALBERT 1ER,48.8648232,2.3059758
701,201900011051,138 285 965,A01,1,43,0,2,3,9,1,,21,11,2019,16:40,2,75,75101,2,7,2,3,PLACE DU PALAIS ROYAL,48.86244,2.336263
702,201900011189,138 285 715,A01,1,1,0,2,1,21,5,,20,7,2019,13:52,1,75,75105,2,2,1,2,RUE SAINT JACQUES,48.8502089,2.3452202
703,201900011302,138 285 493,A01,2,32,0,2,1,2,1,,15,12,2019,13:30,1,75,75116,2,1,1,2,BD PERIPHERIQUE EXTERIEUR,48.875228,2.276512
704,201900011303,138 285 491,A01,1,43,12,0,1,13,1,,18,12,2019,03:11,5,75,75112,2,1,1,6,QUAI DE LA RAPEE,48.8434379,2.3701943
705,201900011304,138 285 489,B01,2,33,0,2,8,15,1,,17,12,2019,17:45,5,75,75106,2,2,1,3,BOULEVARD SAINT GERMAIN,48.8544771,2.3304654
706,201900011307,138 285 486,Z01,2,2,0,1,1,17,1,,17,12,2019,13:10,1,75,75119,2,1,1,6,AVENUE JEAN JAURES,48.8838732,2.3743719
707,201900011308,138 285 484,A01,2,50,0,2,0,14,3,,16,12,2019,20:50,5,75,75118,2,1,1,3,RUE ORDENER,48.891307,2.350999
708,201900011310,138 285 481,B01,1,1,0,2,1,1,5,,16,12,2019,20:50,5,75,75117,2,1,1,3,BOULEVARD MALESHERBES,48.884809,2.307714
709,201900011311,138 285 480,A01,2,1,0,1,1,5,5,,17,12,2019,16:15,1,75,75116,2,1,2,6,RUE DE LA POMPE,48.8696621,2.2823882
710,201900011312,138 285 478,B01,2,31,0,2,1,1,1,,17,12,2019,06:00,5,75,75116,2,2,1,6,AVENUE DE L HIPPODROME,48.8623009,2.2383142
711,201900011313,138 285 476,B01,1,33,0,2,7,5,1,,18,12,2019,18:00,5,75,75115,2,2,1,3,QUAI DE GRENELLE,48.850648,2.28404
712,201900011314,138 285 474,B01,2,33,0,2,1,23,1,,16,12,2019,17:50,2,75,75115,2,1,1,2,RUE CASTAGNARY,48.83289,2.308463
713,201900011315,138 285 473,A01,2,30,0,2,7,21,1,,18,12,2019,16:40,2,75,75114,2,1,1,7,RUE D ALESIA,48.8294096,2.3223617
714,201900011318,138 285 469,B01,2,33,0,2,1,5,1,,18,12,2019,12:45,1,75,75113,2,1,1,3,AVENUE PIERRE DE COUBERTIN,48.8179806,2.344197
715,201900011319,138 285 467,Z01,1,34,0,2,7,1,0,,17,12,2019,23:40,5,75,75113,2,3,1,6,AVENUE DES GOBELINS,48.834906,2.353177
716,201900011319,138 285 468,A01,1,1,0,2,6,15,5,,17,12,2019,23:40,5,75,75113,2,3,1,6,AVENUE DES GOBELINS,48.834906,2.353177
717,201900011320,138 285 465,B01,1,1,0,2,1,16,5,,17,12,2019,09:03,1,75,75113,2,3,1,3,BOULEVARD KELLERMANN,48.8209896,2.3506273
718,201900011320,138 285 466,A01,1,33,0,2,2,16,1,,17,12,2019,09:03,1,75,75113,2,3,1,3,BOULEVARD KELLERMANN,48.8209896,2.3506273
719,201900011321,138 285 463,B01,1,1,0,2,6,13,5,,18,12,2019,07:15,2,75,75112,2,1,1,3,QUAI DE LA RAPEE,48.8393467,2.375312
720,201900011321,138 285 464,A01,1,1,0,2,1,17,5,,18,12,2019,07:15,2,75,75112,2,1,1,3,QUAI DE LA RAPEE,48.8393467,2.375312
721,201900011322,138 285 461,A01,2,1,0,2,3,13,5,,18,12,2019,16:25,1,75,75111,2,2,1,1,BOULEVARD VOLTAIRE,48.859742,2.376877
722,201900011322,138 285 462,B01,1,1,0,2,1,1,5,,18,12,2019,16:25,1,75,75111,2,2,1,1,BOULEVARD VOLTAIRE,48.859742,2.376877
723,201900011323,138 285 460,A01,1,1,0,2,8,7,5,,18,12,2019,22:45,5,75,75110,2,5,1,6,BOULEVARD DE DENAIN,48.878522,2.354068
724,201900011324,138 285 457,Z01,1,33,0,2,4,23,0,,17,12,2019,11:15,1,75,75110,2,1,1,6,BOULEVARD DE STRASBOURG,48.8708985,2.3551433
725,201900011324,138 285 458,A01,1,32,0,2,3,2,1,,17,12,2019,11:15,1,75,75110,2,1,1,6,BOULEVARD DE STRASBOURG,48.8708985,2.3551433
726,201900011326,138 285 455,Z01,2,50,0,1,1,5,3,,18,12,2019,20:20,5,75,75108,2,3,1,6,RUE D AMSTERDAM,48.878714,2.326977
727,201900011327,138 285 454,B01,2,33,0,2,1,1,1,,18,12,2019,19:10,5,75,75108,2,2,1,3,BOULEVARD DES BATIGNOLLES,48.88199,2.32053
728,201900011328,138 285 452,A01,1,43,14,0,8,14,1,,18,12,2019,17:35,5,75,75108,2,4,1,6,AVENUE DES CHAMPS ELYSEES,48.8661051,2.3191237
729,201900011329,138 285 451,A01,2,50,12,0,0,14,3,,18,12,2019,16:10,1,75,75108,2,4,1,6,AVENUE MONTAIGNE,48.867612,2.307719
730,201900011330,138 285 449,B01,2,43,0,2,1,1,1,,18,12,2019,13:50,1,75,75117,2,5,1,3,BOULEVARD DE COURCELLES,48.879153,2.3030841
731,201900011330,138 285 450,A01,1,1,0,2,3,1,5,,18,12,2019,13:50,1,75,75117,2,5,1,3,BOULEVARD DE COURCELLES,48.879153,2.3030841
732,201900011331,138 285 447,A01,1,30,0,2,8,18,1,,18,12,2019,10:50,1,75,75108,2,1,1,3,RUE DE ROME,48.876299,2.323544
733,201900011332,138 285 445,B01,1,80,0,2,6,1,3,,18,12,2019,10:00,1,75,75108,2,6,1,3,ROND POINT CHAMPS ELYSEES MARCEL DASSAUL,48.868292,2.310176
734,201900011333,138 285 444,A01,2,33,0,2,0,17,1,,17,12,2019,14:45,1,75,75108,2,2,1,3,AVENUE MARCEAU,48.8685611,2.2989106
735,201900011334,138 285 441,B01,1,2,0,2,1,7,1,,17,12,2019,14:45,1,75,75108,2,2,8,3,AVENUE MATIGNON,48.871748,2.314172
736,201900011335,138 285 440,B01,1,1,0,2,4,23,5,,18,12,2019,20:00,5,75,75107,2,7,1,2,ROND POINT DU BLEUET DE FRANCE,48.8588564,2.3129869
737,201900011336,138 285 437,A01,1,1,0,2,1,12,5,,18,12,2019,17:10,5,75,75107,2,2,1,3,BOULEVARD SAINT GERMAIN,48.859996,2.321688
738,201900011336,138 285 438,B01,1,32,0,2,0,1,1,,18,12,2019,17:10,5,75,75107,2,2,1,3,BOULEVARD SAINT GERMAIN,48.859996,2.321688
739,201900011339,138 285 434,A01,1,1,0,0,0,21,5,,18,12,2019,20:20,5,75,75104,2,3,1,7,QUAI DES CELESTINS,48.85236,2.360489
740,201900011426,138 285 250,A01,2,32,0,0,0,1,1,,14,9,2019,19:10,2,75,75119,2,1,1,7,BD PERIPHERIQUE EXTERIEUR,48.8936086,2.395259
741,201900011427,138 285 249,A01,2,42,0,2,1,2,1,,14,9,2019,17:45,1,75,75112,2,1,1,2,BD PERIPHERIQUE EXTERIEUR,48.830171,2.402188
742,201900011429,138 285 244,A01,1,33,0,2,3,3,1,,13,9,2019,17:20,1,75,75118,2,1,1,4,BD PERIPHERIQUE EXTERIEUR,48.900764,2.330242
743,201900011431,138 285 238,A01,2,1,0,2,0,19,5,,14,9,2019,20:30,5,75,75112,2,1,1,6,COURS DE VINCENNES,48.847071,2.410751
744,201900011433,138 285 234,A01,1,1,0,2,1,1,5,,14,9,2019,16:40,1,75,75113,2,3,1,2,BOULEVARD KELLERMANN,48.820661,2.34945
745,201900011435,138 285 230,A01,2,50,14,0,7,1,3,,13,9,2019,10:20,1,75,75103,2,1,1,6,RUE DU VERTBOIS,48.866815,2.358997
746,201900011436,138 285 229,A01,1,50,0,1,1,1,3,,14,9,2019,20:00,5,75,75101,2,1,1,6,RUE DU PONT NEUF,48.8604725,2.3444512
747,201900011534,138 285 057,A01,1,33,0,2,1,3,1,,14,9,2019,15:40,1,75,75112,1,1,1,4,A4,48.8226755,2.4628931
748,201900011646,138 284 838,C01,1,32,0,2,1,1,1,,20,3,2019,17:40,1,75,75116,1,1,1,5,A13Y,48.84841,2.246932
749,201900011801,138 284 507,A01,1,33,0,1,8,3,1,,5,2,2019,15:45,1,75,75103,2,1,1,6,RUE DU GRENIER SAINT LAZARE,48.862826,2.353473
750,201900011802,138 284 506,B01,1,31,0,2,2,17,1,,6,2,2019,14:08,1,75,75117,2,3,1,3,RUE DES DAMES,48.884786,2.324781
751,201900011803,138 284 504,A01,3,33,0,0,3,1,1,,5,2,2019,11:00,1,75,75116,2,7,1,7,PLACE DE LA PORTE MAILLOT,48.877372,2.281363
752,201900011804,138 284 503,A01,2,30,0,0,7,1,1,,7,1,2019,20:50,5,75,75116,2,2,8,7,AVENUE MARCEAU,48.868534,2.298904
753,201900011805,138 284 502,B01,2,30,0,2,2,17,1,,6,2,2019,15:30,1,75,75115,2,3,1,3,RUE SAINT CHARLES,48.842853,2.28224
754,201900011808,138 284 496,Z01,1,1,0,1,0,1,5,,6,2,2019,16:30,2,75,75113,2,1,8,6,RUE DE TOLBIAC,48.826841,2.365209
755,201900011809,138 284 494,B01,1,2,0,2,1,1,1,,5,2,2019,22:25,5,75,75112,2,2,1,3,RUE DE BERCY,48.842113,2.376421
756,201900011810,138 284 492,A01,1,32,0,2,7,17,1,,6,2,2019,14:15,1,75,75111,2,3,1,3,RUE DE LA ROQUETTE,48.859203,2.386226
757,201900011811,138 284 491,B01,3,1,0,2,1,1,5,,6,2,2019,10:00,1,75,75110,2,2,1,3,RUE D ABBEVILLE,48.877908,2.351607
758,201900011812,138 284 489,B01,1,1,0,2,0,16,5,,5,2,2019,10:00,1,75,75109,2,3,1,3,RUE MAYRAN,48.87647,2.346181
759,201900011814,138 284 485,A01,3,32,12,0,0,16,1,,6,2,2019,16:40,1,75,75108,2,2,8,6,AVENUE DES CHAMPS ELYSEES,48.873136,2.297062
760,201900011970,138 284 183,A01,1,31,0,2,4,2,1,,16,10,2019,17:55,1,75,75108,2,7,2,2,PLACE DE LA CONCORDE,48.8666657,2.3220102
761,201900011970,138 284 184,B01,1,31,0,2,1,2,1,,16,10,2019,17:55,1,75,75108,2,7,2,2,PLACE DE LA CONCORDE,48.8666657,2.3220102
762,201900011971,138 284 182,A01,2,1,0,1,1,7,5,,17,10,2019,18:00,1,75,75106,2,4,8,6,BOULEVARD SAINT MICHEL,48.8469218,2.3406054
763,201900011972,138 284 181,B01,1,1,0,2,2,14,5,,17,10,2019,22:50,5,75,75111,2,2,1,3,BOULEVARD DE BELLEVILLE,48.868932,2.3804671
764,201900011973,138 284 178,B01,1,1,0,2,1,18,5,,17,10,2019,18:30,1,75,75120,2,3,1,3,BOULEVARD DAVOUT,48.8479425,2.4113542
765,201900011974,138 284 177,B01,3,50,0,2,1,9,3,,17,10,2019,17:50,1,75,75120,2,1,1,3,RUE DES HAIES,48.8535636,2.4018775
766,201900011976,138 284 174,A01,2,33,0,0,0,21,1,,17,10,2019,08:30,1,75,75108,2,4,2,7,BOULEVARD DES BATIGNOLLES,48.8832641,2.3267412
767,201900011978,138 284 172,A01,2,34,0,2,1,1,1,,16,10,2019,17:25,1,75,75116,2,1,2,3,AVENUE KLEBER,48.8707365,2.2928039
768,201900011981,138 284 166,A01,2,32,0,2,3,1,1,,17,10,2019,20:10,5,75,75113,2,4,2,6,BOULEVARD DE L HOPITAL,48.8386703,2.3608478
769,201900011983,138 284 163,A01,3,1,0,2,1,1,5,,16,10,2019,23:10,5,75,75113,2,3,2,6,QUAI D AUSTERLITZ,48.8383317,2.3727992
770,201900011985,138 284 160,A01,2,30,0,1,7,1,1,,17,10,2019,10:00,1,75,75111,2,3,8,7,RUE DU CHEMIN VERT,48.8581329,2.3719445
771,201900011986,138 284 159,A01,2,30,0,2,1,5,1,,17,10,2019,06:15,2,75,75111,2,5,2,3,AVENUE DE LA REPUBLIQUE,48.8640072,2.3811984
772,201900011987,138 284 156,B01,2,1,0,2,0,18,5,,16,10,2019,10:05,1,75,75111,2,1,2,3,AVENUE DE LA REPUBLIQUE,48.8648771,2.3765928
773,201900011989,138 284 152,B01,2,30,0,2,8,3,3,,17,10,2019,13:53,1,75,75108,2,7,1,4,PLACE SAINT AUGUSTIN,48.8756215,2.3189494
774,201900011990,138 284 149,B01,2,1,0,2,1,13,5,,17,10,2019,18:30,2,75,75102,2,2,8,3,RUE DE TURBIGO,48.8641035,2.3501137
775,201900011990,138 284 150,A01,1,80,0,2,1,1,2,,17,10,2019,18:30,2,75,75102,2,2,8,3,RUE DE TURBIGO,48.8641035,2.3501137
776,201900011991,138 284 147,A01,3,43,0,2,8,1,1,,17,10,2019,12:45,1,75,75104,2,2,1,3,QUAI D ORLEANS,48.8511358,2.3559247
777,201900011993,138 284 145,A01,2,30,0,1,1,5,1,,17,10,2019,18:30,5,75,75102,2,1,1,6,RUE SAINT AUGUSTIN,48.868881,2.334896
778,201900012088,138 283 961,Z01,1,33,0,2,8,16,1,,24,4,2019,13:35,1,75,75115,2,2,1,6,BOULEVARD DE GRENELLE,48.852723,2.290752
779,201900012088,138 283 962,A01,2,60,0,2,0,19,5,,24,4,2019,13:35,1,75,75115,2,2,1,6,BOULEVARD DE GRENELLE,48.852723,2.290752
780,201900012089,138 283 960,B01,1,50,1,0,5,1,3,,24,4,2019,11:30,1,75,75115,2,1,8,6,QUAI ANDRE CITROEN,48.846986,2.278821
781,201900012090,138 283 959,A01,2,32,0,0,3,1,1,,21,4,2019,13:45,1,75,75115,2,1,1,7,BOULEVARD GENERAL MARTIAL VALIN,48.837458,2.273081
782,201900012091,138 283 957,B01,1,1,0,2,1,1,5,,18,4,2019,19:00,1,75,75115,2,1,1,3,RUE LACRETELLE,48.832955,2.291971
783,201900012093,138 283 954,B01,1,32,0,2,1,1,1,,24,4,2019,10:00,1,75,75114,2,3,8,3,AVENUE REILLE,48.824472,2.338351
784,201900012096,138 283 950,A01,3,34,0,2,6,18,1,,19,4,2019,15:08,1,75,75114,2,4,1,3,BOULEVARD ROMAIN ROLLAND,48.822317,2.314207
785,201900012097,138 283 948,B01,1,2,0,2,7,1,1,,19,4,2019,08:55,1,75,75114,2,2,1,3,AVENUE DU GENERAL LECLERC,48.833224,2.331516
786,201900012099,138 283 944,A01,2,30,0,2,1,1,1,,27,4,2019,18:10,1,75,75113,2,1,1,3,AVENUE DE CHOISY,48.828761,2.357917
787,201900012100,138 283 942,A01,2,32,0,2,8,1,1,,27,4,2019,12:48,1,75,75113,2,3,1,3,QUAI PANHARD ET LEVASSOR,48.828101,2.384874
788,201900012102,138 283 938,A01,2,30,0,2,2,17,3,,25,4,2019,17:00,1,75,75113,2,2,1,3,BOULEVARD DE L HOPITAL,48.833259,2.356834
789,201900012103,138 283 936,B01,2,33,0,2,3,7,1,,24,4,2019,18:15,1,75,75113,2,2,1,3,AVENUE DES GOBELINS,48.835844,2.352513
790,201900012107,138 283 931,A01,1,33,0,2,8,18,1,,20,4,2019,19:30,1,75,75113,2,3,1,3,QUAI PANHARD ET LEVASSOR,48.830652,2.381754
791,201900012109,138 283 927,B01,1,34,0,2,2,1,1,,19,4,2019,12:30,1,75,75113,2,1,1,3,AVENUE DE CHOISY,48.830402,2.356609
792,201900012110,138 283 926,A01,1,43,0,2,1,2,1,,19,4,2019,09:40,1,75,75113,2,1,1,2,BOULEVARD MASSENA,48.823468,2.37474
793,201900012111,138 283 924,B01,1,33,0,2,5,17,1,,18,4,2019,15:45,1,75,75113,2,1,1,3,RUE DE TOLBIAC,48.828893,2.373694
794,201900012112,138 283 922,A01,2,1,1,0,7,14,5,,18,4,2019,05:45,5,75,75113,2,1,1,6,RUE DE LA GLACIERE,48.829185,2.343311
795,201900012113,138 283 921,B01,2,1,0,2,1,1,5,,25,4,2019,19:50,1,75,75112,2,2,1,3,RUE DE CHARENTON,48.846445,2.378942
796,201900012115,138 283 917,A01,1,32,0,2,1,17,1,,25,4,2019,01:20,5,75,75112,2,3,2,3,RUE DE REUILLY,48.846906,2.387136
797,201900012116,138 283 915,A01,2,32,0,2,2,17,1,,23,4,2019,07:50,1,75,75111,2,3,1,3,RUE DU FAUBOURG SAINT ANTOINE,48.851033,2.377233
798,201900012117,138 283 912,A01,1,30,0,2,9,1,3,,20,4,2019,01:00,5,75,75112,2,2,1,5,QUAI DE LA RAPEE,48.845853,2.367634
799,201900012119,138 283 910,B01,1,2,0,2,1,1,1,,18,4,2019,21:30,5,75,75112,2,1,1,3,AVENUE DAUMESNIL,48.845199,2.379668
800,201900012122,138 283 905,A01,2,32,0,2,3,21,1,,25,4,2019,08:00,1,75,75111,2,3,2,2,RUE JEAN PIERRE TIMBAUD,48.868402,2.379552
801,201900012122,138 283 906,B01,2,1,0,2,4,1,5,,25,4,2019,08:00,1,75,75111,2,3,2,2,RUE JEAN PIERRE TIMBAUD,48.868402,2.379552
802,201900012123,138 283 904,A01,2,1,0,1,1,1,5,,23,4,2019,08:45,1,75,75111,2,3,1,6,BOULEVARD JULES FERRY,48.868664,2.367065
803,201900012124,138 283 903,B01,1,1,0,2,8,1,5,,22,4,2019,20:45,2,75,75111,2,3,1,3,RUE DE LA ROQUETTE,48.859837,2.388755
804,201900012126,138 283 900,Z01,1,30,0,1,0,16,1,,20,4,2019,18:50,1,75,75111,2,2,1,6,RUE DES BLUETS,48.864008,2.381198
805,201900012127,138 283 898,B01,2,33,0,2,5,23,1,,19,4,2019,16:20,1,75,75111,2,2,1,3,BOULEVARD JULES FERRY,48.868663,2.36706
806,201900012130,138 283 895,A01,2,1,0,2,7,1,5,,18,4,2019,15:35,1,75,75111,2,2,1,3,RUE SEDAINE,48.857934,2.376999
807,201900012132,138 283 891,B01,2,1,0,2,5,13,5,,23,4,2019,12:10,1,75,75110,2,2,1,3,RUE LA FAYETTE,48.881334,2.364755
808,201900012134,138 283 888,B01,2,30,0,2,7,1,3,,19,4,2019,13:30,1,75,75110,2,3,1,3,RUE LA FAYETTE,48.882517,2.369251
809,201900012136,138 283 885,A01,1,1,0,2,0,1,5,,23,4,2019,22:37,5,75,75109,2,4,1,6,RUE DU FAUBOURG MONTMARTRE,48.873044,2.343058
810,201900012136,138 283 886,Z01,1,30,0,2,0,16,1,,23,4,2019,22:37,5,75,75109,2,4,1,6,RUE DU FAUBOURG MONTMARTRE,48.873044,2.343058
811,201900012137,138 283 883,A01,1,2,0,2,1,7,1,,22,4,2019,20:33,1,75,75109,2,7,1,3,PLACE BLANCHE,48.88362,2.332402
812,201900012138,138 283 882,A01,2,32,0,0,0,1,1,,28,4,2019,14:00,1,75,75117,2,2,2,7,BOULEVARD MALESHERBES,48.880852,2.312549
813,201900012139,138 283 881,B01,1,33,0,2,7,1,1,,26,4,2019,11:25,1,75,75117,2,2,1,3,BOULEVARD DE COURCELLES,48.880502,2.309472
814,201900012140,138 283 879,B01,1,33,0,2,6,1,1,,25,4,2019,19:40,1,75,75108,2,4,1,3,COURS LA REINE,48.864867,2.318235
815,201900012142,138 283 874,A01,2,1,11,0,1,12,5,,21,4,2019,17:30,1,75,75108,2,7,1,6,PLACE CLEMENCEAU,48.867739,2.313989
816,201900012143,138 283 873,Z01,3,30,8,0,0,14,0,,21,4,2019,02:10,3,75,75108,2,3,1,6,AVENUE EDWARD TUCK,48.865974,2.315632
817,201900012144,138 283 871,A01,1,30,0,2,3,2,1,,19,4,2019,07:00,1,75,75108,2,7,1,2,PLACE DE LA CONCORDE,48.866875,2.321181
818,201900012145,138 283 869,B01,1,30,0,2,2,1,1,,26,4,2019,10:30,1,75,75107,2,2,1,3,BOULEVARD DES INVALIDES,48.849497,2.315299
819,201900012146,138 283 868,B01,3,32,0,2,8,1,1,,26,4,2019,08:40,1,75,75107,2,2,1,3,RUE D ESTREES,48.851574,2.31174
820,201900012147,138 283 865,B01,1,32,0,2,7,1,1,,25,4,2019,13:30,1,75,75107,2,2,8,3,AVENUE DE LA MOTTE PICQUET,48.85728,2.309963
821,201900012148,138 283 864,A01,1,33,0,0,1,1,1,,18,4,2019,08:45,1,75,75107,2,1,1,7,SOUTERRAIN BRANLY,48.85919,2.293259
822,201900012149,138 283 863,A01,1,30,0,2,7,17,1,,17,4,2019,10:45,1,75,75107,2,3,1,3,BOULEVARD DES INVALIDES,48.85615,2.315014
823,201900012150,138 283 861,A01,1,34,11,0,1,13,1,,27,4,2019,19:20,1,75,75104,2,2,8,6,RUE DE RIVOLI,48.857887,2.350198
824,201900012151,138 283 860,A01,2,50,0,1,1,5,3,,19,4,2019,16:15,1,75,75104,2,2,1,6,RUE DE LOBAU,48.85695,2.353718
825,201900012152,138 283 859,B01,1,33,0,2,5,23,1,,19,4,2019,14:00,1,75,75104,2,2,1,2,QUAI DE GESVRES,48.856713,2.348926
826,201900012153,138 283 856,B01,2,33,0,2,9,17,1,,27,4,2019,21:30,5,75,75103,2,1,1,5,BOULEVARD SAINT MARTIN,48.868441,2.359049
827,201900012154,138 283 854,B01,2,32,0,2,3,1,1,,27,4,2019,08:40,1,75,75103,2,3,1,3,BOULEVARD BEAUMARCHAIS,48.860989,2.36725
828,201900012155,138 283 851,B01,2,2,0,2,1,1,1,,25,4,2019,16:05,1,75,75103,2,1,1,3,RUE DE TURBIGO,48.864701,2.352709
829,201900012155,138 283 852,A01,2,1,0,2,0,11,5,,25,4,2019,16:05,1,75,75103,2,1,1,3,RUE DE TURBIGO,48.864701,2.352709
830,201900012156,138 283 849,A01,1,34,0,2,1,1,1,,24,4,2019,01:45,5,75,75103,2,7,1,6,PLACE DE LA REPUBLIQUE,48.866602,2.364672
831,201900012156,138 283 850,Z01,1,1,0,2,8,9,5,,24,4,2019,01:45,5,75,75103,2,7,1,6,PLACE DE LA REPUBLIQUE,48.866602,2.364672
832,201900012157,138 283 848,A01,2,50,0,2,8,1,3,,20,4,2019,04:00,5,75,75101,2,2,1,1,RUE ETIENNE MARCEL,48.865287,2.343085