,Num_Acc,id_vehicule,num_veh,senc,catv,obs,obsm,choc,manv,motor,occutc,jour,mois,an,hrmn,lum,dep,com,agg,int,atm,col,adr,lat,long
833,201900012158,138 283 846,A01,2,30,15,1,1,17,1,,18,4,2019,16:45,1,75,75103,2,2,1,6,RUE REAUMUR,48.865961,2.353778
834,201900012159,138 283 845,A01,2,30,7,0,1,14,1,,18,4,2019,02:12,5,75,75103,2,1,1,6,BOULEVARD SAINT MARTIN,48.868352,2.359642
835,201900012160,138 283 844,A01,2,33,0,1,2,1,1,,24,4,2019,17:40,1,75,75102,2,2,2,6,RUE DE CLERY,48.867758,2.345478
836,201900012161,138 283 842,B01,1,31,0,2,3,18,1,,19,4,2019,10:00,1,75,75101,2,2,1,3,RUE DANIELLE CASANOVA,48.868316,2.330288
837,201900012162,138 283 840,A01,2,33,14,2,2,1,1,,18,4,2019,13:05,1,75,75103,2,3,1,6,RUE BEAUBOURG,48.861746,2.35378
838,201900012163,138 283 839,A01,1,31,0,2,0,15,1,,26,4,2019,08:50,1,75,75101,2,2,1,7,RUE DE RIVOLI,48.863988,2.331352
839,201900012164,138 283 837,B01,1,1,0,2,1,17,5,,25,4,2019,08:25,1,75,75101,2,2,1,3,RUE DE L AMIRAL DE COLIGNY,48.860913,2.340849
840,201900012166,138 283 835,A01,2,30,0,1,2,1,1,,23,4,2019,17:45,1,75,75101,2,1,1,6,QUAI DU LOUVRE,48.85873,2.341262
841,201900012876,138 282 488,B01,1,32,0,2,8,1,1,,20,11,2019,16:15,1,75,75116,2,1,1,3,BD PERIPHERIQUE INTERIEUR,48.8612633,2.2641925
842,201900012877,138 282 484,B01,2,33,0,2,5,1,1,,20,11,2019,09:00,1,75,75113,2,1,1,4,BD PERIPHERIQUE EXTERIEUR,48.8172,2.366252
843,201900012877,138 282 485,C01,2,33,0,2,1,3,1,,20,11,2019,09:00,1,75,75113,2,1,1,4,BD PERIPHERIQUE EXTERIEUR,48.8172,2.366252
844,201900012877,138 282 486,A01,2,33,0,2,3,3,1,,20,11,2019,09:00,1,75,75113,2,1,1,4,BD PERIPHERIQUE EXTERIEUR,48.8172,2.366252
845,201900012879,138 282 482,A01,2,1,0,1,3,1,5,,21,11,2019,18:15,5,75,75119,2,1,2,6,RUE DE CRIMEE,48.890996,2.376397
846,201900012881,138 282 480,B01,1,30,0,2,8,1,1,,21,11,2019,19:50,5,75,75117,2,2,1,6,AVENUE DE WAGRAM,48.8815624,2.3007047
847,201900012882,138 282 477,A01,1,30,0,2,1,1,1,,21,11,2019,18:10,5,75,75116,2,2,2,3,AVENUE DE LA GRANDE ARMEE,48.8762631,2.2872018
848,201900012883,138 282 475,A01,1,1,0,2,1,5,5,,21,11,2019,14:30,1,75,75116,2,1,1,1,ROUTE DES TRIBUNES,48.854961,2.228796
849,201900012883,138 282 476,B01,2,1,0,2,1,1,5,,21,11,2019,14:30,1,75,75116,2,1,1,1,ROUTE DES TRIBUNES,48.854961,2.228796
850,201900012885,138 282 472,B01,2,33,0,2,1,1,1,,20,11,2019,17:55,5,75,75116,2,1,1,3,AVENUE PRUDHON,48.859097,2.269208
851,201900012886,138 282 470,A01,2,43,0,2,1,2,1,,20,11,2019,09:20,1,75,75116,2,3,1,2,BOULEVARD DE L AMIRAL BRUIX,48.874853,2.278762
852,201900012887,138 282 469,A01,2,33,0,2,0,24,1,,19,11,2019,18:45,5,75,75116,2,1,1,6,ROUTE DE LA PTE DAUPHINE A LA PTE DES SA,48.872787,2.273223
853,201900012888,138 282 466,B01,1,80,0,2,8,1,2,,19,11,2019,15:20,1,75,75116,2,2,1,3,AVENUE KLEBER,48.869023,2.29158
854,201900012889,138 282 464,B01,1,1,0,2,1,18,5,,20,11,2019,16:15,1,75,75115,2,4,1,3,RUE BRANCION,48.829683,2.301758
855,201900012890,138 282 463,A01,2,1,0,2,7,19,5,,19,11,2019,12:00,1,75,75115,2,3,1,3,RUE EMERIAU,48.8487229,2.2852167
856,201900012891,138 282 461,A01,2,43,0,1,2,1,1,,21,11,2019,15:30,1,75,75105,2,3,1,6,BOULEVARD DE PORT ROYAL,48.8383927,2.3420915
857,201900012892,138 282 460,A01,1,34,0,2,3,9,1,,20,11,2019,17:50,3,75,75114,2,2,1,3,AVENUE DU DOCTEUR LANNELONGUE,48.8182036,2.332715
858,201900012893,138 282 457,A01,2,33,0,2,4,23,1,,21,11,2019,11:50,1,75,75113,2,3,1,6,BOULEVARD MASSENA,48.8201323,2.3646375
859,201900012894,138 282 455,B01,1,33,0,2,7,1,1,,21,11,2019,10:23,1,75,75113,2,2,1,3,BOULEVARD AUGUSTE BLANQUI,48.831105,2.344241
860,201900012894,138 282 456,A01,1,1,0,2,8,16,5,,21,11,2019,10:23,1,75,75113,2,2,1,3,BOULEVARD AUGUSTE BLANQUI,48.831105,2.344241
861,201900012895,138 282 454,B01,1,2,0,2,7,15,1,,20,11,2019,19:30,5,75,75112,2,2,1,3,BOULEVARD DE REUILLY,48.8389329,2.3892712
862,201900012896,138 282 452,A01,1,50,0,0,0,25,3,,16,11,2019,02:45,5,75,75104,2,3,2,7,BOULEVARD DE SEBASTOPOL,48.861221,2.3497546
863,201900012898,138 282 450,A01,1,31,14,0,2,1,1,,20,11,2019,14:45,1,75,75104,2,1,1,6,RUE SAINT ANTOINE,48.8549055,2.3620813
864,201900013004,138 282 261,B01,1,1,0,2,0,1,5,,15,7,2019,05:15,5,75,75107,2,7,1,3,PLACE DE LA RESISTANCE,48.862315,2.301962
865,201900013182,138 281 944,A01,1,33,0,2,8,1,1,,31,12,2019,16:05,1,75,75114,2,4,1,6,BD PERIPHERIQUE INTERIEUR,48.819055,2.330442
866,201900013185,138 281 939,B01,2,33,0,2,1,1,1,,31,12,2019,17:20,5,75,75117,2,2,1,3,BOULEVARD GOUVION SAINT CYR,48.883086,2.287495
867,201900013186,138 281 938,A01,2,33,0,2,3,1,1,,31,12,2019,10:45,1,75,75117,2,1,1,3,AVENUE DE VILLIERS,48.8846122,2.2998601
868,201900013187,138 281 935,B01,2,2,0,2,1,17,1,,31,12,2019,17:50,5,75,75116,2,1,1,3,AVENUE FOCH,48.873258,2.289834
869,201900013188,138 281 934,A01,2,50,0,0,0,25,3,,31,12,2019,17:30,5,75,75107,2,1,1,7,PONT DE LA CONCORDE,48.863144,2.319413
870,201900013189,138 281 933,A01,1,50,0,2,7,1,3,,31,12,2019,12:00,1,75,75115,2,5,1,6,RUE VIALA,48.850721,2.292355
871,201900013330,138 281 647,B01,2,33,0,2,7,3,1,,13,9,2019,15:00,1,75,75112,2,1,1,3,BD PERIPHERIQUE EXTERIEUR,48.832542,2.406109
872,201900013332,138 281 644,A01,2,31,0,2,1,1,1,,12,9,2019,23:30,5,75,75105,2,3,1,3,BOULEVARD SAINT GERMAIN,48.8498685,2.3494443
873,201900013333,138 281 642,B01,1,1,0,2,6,19,5,,13,9,2019,08:30,1,75,75120,2,4,1,3,RUE DES FOUGERES,48.8712234,2.4106896
874,201900013334,138 281 639,A01,2,1,0,2,1,9,5,,13,9,2019,08:20,1,75,75120,2,1,8,1,AVENUE GAMBETTA,48.8642975,2.3930598
875,201900013335,138 281 637,B01,1,2,0,2,8,1,1,,13,9,2019,20:55,5,75,75118,2,2,8,3,AVENUE DE LA PORTE DE SAINT OUEN,48.8977296,2.3290245
876,201900013336,138 281 636,A01,1,33,0,2,3,18,1,,13,9,2019,17:20,1,75,75117,2,1,1,3,AVENUE DE LA GRANDE ARMEE,48.8751275,2.2908103
877,201900013337,138 281 634,A01,1,32,0,1,1,1,1,,13,9,2019,15:15,1,75,75117,2,1,1,6,RUE DE ROME,48.8871533,2.3146161
878,201900013339,138 281 631,A01,2,33,0,2,1,2,1,,12,9,2019,16:00,1,75,75116,2,7,1,2,AVENUE DE LA GRANDE ARMEE,48.876111,2.287108
879,201900013340,138 281 629,B01,2,33,0,2,8,16,1,,13,9,2019,17:30,1,75,75107,2,2,1,3,AVENUE DE SUFFREN,48.854635,2.2954969
880,201900013341,138 281 628,A01,1,1,12,0,8,14,5,,13,9,2019,16:00,1,75,75115,2,1,1,6,BOULEVARD VICTOR,48.835747,2.279887
881,201900013342,138 281 627,A01,2,1,12,0,1,14,5,,13,9,2019,09:35,1,75,75115,2,1,1,6,BOULEVARD VICTOR,48.835206,2.2816935
882,201900013343,138 281 626,B01,2,33,0,2,3,14,1,,12,9,2019,16:40,1,75,75114,2,4,1,3,AVENUE DU MAINE,48.838561,2.322608
883,201900013344,138 281 624,B01,2,30,0,2,3,1,1,,13,9,2019,14:20,1,75,75113,2,2,1,3,RUE NEUVE TOLBIAC,48.831051,2.377576
884,201900013345,138 281 622,B01,2,33,0,2,0,1,1,,13,9,2019,16:00,1,75,75111,2,1,1,3,BOULEVARD DE MENILMONTANT,48.861333,2.388039
885,201900013346,138 281 620,A01,2,30,0,1,1,17,3,,13,9,2019,11:45,1,75,75111,2,4,1,6,BOULEVARD VOLTAIRE,48.8573638,2.3808514
886,201900013347,138 281 618,A01,1,1,0,2,4,1,5,,13,9,2019,20:00,5,75,75109,2,2,1,2,RUE DE LA CHAUSSEE D ANTIN,48.875259,2.332291
887,201900013347,138 281 619,B01,1,33,0,2,1,1,1,,13,9,2019,20:00,5,75,75109,2,2,1,2,RUE DE LA CHAUSSEE D ANTIN,48.875259,2.332291
888,201900013348,138 281 616,B01,1,30,0,2,3,1,3,,13,9,2019,20:14,5,75,75109,2,3,1,3,BOULEVARD DE CLICHY,48.884102,2.330817
889,201900013350,138 281 614,B01,2,42,0,2,1,1,1,,12,9,2019,17:24,1,75,75108,2,3,1,3,PLACE CLEMENCEAU,48.8677391,2.3139901
890,201900013352,138 281 608,A01,1,32,0,2,4,2,1,,13,9,2019,17:00,1,75,75102,2,3,1,6,BOULEVARD DE SEBASTOPOL,48.868187,2.353622
891,201900013353,138 281 607,B01,1,1,0,2,2,1,5,,12,9,2019,19:45,5,75,75104,2,1,1,3,BOULEVARD DE SEBASTOPOL,48.86096,2.349575
892,201900013397,138 281 514,A01,1,34,0,2,1,17,1,,19,3,2019,18:30,1,75,75105,2,1,1,4,RUE GAY LUSSAC,48.845108,2.341647
893,201900013398,138 281 512,B01,1,43,0,2,2,1,1,,19,3,2019,15:00,1,75,75120,2,1,1,3,RUE DES ORTEAUX,48.855626,2.408913
894,201900013400,138 281 510,A01,3,50,0,0,0,1,3,,19,3,2019,13:41,1,75,75119,2,1,1,7,RUE CURIAL,48.890802,2.372001
895,201900013401,138 281 508,A01,2,30,0,2,3,18,1,,19,3,2019,16:45,1,75,75118,2,2,1,3,RUE ORDENER,48.891562,2.349591
896,201900013403,138 281 505,B01,1,31,0,2,2,1,1,,18,3,2019,11:35,1,75,75116,2,4,1,3,AVENUE EDOUARD VAILLANT,48.836658,2.255104
897,201900013403,138 281 506,A01,1,1,0,2,2,13,5,,18,3,2019,11:35,1,75,75116,2,4,1,3,AVENUE EDOUARD VAILLANT,48.836658,2.255104
898,201900013404,138 281 503,A01,1,30,0,2,1,7,1,,19,3,2019,17:20,1,75,75115,2,1,1,3,RUE DE LA CONVENTION,48.841676,2.286606
899,201900013406,138 281 501,A01,2,2,1,0,1,14,1,,18,3,2019,22:40,5,75,75115,2,2,1,6,AVENUE EMILE ZOLA,48.846945,2.293615
900,201900013408,138 281 499,B01,1,2,0,2,3,1,1,,19,3,2019,22:00,5,75,75114,2,2,1,3,RUE D ALESIA,48.827466,2.334863
901,201900013410,138 281 495,A01,1,30,0,0,0,1,1,,19,3,2019,18:14,2,75,75113,2,1,1,7,RUE DUNOIS,48.830055,2.370857
902,201900013411,138 281 493,A01,1,33,0,2,3,12,1,,19,3,2019,10:30,1,75,75112,2,1,1,2,BOULEVARD PONIATOWSKI,48.830949,2.396047
903,201900013412,138 281 492,B01,2,1,0,2,0,1,5,,18,3,2019,00:01,5,75,75101,2,7,1,3,PONT AU CHANGE,48.857242,2.347113
904,201900013413,138 281 490,A01,2,33,0,2,1,1,1,,19,3,2019,16:55,1,75,75108,2,3,1,6,AVENUE MARCEAU,48.866143,2.299842
905,201900013414,138 281 488,B01,1,50,0,2,0,16,3,,19,3,2019,09:10,1,75,75108,2,7,1,3,PLACE DE L ALMA,48.864388,2.3018
906,201900013415,138 281 485,B01,2,32,0,2,2,18,1,,19,3,2019,09:00,1,75,75108,2,2,1,3,RUE DE LISBONNE,48.877881,2.318165
907,201900013417,138 281 483,A01,1,34,0,1,1,1,1,,18,3,2019,12:00,1,75,75108,2,2,1,6,RUE DU FAUBOURG SAINT HONORE,48.86879,2.321846
908,201900013418,138 281 481,B01,1,33,0,2,7,1,1,,19,3,2019,11:30,1,75,75101,2,7,1,3,QUAI FRANCOIS MITTERRAND,48.860089,2.333511
909,201900013637,138 281 024,A01,1,43,0,2,7,1,1,,4,2,2019,19:25,4,75,75120,2,1,1,6,PORTE DE MONTREUIL,48.859033,2.41411
910,201900013638,138 281 022,B01,2,33,0,2,1,3,1,,4,2,2019,16:45,1,75,75118,2,1,1,2,PORTE DE CLIGNANCOURT,48.900935,2.338542
911,201900013639,138 281 020,B01,1,33,0,2,3,3,1,,18,1,2019,08:30,1,75,75120,2,1,1,3,BOULEVARD PERIPHERIQUE,48.852713,2.414464
912,201900013640,138 281 017,B01,2,43,1,2,1,17,1,,5,2,2019,18:40,5,75,75116,2,1,1,3,AVENUE KLEBER,48.870731,2.29284
913,201900013642,138 281 014,A01,2,33,0,1,7,5,1,,3,2,2019,14:57,1,75,75107,2,2,1,6,AVENUE DU MARECHAL GALLIENI,48.85995,2.313098
914,201900013645,138 281 010,B01,1,1,0,2,1,17,5,,4,2,2019,13:50,1,75,75119,2,1,8,2,AVENUE DE LA PORTE DE LA VILLETTE,48.899077,2.386741
915,201900013646,138 281 008,B01,2,33,0,2,1,1,1,,5,2,2019,02:15,5,75,75118,2,7,1,3,RUE DU MONT CENIS,48.896041,2.346282
916,201900013647,138 281 007,A01,1,30,0,1,1,1,1,,4,2,2019,17:20,2,75,75118,2,3,2,6,BOULEVARD BARBES,48.88423,2.34947
917,201900013648,138 281 005,B01,1,30,0,2,2,1,1,,4,2,2019,14:30,1,75,75118,2,3,1,3,BOULEVARD ORNANO,48.89271,2.348749
918,201900013650,138 281 003,A01,1,30,0,2,2,1,1,,4,2,2019,13:30,1,75,75117,2,1,1,6,BOULEVARD DE DOUAUMONT,48.895666,2.30712
919,201900013651,138 281 001,B01,3,32,0,2,4,1,1,,5,2,2019,19:30,5,75,75116,2,2,1,2,ROUTE DE SURESNES,48.865037,2.234444
920,201900013652,138 280 999,Z01,2,30,0,1,3,1,0,,5,2,2019,10:25,1,75,75116,2,1,1,6,RUE MESNIL,48.868256,2.284401
921,201900013653,138 280 997,B01,2,33,0,2,1,1,1,,3,2,2019,02:55,5,75,75116,2,2,1,3,ALLEE DE LONGCHAMP,48.86347,2.239386
922,201900013654,138 280 995,B01,2,30,0,2,5,20,3,,5,2,2019,20:00,5,75,75115,2,1,1,2,RUE DE LA CONVENTION,48.838628,2.293362
923,201900013656,138 280 992,B01,2,33,0,2,8,1,1,,4,2,2019,20:30,5,75,75107,2,3,1,3,BOULEVARD DES INVALIDES,48.856212,2.314828
924,201900013657,138 280 990,A01,1,33,0,0,8,1,1,,5,2,2019,09:40,1,75,75112,2,1,1,7,RUE VAN GOGH,48.844029,2.371952
925,201900013658,138 280 989,B01,2,32,0,2,5,17,1,,5,2,2019,10:05,1,75,75112,2,1,1,3,RUE DE CHARENTON,48.838397,2.389884
926,201900013659,138 280 987,B01,1,1,0,2,5,1,5,,5,2,2019,16:00,1,75,75111,2,1,1,3,BOULEVARD VOLTAIRE,48.851322,2.390992
927,201900013660,138 280 985,B01,0,33,0,2,1,1,1,,5,2,2019,10:45,1,75,75111,2,1,8,3,BOULEVARD VOLTAIRE,48.865363,2.367435
928,201900013661,138 280 983,A01,2,30,0,0,0,16,3,,4,2,2019,20:50,5,75,75111,2,2,1,7,RUE AMELOT,48.859543,2.368184
929,201900013665,138 280 979,A01,3,32,0,0,2,16,1,,4,2,2019,08:23,2,75,75107,2,7,1,7,ROND POINT DU BLEUET DE FRANCE,48.858432,2.313356
930,201900013666,138 280 978,A01,3,80,0,0,7,1,3,,4,2,2019,08:20,2,75,75107,2,7,1,7,ROND POINT DU BLEUET DE FRANCE,48.858432,2.313356
931,201900013764,138 280 804,B01,1,33,0,2,3,3,1,,16,10,2019,18:30,2,75,75119,2,1,1,4,BD PERIPHERIQUE INTERIEUR,48.8891316,2.3963191
932,201900013765,138 280 798,A01,1,34,0,2,1,3,1,,16,10,2019,18:30,2,75,75112,2,1,2,4,BD PERIPHERIQUE INTERIEUR,48.828178,2.396136
933,201900013766,138 280 796,B01,1,31,0,2,1,3,1,,16,10,2019,08:00,1,75,75112,2,4,2,4,BD PERIPHERIQUE INTERIEUR,48.8359939,2.4120216
934,201900013769,138 280 790,Z01,2,30,0,1,0,1,0,,16,10,2019,07:20,2,75,75114,2,4,1,6,AVENUE DU MAINE,48.835012,2.3239377
935,201900013771,138 280 786,B01,1,32,0,2,2,17,1,,16,10,2019,17:30,1,75,75117,2,3,2,3,AVENUE DE SAINT OUEN,48.895869,2.32844
936,201900013772,138 280 785,A01,2,1,0,1,1,1,5,,16,10,2019,15:15,1,75,75110,2,1,2,6,BOULEVARD DE LA CHAPELLE,48.883671,2.350383
937,201900013773,138 280 784,A01,3,50,0,0,1,1,3,,16,10,2019,13:20,1,75,75108,2,2,2,7,PONT DES INVALIDES,48.8642675,2.3103668
938,201900014230,138 279 946,A01,1,32,1,0,1,14,1,,6,8,2019,06:50,5,75,75115,2,1,1,6,RUE ERNEST RENAN,48.843737,2.309645
939,201900014231,138 279 945,A01,1,32,11,0,1,13,1,,6,8,2019,05:06,2,75,75114,2,3,1,6,AVENUE DU GENERAL LECLERC,48.8239542,2.3257182
940,201900014232,138 279 944,A01,3,1,0,0,7,1,5,,5,8,2019,20:44,2,75,75101,2,1,1,7,QUAI DES TUILERIES,48.8630797,2.3232082
941,201900014234,138 279 941,B01,2,1,0,2,7,19,5,,6,8,2019,16:30,1,75,75119,2,7,3,3,AVENUE DE LA PORTE DES LILAS,48.8777771,2.4081677
942,201900014235,138 279 939,A01,2,1,0,2,2,1,5,,5,8,2019,10:40,1,75,75120,2,2,1,3,RUE PAGANINI,48.8513042,2.4118916
943,201900014237,138 279 935,B01,2,2,0,2,7,17,1,,4,8,2019,17:30,1,75,75119,2,1,1,3,AVENUE CORENTIN CARIOU,48.895401,2.383068
944,201900014239,138 279 930,B01,1,50,0,2,4,13,3,,6,8,2019,00:01,5,75,75118,2,1,1,3,BOULEVARD ORNANO,48.8972268,2.3449615
945,201900014240,138 279 929,B01,1,30,0,2,1,1,1,,6,8,2019,00:10,5,75,75117,2,2,1,3,AVENUE DE CLICHY,48.8943012,2.3137646
946,201900014241,138 279 926,B01,2,1,0,2,1,1,5,,4,8,2019,16:10,1,75,75117,2,1,1,3,AVENUE DE WAGRAM,48.8866,2.304373
947,201900014242,138 279 924,A01,2,30,0,2,1,1,3,,5,8,2019,05:40,5,75,75117,2,7,1,3,RUE DU CAPORAL PEUGEOT,48.8879509,2.2885627
948,201900014245,138 279 919,Z01,1,1,0,2,1,5,5,,4,8,2019,19:35,1,75,75114,2,1,1,6,BOULEVARD BRUNE,48.823993,2.322337
949,201900014245,138 279 920,A01,2,1,0,2,1,1,5,,4,8,2019,19:35,1,75,75114,2,1,1,6,BOULEVARD BRUNE,48.823993,2.322337
950,201900014246,138 279 918,B01,2,32,0,2,2,1,1,,5,8,2019,18:45,1,75,75113,2,3,1,3,QUAI D IVRY,48.8251187,2.3887378
951,201900014248,138 279 915,Z01,1,1,0,1,1,25,5,,5,8,2019,20:45,2,75,75112,2,7,1,6,PLACE EDOUARD RENARD,48.8353618,2.4065982
952,201900014250,138 279 912,B01,1,32,0,2,7,17,3,,4,8,2019,16:40,1,75,75112,2,2,1,3,AVENUE DAUMESNIL,48.847975,2.373947
953,201900014251,138 279 911,A01,2,50,0,0,0,1,3,,3,8,2019,22:15,5,75,75112,2,2,1,7,RUE DE CHARENTON,48.846616,2.378759
954,201900014252,138 279 909,A01,2,1,0,2,1,17,5,,6,8,2019,08:30,1,75,75111,2,2,1,3,RUE DE CHARONNE,48.8557651,2.3913253
955,201900014252,138 279 910,B01,2,31,0,2,1,15,1,,6,8,2019,08:30,1,75,75111,2,2,1,3,RUE DE CHARONNE,48.8557651,2.3913253
956,201900014253,138 279 907,B01,2,30,0,2,1,1,1,,5,8,2019,12:50,1,75,75111,2,2,1,3,AVENUE PARMENTIER,48.867001,2.373221
957,201900014589,138 279 174,B01,1,33,0,2,1,1,1,,3,7,2019,09:44,1,75,75116,2,2,1,3,AVENUE DU MARECHAL MAUNOURY,48.857696,2.263563
958,201900014591,138 279 171,B01,2,33,0,2,1,1,1,,1,7,2019,03:42,5,75,75119,2,3,1,3,RUE JACQUES DUCHESNE,48.898778,2.374133
959,201900014592,138 279 169,B01,1,41,0,2,4,2,3,,2,7,2019,16:27,1,75,75105,2,2,1,2,RUE CLAUDE BERNARD,48.840263,2.346092
960,201900014593,138 279 166,A01,2,32,0,2,1,17,1,,30,6,2019,21:00,1,75,75106,2,7,1,3,PLACE MICHEL DEBRE,48.852077,2.329847
961,201900014594,138 279 165,B01,2,33,0,2,1,1,1,,3,7,2019,18:00,1,75,75120,2,4,1,3,AVENUE GAMBETTA,48.8675,2.400698
962,201900014595,138 279 163,Z01,1,30,0,1,0,1,1,,3,7,2019,18:20,1,75,75118,2,2,1,6,RUE ORDENER,48.892881,2.341949
963,201900014597,138 279 160,B01,1,30,0,2,4,23,3,,3,7,2019,12:49,1,75,75117,2,7,1,2,PLACE DU MARECHAL JUIN,48.885105,2.297885
964,201900014598,138 279 159,A01,1,32,0,0,2,1,1,,3,7,2019,01:20,5,75,75116,2,1,1,7,VOIE GEORGES POMPIDOU,48.84509,2.272756
965,201900014599,138 279 158,B01,2,32,0,2,3,1,1,,2,7,2019,09:40,1,75,75116,2,1,1,3,QUAI LOUIS BLERIOT,48.842202,2.269701
966,201900014600,138 279 156,B01,1,60,0,2,1,1,5,,3,7,2019,10:25,1,75,75115,2,1,1,2,BOULEVARD LEFEBVRE,48.832561,2.288742
967,201900014601,138 279 153,B01,2,50,0,2,1,1,3,,2,7,2019,17:00,1,75,75114,2,1,1,3,RUE DAREAU,48.830977,2.336935
968,201900014602,138 279 151,B01,1,50,0,2,1,16,3,,3,7,2019,19:15,1,75,75107,2,2,7,3,AVENUE DU MARECHAL GALLIENI,48.861043,2.313238
969,201900014603,138 279 150,A01,1,50,0,2,4,2,3,,3,7,2019,01:40,5,75,75107,2,2,1,6,QUAI D ORSAY,48.862597,2.310428
970,201900014604,138 279 147,B01,1,30,0,2,3,5,1,,2,7,2019,12:30,1,75,75101,2,1,1,3,QUAI DES TUILERIES,48.861891,2.327007
971,201900014686,138 278 998,A01,1,31,0,2,1,2,1,,20,11,2019,16:25,1,75,75105,2,3,1,2,QUAI DE MONTEBELLO,48.851932,2.349209
972,201900014687,138 278 996,A01,1,33,0,2,3,18,1,,19,11,2019,23:37,5,75,75105,2,2,1,3,RUE SAINT JACQUES,48.847354,2.343654
973,201900014688,138 278 994,A01,2,31,0,0,0,21,1,,20,11,2019,17:45,2,75,75119,2,1,1,7,RUE AUGUSTIN THIERRY,48.8761276,2.3937024
974,201900014689,138 278 993,A01,2,33,0,0,8,1,1,,19,11,2019,11:00,1,75,75117,2,1,1,7,RUE CARDINET,48.888298,2.315363
975,201900014690,138 278 992,A01,1,30,0,2,1,1,1,,19,11,2019,21:10,5,75,75117,2,1,1,3,AVENUE DE VILLIERS,48.884358,2.301909
976,201900014691,138 278 989,B01,1,33,0,2,8,1,1,,19,11,2019,19:28,5,75,75116,2,2,1,3,AVENUE KLEBER,48.872434,2.294063
977,201900014692,138 278 987,B01,1,50,0,2,7,19,3,,19,11,2019,17:00,5,75,75116,2,7,1,3,PLACE DE LA PORTE DE SAINT CLOUD,48.8374605,2.2569019
978,201900014693,138 278 986,B01,1,30,0,2,1,1,1,,19,11,2019,23:05,5,75,75112,2,4,1,3,AVENUE DE NOGENT   VINCENNES,48.844293,2.442275
979,201900014695,138 278 980,A01,1,30,0,2,1,14,1,,20,11,2019,12:00,1,75,75101,2,2,1,3,RUE ETIENNE MARCEL,48.8641945,2.347602
980,201900014788,138 278 794,A01,1,80,0,2,1,15,2,,31,12,2019,09:20,1,75,75115,2,2,1,3,RUE DE LA CONVENTION,48.837226,2.296443
981,201900014788,138 278 795,B01,2,30,0,2,8,1,1,,31,12,2019,09:20,1,75,75115,2,2,1,3,RUE DE LA CONVENTION,48.837226,2.296443
982,201900014789,138 278 792,A01,2,50,0,2,7,19,3,,31,12,2019,08:15,2,75,75115,2,3,1,6,QUAI ANDRE CITROEN,48.848428,2.280929
983,201900014790,138 278 791,C01,2,80,0,2,1,25,2,,30,12,2019,23:25,3,75,75115,2,2,1,5,RUE BRANCION,48.834719,2.305171
984,201900014791,138 278 788,B01,1,31,0,2,1,1,1,,31,12,2019,16:10,1,75,75114,2,3,1,3,AVENUE DU GENERAL LECLERC,48.8239625,2.3257203
985,201900014795,138 278 783,B01,2,33,0,2,2,17,1,,31,12,2019,10:25,1,75,75111,2,4,1,3,BOULEVARD VOLTAIRE,48.857363,2.38089
986,201900014798,138 278 778,A01,2,31,0,2,7,17,1,,31,12,2019,08:45,1,75,75111,2,3,1,3,BOULEVARD DU TEMPLE,48.864657,2.36581
987,201900014903,138 278 597,A01,2,33,0,2,3,3,1,,30,12,2019,18:00,5,75,75118,2,1,1,2,BD PERIPHERIQUE EXTERIEUR,48.900847,2.334437
988,201900014904,138 278 595,A01,1,43,0,2,4,12,1,,29,12,2019,21:30,5,75,75120,2,4,1,3,ECHANGEUR MONTREUIL,48.851432,2.415116
989,201900014905,138 278 592,B01,1,43,0,2,8,1,1,,30,12,2019,17:30,5,75,75120,2,3,1,3,RUE LEON FRAPIE,48.873355,2.410265
990,201900014907,138 278 589,A01,1,50,0,2,0,1,3,,30,12,2019,20:30,5,75,75119,2,1,1,6,AVENUE DE FLANDRE,48.889452,2.375482
991,201900014907,138 278 590,Z01,1,30,0,2,0,13,0,,30,12,2019,20:30,5,75,75119,2,1,1,6,AVENUE DE FLANDRE,48.889452,2.375482
992,201900014908,138 278 587,B01,1,1,0,2,7,19,5,,30,12,2019,17:30,5,75,75119,2,1,1,3,BOULEVARD DE LA VILLETTE,48.872677,2.37641
993,201900014908,138 278 588,A01,1,33,0,2,7,1,1,,30,12,2019,17:30,5,75,75119,2,1,1,3,BOULEVARD DE LA VILLETTE,48.872677,2.37641
994,201900014909,138 278 585,A01,2,31,0,2,7,15,1,,30,12,2019,09:10,1,75,75115,2,1,1,3,RUE DE LA PORTE D ISSY,48.8326491,2.2814197
995,201900014909,138 278 586,B01,1,1,0,2,1,1,5,,30,12,2019,09:10,1,75,75115,2,1,1,3,RUE DE LA PORTE D ISSY,48.8326491,2.2814197
996,201900014910,138 278 583,B01,1,50,0,2,1,1,3,,22,12,2019,11:10,1,75,75114,2,4,1,3,BOULEVARD EDGAR QUINET,48.841544,2.323539
997,201900014911,138 278 581,B01,2,1,0,2,8,1,5,,30,12,2019,18:35,5,75,75111,2,2,1,6,RUE BASFROI,48.855703,2.378706
998,201900014912,138 278 578,B01,2,1,0,2,8,1,5,,30,12,2019,14:12,1,75,75108,2,7,1,3,PLACE CLEMENCEAU,48.867787,2.313851
999,201900014913,138 278 575,B01,2,30,0,2,1,1,1,,30,12,2019,12:27,1,75,75108,2,5,1,3,RUE DE ROME,48.879483,2.321849