,Num_Acc,id_vehicule,num_veh,senc,catv,obs,obsm,choc,manv,motor,occutc,jour,mois,an,hrmn,lum,dep,com,agg,int,atm,col,adr,lat,long
1166,201900018522,138 271 801,A01,3,30,0,0,0,21,1,,14,3,2019,08:58,1,75,75113,2,7,2,7,PLACE D ITALIE,48.831143,2.356133
1167,201900018523,138 271 800,A01,2,1,0,1,1,1,5,,15,3,2019,17:50,1,75,75112,2,1,8,6,RUE DE CHARENTON,48.8481,2.376431
1168,201900018525,138 271 798,A01,2,50,0,0,1,25,3,,16,3,2019,09:00,1,75,75111,2,7,1,7,BOULEVARD VOLTAIRE,48.849092,2.394734
1169,201900018526,138 271 796,B01,1,31,0,2,8,1,1,,15,3,2019,10:15,1,75,75103,2,1,1,3,BOULEVARD DES FILLES DU CALVAIRE,48.862111,2.366977
1170,201900018527,138 271 795,A01,2,33,0,1,8,7,1,,15,3,2019,16:28,1,75,75110,2,2,1,6,RUE DU FAUBOURG SAINT MARTIN,48.881606,2.365767
1171,201900018529,138 271 793,Z01,1,30,0,1,1,19,0,,15,3,2019,20:35,5,75,75109,2,2,1,6,RUE MEYERBEER,48.872214,2.332819
1172,201900018530,138 271 792,A01,3,43,0,2,2,1,1,,14,3,2019,14:00,1,75,75108,2,7,2,3,PLACE DE LA CONCORDE,48.866663,2.322016
1173,201900018531,138 271 790,A01,1,30,0,0,8,17,3,,14,3,2019,13:40,1,75,75108,2,2,2,7,AVENUE GEORGE V,48.870977,2.300909
1174,201900018533,138 271 787,B01,2,42,0,2,1,1,1,,14,3,2019,11:25,1,75,75108,2,4,2,3,AVENUE DE FRIEDLAND,48.874403,2.301063
1175,201900018534,138 271 785,A01,1,32,0,1,1,11,1,,14,3,2019,09:20,1,75,75108,2,2,2,6,BOULEVARD HAUSSMANN,48.875034,2.309193
1176,201900018535,138 271 783,B01,1,2,0,2,7,17,3,,16,3,2019,14:00,1,75,75107,2,3,1,3,RUE SAINT DOMINIQUE,48.859731,2.307838
1177,201900018536,138 271 782,A01,1,33,11,0,2,14,1,,15,3,2019,05:20,5,75,75107,2,2,8,6,BOULEVARD SAINT GERMAIN,48.859995,2.321704
1178,201900018537,138 271 780,A01,2,1,0,2,4,11,5,,13,3,2019,10:20,1,75,75107,2,2,1,2,BOULEVARD RASPAIL,48.8534,2.326382
1179,201900018539,138 271 778,A01,1,33,11,0,1,13,1,,16,3,2019,00:25,5,75,75104,2,2,1,6,RUE DE RIVOLI,48.857888,2.350196
1180,201900018540,138 271 777,A01,1,50,0,1,1,5,3,,15,3,2019,12:45,1,75,75104,2,1,8,6,RUE DE LA CITE,48.854191,2.347462
1181,201900018541,138 271 776,A01,1,34,0,1,2,7,1,,14,3,2019,13:35,1,75,75104,2,1,2,6,PONT DE SULLY,48.850564,2.360542
1182,201900018542,138 271 775,A01,1,33,0,0,2,21,1,,14,3,2019,09:15,1,75,75103,2,2,2,7,BOULEVARD DE SEBASTOPOL,48.863408,2.350947
1183,201900018673,138 271 511,A01,1,30,0,2,3,15,3,,16,12,2019,00:40,3,75,75115,2,2,1,3,RUE DE VOUILLE,48.8335428,2.3091936
1184,201900018674,138 271 508,A01,2,1,0,2,0,9,5,,26,12,2019,07:10,5,75,75114,2,1,1,3,BOULEVARD JOURDAN,48.8196464,2.3419298
1185,201900018674,138 271 509,B01,2,1,0,2,0,1,5,,26,12,2019,07:10,5,75,75114,2,1,1,3,BOULEVARD JOURDAN,48.8196464,2.3419298
1186,201900018677,138 271 504,B01,2,31,0,2,3,1,1,,27,12,2019,10:30,1,75,75110,2,1,1,3,RUE DU FAUBOURG SAINT MARTIN,48.870322,2.35634
1187,201900018679,138 271 501,A01,3,50,0,0,0,1,3,,27,12,2019,16:15,1,75,75107,2,1,8,7,PORT DES INVALIDES,48.863142,2.314787
1188,201900018681,138 271 497,B01,2,33,0,2,1,1,1,,26,12,2019,23:00,5,75,75103,2,4,3,3,BOULEVARD BEAUMARCHAIS,48.860992,2.367248
1189,201900018682,138 271 496,A01,1,33,0,1,1,17,1,,27,12,2019,17:55,5,75,75104,2,1,1,6,RUE DE LA COUTELLERIE,48.857429,2.350638
1190,201900018771,138 271 327,Z01,2,30,0,1,1,17,1,,1,2,2019,22:10,5,75,75106,2,3,2,6,RUE DU FOUR,48.852894,2.335052
1191,201900018773,138 271 324,B01,1,1,0,2,5,15,5,,2,2,2019,02:25,5,75,75120,2,2,3,3,COURS DE VINCENNES,48.847548,2.406314
1192,201900018774,138 271 323,A01,1,32,0,1,1,1,1,,1,2,2019,19:00,5,75,75120,2,3,2,6,AVENUE GAMBETTA,48.864094,2.392266
1193,201900018775,138 271 321,B01,1,1,0,2,1,1,5,,31,1,2019,08:15,5,75,75120,2,3,1,2,RUE DE TLEMCEN,48.864591,2.387277
1194,201900018778,138 271 315,A01,1,2,0,2,8,1,1,,31,1,2019,11:20,1,75,75119,2,2,1,3,AVENUE DU BELVEDERE,48.880459,2.408326
1195,201900018779,138 271 314,A01,2,30,0,0,8,1,1,,31,1,2019,10:15,1,75,75119,2,3,1,7,RUE GOUBET,48.884026,2.390463
1196,201900018780,138 271 313,A01,3,43,0,2,3,7,1,,3,2,2019,16:50,1,75,75118,2,1,1,3,AVENUE DE LA PORTE DE CLIGNANCOURT,48.898608,2.344184
1197,201900018781,138 271 310,B01,2,32,0,2,4,23,1,,3,2,2019,00:01,5,75,75118,2,5,1,2,RUE VAUVENARGUES,48.894147,2.332775
1198,201900018783,138 271 307,A01,1,34,0,2,2,1,1,,1,2,2019,14:25,1,75,75118,2,2,1,3,BOULEVARD DE CLICHY,48.882148,2.339644
1199,201900018785,138 271 304,A01,1,30,0,2,8,13,6,,3,2,2019,08:15,2,75,75116,2,1,1,6,AVENUE DE LA GRANDE ARMEE,48.876176,2.287475
1200,201900018786,138 271 302,Z01,1,30,0,1,1,1,1,,31,1,2019,19:00,5,75,75118,2,4,2,6,AVENUE DE SAINT OUEN,48.889569,2.326292
1201,201900018788,138 271 299,A01,2,30,0,2,2,1,1,,2,2,2019,17:30,1,75,75116,2,1,1,3,AVENUE KLEBER,48.865863,2.289295
1202,201900018795,138 271 289,A01,1,30,0,1,1,1,1,,29,1,2019,21:50,5,75,75116,2,3,4,6,BOULEVARD SUCHET,48.850534,2.260284
1203,201900018797,138 271 287,B01,1,1,0,2,1,18,5,,3,2,2019,16:00,1,75,75115,2,1,1,2,RUE DE L ABBE GROULT,48.843149,2.293509
1204,201900018802,138 271 279,A01,2,32,0,2,1,17,1,,1,2,2019,12:20,1,75,75114,2,3,1,3,BOULEVARD RASPAIL,48.83779,2.331168
1205,201900018804,138 271 277,A01,2,1,0,2,7,19,5,,1,2,2019,19:10,5,75,75114,2,2,2,6,RUE GIORDANO BRUNO,48.82618,2.319583
1206,201900018805,138 271 274,Z01,1,30,0,2,0,14,0,,31,1,2019,20:55,5,75,75114,2,7,2,6,PLACE DENFERT ROCHEREAU,48.834485,2.33263
1207,201900018805,138 271 275,A01,1,33,0,2,2,1,1,,31,1,2019,20:55,5,75,75114,2,7,2,6,PLACE DENFERT ROCHEREAU,48.834485,2.33263
1208,201900018807,138 271 272,A01,2,31,0,1,1,1,1,,3,2,2019,19:15,5,75,75113,2,4,1,6,BOULEVARD DE L HOPITAL,48.833259,2.356836
1209,201900018808,138 271 271,A01,1,30,0,1,1,1,1,,1,2,2019,15:00,1,75,75113,2,2,1,6,AVENUE DES GOBELINS,48.835845,2.352517
1210,201900018810,138 271 269,A01,1,32,0,2,2,1,1,,31,1,2019,20:10,5,75,75113,2,1,1,6,RUE DE TOLBIAC,48.828774,2.373488
1211,201900018811,138 271 265,A01,2,33,0,1,2,1,1,,1,2,2019,19:15,5,75,75111,2,2,2,6,RUE DU FAUBOURG SAINT ANTOINE,48.850085,2.384703
1212,201900018812,138 271 263,B01,2,32,0,2,1,17,1,,31,1,2019,18:50,1,75,75111,2,1,2,3,BOULEVARD VOLTAIRE,48.852645,2.388767
1213,201900018813,138 271 258,A01,1,32,0,2,1,17,3,,31,1,2019,10:30,1,75,75108,2,1,1,3,RUE DE COURCELLES,48.878396,2.30457
1214,201900018814,138 271 256,B01,1,32,1,2,8,7,1,,3,2,2019,14:50,1,75,75107,2,4,1,3,BOULEVARD RASPAIL,48.85468,2.326003
1215,201900018815,138 271 254,B01,1,34,0,2,3,1,1,,1,2,2019,11:30,1,75,75107,2,2,1,3,RUE DU BAC,48.859552,2.329286
1216,201900018816,138 271 252,B01,1,32,0,2,4,23,1,,1,2,2019,08:00,1,75,75107,2,2,1,2,QUAI D ORSAY,48.862426,2.301596
1217,201900018817,138 271 250,B01,2,32,0,2,1,1,1,,1,2,2019,08:45,1,75,75103,2,1,1,5,RUE REAUMUR,48.865682,2.355063
1218,201900018817,138 271 251,A01,2,32,0,2,4,11,1,,1,2,2019,08:45,1,75,75103,2,1,1,5,RUE REAUMUR,48.865682,2.355063
1219,201900018819,138 271 247,A01,1,30,0,0,3,15,1,,2,2,2019,23:45,5,75,75101,2,2,8,7,QUAI FRANCOIS MITTERRAND,48.860126,2.333351
1220,201900018982,138 270 969,B01,2,33,0,2,7,1,1,,11,9,2019,10:47,1,75,75112,2,2,1,3,BOULEVARD PONIATOWSKI,48.8292491,2.3903762
1221,201900018983,138 270 966,B01,1,50,1,2,8,1,3,,10,9,2019,09:00,1,75,75105,2,1,1,3,RUE BUFFON,48.842051,2.359369
1222,201900018986,138 270 961,B01,2,31,0,2,8,15,1,,11,9,2019,18:00,1,75,75118,2,1,1,3,RUE MARCADET,48.890443,2.352005
1223,201900018986,138 270 962,A01,2,33,0,2,1,17,1,,11,9,2019,18:00,1,75,75118,2,1,1,3,RUE MARCADET,48.890443,2.352005
1224,201900018987,138 270 960,B01,1,1,0,2,1,1,5,,11,9,2019,16:16,1,75,75119,2,2,1,3,RUE D AUBERVILLIERS,48.885543,2.365805
1225,201900018988,138 270 957,B01,1,1,0,2,1,5,5,,11,9,2019,19:50,5,75,75117,2,2,1,3,AVENUE DE LA GRANDE ARMEE,48.874607,2.293113
1226,201900018988,138 270 958,A01,1,33,0,2,1,1,1,,11,9,2019,19:50,5,75,75117,2,2,1,3,AVENUE DE LA GRANDE ARMEE,48.874607,2.293113
1227,201900018991,138 270 952,B01,2,1,0,2,2,1,5,,11,9,2019,17:40,1,75,75112,2,1,1,3,AVENUE DAUMESNIL,48.8335532,2.4147756
1228,201900018993,138 270 950,B01,1,30,0,2,1,1,3,,10,9,2019,23:54,5,75,75111,2,1,1,3,BOULEVARD VOLTAIRE,48.859225,2.377731
1229,201900018994,138 270 947,B01,2,32,0,2,1,1,1,,11,9,2019,12:56,1,75,75107,2,3,1,3,QUAI BRANLY,48.8574977,2.2910211
1230,201900018995,138 270 946,A01,1,1,0,2,1,2,5,,11,9,2019,09:00,1,75,75104,2,2,8,6,PONT DE SULLY,48.8508089,2.3614436
1231,201900019154,138 270 630,B01,1,2,0,2,5,23,1,,14,10,2019,12:50,1,75,75112,1,1,1,3,A4,48.817968,2.455662
1232,201900019198,138 270 543,B01,2,32,0,2,3,3,1,,13,10,2019,18:50,1,75,75118,2,1,8,3,BD PERIPHERIQUE EXTERIEUR,48.900844,2.367072
1233,201900019199,138 270 541,B01,2,1,0,2,9,15,5,,13,10,2019,18:05,1,75,75119,2,1,1,1,RUE MANIN,48.880943,2.38015
1234,201900019200,138 270 539,A01,1,31,0,2,1,1,1,,13,10,2019,20:30,5,75,75117,2,2,1,3,AVENUE DE VILLIERS,48.883282,2.307265
1235,201900019201,138 270 537,B01,1,80,0,2,0,1,3,,12,10,2019,13:00,1,75,75117,2,2,1,3,AVENUE DE WAGRAM,48.8803378,2.2998199
1236,201900019204,138 270 530,A01,2,33,1,1,1,1,1,,13,10,2019,21:15,5,75,75112,2,3,1,6,BOULEVARD DIDEROT,48.8471489,2.3849941
1237,201900019205,138 270 529,A01,1,30,0,0,5,16,1,,13,10,2019,18:40,2,75,75108,2,7,2,7,COURS LA REINE,48.8649406,2.3193222
1238,201900019206,138 270 528,B01,2,30,0,2,1,1,1,,12,10,2019,12:15,1,75,75108,2,4,1,3,AVENUE GEORGE V,48.866149,2.301363
1239,201900019207,138 270 526,A01,3,1,0,0,0,7,5,,13,10,2019,20:00,5,75,75109,2,3,1,7,RUE SAINT LAZARE,48.8757067,2.327775
1240,201900019573,138 269 838,A01,2,1,0,2,8,19,5,,29,6,2019,21:20,5,75,75115,2,2,1,3,RUE DE LA CONVENTION,48.839257,2.291985
1241,201900019573,138 269 839,B01,2,30,0,2,1,1,1,,29,6,2019,21:20,5,75,75115,2,2,1,3,RUE DE LA CONVENTION,48.839257,2.291985
1242,201900019574,138 269 837,Z01,1,30,0,0,0,1,0,,29,6,2019,10:30,1,75,75114,2,1,1,7,RUE PERNETY,48.832791,2.320018
1243,201900019578,138 269 831,A01,1,30,0,2,1,17,1,,1,7,2019,12:15,1,75,75117,2,3,1,1,AVENUE DE LA PORTE D ASNIERES,48.89104,2.302531
1244,201900019579,138 269 828,B01,1,33,0,2,8,7,1,,1,7,2019,18:30,1,75,75116,2,3,1,3,AVENUE DE NEW YORK,48.864094,2.299474
1245,201900019581,138 269 826,A01,1,50,12,0,0,14,3,,1,7,2019,03:50,4,75,75116,2,2,1,6,PLACE DE LA PORTE D AUTEUIL,48.848126,2.258704
1246,201900019582,138 269 824,B01,1,33,0,2,3,1,1,,1,7,2019,09:00,1,75,75114,2,1,1,3,BOULEVARD ADOLPHE PINARD,48.822616,2.312863
1247,201900019582,138 269 825,A01,1,1,0,2,1,25,5,,1,7,2019,09:00,1,75,75114,2,1,1,3,BOULEVARD ADOLPHE PINARD,48.822616,2.312863
1248,201900019583,138 269 823,A01,1,33,0,0,0,9,0,,1,7,2019,23:10,5,75,75113,2,1,1,7,RUE DE RUNGIS,48.821885,2.344821
1249,201900019584,138 269 821,Z01,1,2,0,2,1,5,1,,1,7,2019,10:50,1,75,75113,2,3,1,6,BOULEVARD KELLERMANN,48.820258,2.347957
1250,201900019585,138 269 820,B01,2,50,0,2,1,1,3,,1,7,2019,07:20,2,75,75112,2,3,7,3,AVENUE DAUMESNIL,48.839939,2.432144
1251,201900019586,138 269 818,B01,1,1,0,2,7,1,5,,1,7,2019,19:35,1,75,75111,2,2,1,3,RUE DE NEMOURS,48.865664,2.372429
1252,201900019588,138 269 814,B01,1,33,0,2,7,1,1,,1,7,2019,18:30,1,75,75104,2,2,1,2,BOULEVARD DE SEBASTOPOL,48.860063,2.349082
1253,201900019588,138 269 815,A01,1,34,0,2,3,21,1,,1,7,2019,18:30,1,75,75104,2,2,1,2,BOULEVARD DE SEBASTOPOL,48.860063,2.349082
1254,201900019732,138 269 523,Z01,1,33,0,2,2,3,0,,2,8,2019,17:30,1,75,75120,2,1,1,6,BD PERIPHERIQUE INTERIEUR,48.865153,2.413215
1255,201900019732,138 269 526,A01,1,33,0,2,4,3,1,,2,8,2019,17:30,1,75,75120,2,1,1,6,BD PERIPHERIQUE INTERIEUR,48.865153,2.413215
1256,201900019733,138 269 521,B01,2,32,0,2,7,3,1,,1,8,2019,16:55,1,75,75115,2,1,1,3,BD PERIPHERIQUE EXTERIEUR,48.8314065,2.2828375
1257,201900019734,138 269 520,A01,2,33,0,0,8,1,1,,31,7,2019,13:00,1,75,75112,2,4,1,7,ECHANGEUR BERCY,48.8268139,2.3904759
1258,201900019735,138 269 519,A01,1,34,4,1,1,1,1,,1,8,2019,00:56,5,75,75115,2,4,1,6,BD PERIPHERIQUE EXTERIEUR SUD,48.8349149,2.273556
1259,201900019736,138 269 518,A01,1,32,8,0,5,1,1,,2,8,2019,02:36,5,75,75105,2,3,1,6,BOULEVARD DE L HOPITAL,48.8403353,2.3619967
1260,201900019737,138 269 517,B01,2,1,0,2,1,1,5,,3,8,2019,00:08,5,75,75119,2,2,1,3,BOULEVARD DE LA VILLETTE,48.8721169,2.3770365
1261,201900019738,138 269 515,A01,1,32,0,1,1,17,1,,3,8,2019,17:20,1,75,75118,2,1,1,6,RUE ORDENER,48.891342,2.35082
1262,201900019742,138 269 509,A01,2,30,0,0,8,25,1,,31,7,2019,18:10,1,75,75116,2,2,1,7,CARREFOUR DES CASCADES,48.858412,2.258782
1263,201900019743,138 269 507,A01,1,33,0,2,1,2,1,,31,7,2019,18:00,1,75,75116,2,1,1,2,AVENUE DE NEW YORK,48.85955,2.290039
1264,201900019744,138 269 505,B01,1,34,0,2,1,3,1,,2,8,2019,10:15,1,75,75115,2,1,1,4,QUAI D ISSY LES MOULINEAUX,48.8352596,2.2661142
1265,201900019745,138 269 503,A01,2,1,0,2,1,2,5,,1,8,2019,19:00,1,75,75113,2,2,1,2,PONT DE TOLBIAC,48.832242,2.379803
1266,201900019746,138 269 500,B01,1,1,0,2,7,1,5,,2,8,2019,18:10,1,75,75112,2,2,1,3,AVENUE DE SAINT MAURICE,48.8242405,2.4199743
1267,201900019746,138 269 501,A01,1,31,0,2,3,15,1,,2,8,2019,18:10,1,75,75112,2,2,1,3,AVENUE DE SAINT MAURICE,48.8242405,2.4199743
1268,201900019747,138 269 499,B01,1,1,0,2,1,1,5,,1,8,2019,18:15,1,75,75112,2,1,1,3,RUE DE PICPUS,48.846111,2.394623
1269,201900019749,138 269 495,A01,2,30,0,2,7,1,1,,3,8,2019,08:40,1,75,75109,2,3,1,6,BOULEVARD DE CLICHY,48.8841015,2.3308168
1270,201900019750,138 269 494,A01,2,30,12,0,1,14,3,,3,8,2019,04:00,5,75,75109,2,1,1,6,BOULEVARD DE ROCHECHOUART,48.882524,2.343138
1271,201900019751,138 269 492,A01,1,32,0,2,2,2,1,,2,8,2019,12:50,1,75,75109,2,4,1,2,BOULEVARD HAUSSMANN,48.8726065,2.3358008
1272,201900019752,138 269 491,A01,2,50,0,2,1,1,3,,25,7,2019,10:00,1,75,75109,2,2,7,6,RUE DU FAUBOURG POISSONNIERE,48.874018,2.347893
1273,201900019753,138 269 486,A01,1,30,0,2,8,15,1,,2,8,2019,12:50,1,75,75108,2,7,1,4,PLACE DE LA CONCORDE,48.86587,2.319896
1274,201900019754,138 269 485,B01,1,32,0,2,7,1,1,,1,8,2019,17:31,1,75,75108,2,1,1,3,AVENUE GEORGE V,48.870631,2.300949
1275,201900019755,138 269 483,A01,1,33,7,0,1,1,1,,31,7,2019,23:10,4,75,75108,2,7,1,6,PLACE DE LA CONCORDE,48.8653175,2.3215554
1276,201900019757,138 269 481,A01,1,50,0,1,8,1,3,,3,8,2019,15:25,1,75,75104,2,2,1,6,RUE DE TURENNE,48.8564423,2.3642761
1277,201900020036,138 268 917,B01,2,31,0,2,8,3,1,,17,11,2019,17:20,2,75,75116,2,1,1,3,BD PERIPHERIQUE EXTERIEUR,48.872112,2.273819
1278,201900020037,138 268 915,A01,1,30,0,2,7,17,1,,16,11,2019,22:40,5,75,75119,2,3,1,6,RUE DU MAROC,48.886818,2.368501
1279,201900020038,138 268 913,B01,1,30,0,2,8,1,1,,17,11,2019,21:00,5,75,75118,2,1,1,3,PORTE DE LA CHAPELLE,48.8996362,2.358658
1280,201900020039,138 268 911,A01,1,33,0,1,2,1,1,,17,11,2019,19:00,5,75,75109,2,5,1,6,RUE DE ROCHECHOUART,48.8783244,2.3450084
1281,201900020147,138 268 726,B01,2,32,0,2,2,17,1,,16,11,2019,09:15,1,75,75118,2,7,8,3,BOULEVARD ORNANO,48.8960277,2.3459888
1282,201900020148,138 268 723,A01,1,30,0,2,8,1,1,,16,11,2019,00:15,5,75,75116,2,3,2,6,AVENUE DE VERSAILLES,48.8391997,2.2614837
1283,201900020150,138 268 717,A01,1,43,0,0,7,1,1,,14,11,2019,23:00,5,75,75115,2,3,2,7,RUE LECOURBE,48.837405,2.28506
1284,201900020453,138 268 153,B01,1,1,0,2,7,17,5,,26,12,2019,15:35,1,75,75120,2,1,1,3,BOULEVARD DE MENILMONTANT,48.8618569,2.388033
1285,201900020453,138 268 154,A01,1,1,0,2,8,14,5,,26,12,2019,15:35,1,75,75120,2,1,1,3,BOULEVARD DE MENILMONTANT,48.8618569,2.388033
1286,201900020454,138 268 152,A01,1,31,0,0,1,1,1,,26,12,2019,10:10,1,75,75117,2,4,2,7,AVENUE DE LA PORTE DE CLICHY,48.8969517,2.3103851
1287,201900020456,138 268 148,B01,1,1,0,2,1,1,5,,17,12,2019,09:45,1,75,75116,2,1,1,3,BOULEVARD SUCHET,48.8589064,2.2656566
1288,201900020457,138 268 146,B01,1,32,0,2,3,1,1,,26,12,2019,18:10,5,75,75115,2,4,1,3,AVENUE DE LA PORTE BRANCION,48.8258665,2.3002184
1289,201900020458,138 268 145,A01,2,1,0,1,1,1,5,,26,12,2019,15:55,1,75,75115,2,3,1,6,RUE DE LOURMEL,48.849618,2.291457
1290,201900020459,138 268 144,A01,1,30,0,1,1,2,3,,26,12,2019,14:35,1,75,75114,2,3,1,6,AVENUE DU GENERAL LECLERC,48.823959,2.325722
1291,201900020461,138 268 141,A01,2,30,0,2,1,2,1,,26,12,2019,18:30,5,75,75112,2,2,1,2,BOULEVARD DIDEROT,48.847606,2.389068
1292,201900020463,138 268 139,A01,1,30,0,1,1,1,1,,22,12,2019,00:30,5,75,75112,2,7,2,6,RUE DE RAMBOUILLET,48.844823,2.38295
1293,201900020465,138 268 135,B01,2,50,0,2,1,1,3,,25,12,2019,14:00,1,75,75104,2,2,1,3,RUE SAINT LOUIS EN L ILE,48.8512811,2.3581051
1294,201900020466,138 268 134,A01,1,50,0,1,7,1,3,,26,12,2019,15:00,1,75,75104,2,1,1,6,VOIE GEORGES POMPIDOU,48.856602,2.348631
1295,201900020467,138 268 133,A01,2,33,0,0,8,1,1,,26,12,2019,14:35,1,75,75104,2,3,1,7,QUAI DE L HOTEL DE VILLE,48.854934,2.353526
1296,201900020552,138 267 975,B01,1,33,0,2,7,3,1,,23,12,2019,14:00,1,75,75120,2,1,1,3,BD PERIPHERIQUE INTERIEUR,48.873182,2.411905
1297,201900020553,138 267 974,A01,2,32,0,2,1,2,1,,25,12,2019,14:10,1,75,75117,2,1,8,2,AVENUE DE LA PORTE DE CLICHY,48.8949203,2.312429
1298,201900020799,138 267 517,A01,1,43,0,2,2,3,1,,11,10,2019,09:00,1,75,75114,2,4,1,3,BD PERIPHERIQUE INTERIEUR ,48.82096,2.3215676
1299,201900020800,138 267 515,A01,1,31,0,0,8,1,1,,11,10,2019,20:25,5,75,75114,2,1,1,7,BD PERIPHERIQUE INTERIEUR,48.8194041,2.3287888
1300,201900020802,138 267 512,B01,1,33,0,2,1,1,1,,12,10,2019,20:30,5,75,75120,2,1,1,3,AVENUE GAMBETTA,48.8634768,2.3898371
1301,201900020803,138 267 510,A01,1,32,0,2,8,15,1,,12,10,2019,18:40,1,75,75118,2,5,1,3,BOULEVARD DE CLICHY,48.8846276,2.329647
1302,201900020806,138 267 502,B01,2,33,0,2,3,1,1,,9,10,2019,22:45,5,75,75115,2,2,1,3,RUE DE LA CONVENTION,48.8460829,2.276941
1303,201900020807,138 267 499,B01,1,33,0,2,1,18,1,,12,10,2019,18:05,1,75,75112,2,1,1,3,PONT D AUSTERLITZ,48.8450718,2.366388
1304,201900020809,138 267 495,B01,2,31,0,2,0,17,1,,12,10,2019,16:25,1,75,75111,2,3,1,3,BOULEVARD VOLTAIRE,48.850622,2.3921578
1305,201900020810,138 267 493,B01,1,32,0,2,3,18,1,,11,10,2019,23:00,5,75,75102,2,3,1,3,BOULEVARD DE BONNE NOUVELLE,48.8704443,2.3491157
1306,201900020893,138 267 351,B01,1,31,0,2,7,1,1,,10,10,2019,16:30,1,75,75118,2,1,1,3,BD PERIPHERIQUE INTERIEUR,48.900815,2.339917
1307,201900020894,138 267 349,A01,2,30,0,2,3,15,1,,11,10,2019,22:45,5,75,75106,2,5,1,3,BOULEVARD DU MONTPARNASSE,48.8419452,2.3297197
1308,201900020895,138 267 347,B01,2,31,0,2,2,9,1,,10,10,2019,11:20,1,75,75105,2,1,1,3,BOULEVARD SAINT GERMAIN,48.850488,2.346928
1309,201900020896,138 267 345,B01,2,33,0,2,3,1,1,,10,10,2019,07:50,1,75,75106,2,3,1,3,RUE DE VAUGIRARD,48.8486248,2.3325455
1310,201900020898,138 267 342,A01,1,34,0,2,7,17,1,,11,10,2019,16:45,1,75,75117,2,4,1,3,AVENUE DE CLICHY,48.88752,2.325583
1311,201900020901,138 267 339,A01,3,31,0,0,3,1,1,,11,10,2019,20:25,5,75,75115,2,1,1,7,QUAI ANDRE CITROEN,48.8403717,2.2711114
1312,201900020902,138 267 337,A01,2,1,0,2,1,15,5,,10,10,2019,21:00,5,75,75115,2,4,1,3,RUE DE LA CONVENTION,48.83907,2.292356
1313,201900020902,138 267 338,B01,1,34,0,2,3,1,1,,10,10,2019,21:00,5,75,75115,2,4,1,3,RUE DE LA CONVENTION,48.83907,2.292356
1314,201900020903,138 267 336,A01,1,32,0,2,2,17,1,,11,10,2019,19:00,1,75,75114,2,1,1,3,RUE JEAN ZAY,48.837552,2.321448
1315,201900020904,138 267 333,A01,1,30,0,2,1,2,1,,10,10,2019,23:25,5,75,75113,2,1,1,2,AVENUE D ITALIE,48.8248748,2.3576709
1316,201900020905,138 267 331,B01,2,50,0,2,7,19,3,,11,10,2019,16:00,1,75,75108,2,2,1,3,RUE DU FAUBOURG SAINT HONORE,48.873081,2.31002
1317,201900020906,138 267 330,A01,1,1,0,1,1,1,5,,11,10,2019,08:50,1,75,75108,2,1,1,6,RUE LA BOETIE,48.8722858,2.3093919
1318,201900020907,138 267 328,A01,1,50,0,2,1,1,3,,11,10,2019,11:35,1,75,75101,2,2,1,3,RUE DU PONT NEUF,48.859877,2.344017
1319,201900020908,138 267 326,B01,1,33,0,2,1,1,1,,11,10,2019,00:15,5,75,75104,2,7,1,3,PLACE DE LA BASTILLE,48.8532541,2.3686098
1320,201900020909,138 267 325,A01,1,30,0,2,1,1,1,,11,10,2019,15:00,1,75,75101,2,3,1,3,RUE DE RICHELIEU,48.865538,2.336783
1321,201900021010,138 267 135,B01,1,30,0,2,1,1,1,,9,9,2019,21:10,5,75,75115,2,3,1,3,AVENUE DE LA PORTE BRANCION,48.8275694,2.3010878
1322,201900021012,138 267 131,A01,2,31,0,2,1,1,1,,9,9,2019,13:30,1,75,75117,2,3,1,3,BOULEVARD GOUVION SAINT CYR,48.8834534,2.2881389
1323,201900021013,138 267 128,B01,3,31,0,2,8,1,1,,10,9,2019,22:15,5,75,75116,2,7,1,3,PLACE CLEMENT ADER,48.8513506,2.2784911
1324,201900021013,138 267 129,A01,3,2,0,2,1,1,1,,10,9,2019,22:15,5,75,75116,2,7,1,3,PLACE CLEMENT ADER,48.8513506,2.2784911
1325,201900021014,138 267 127,A01,1,32,0,2,5,17,1,,10,9,2019,09:00,1,75,75116,2,2,1,3,ROUTE DE LA PTE DAUPHINE A LA PTE DES SA,48.876061,2.270837
1326,201900021015,138 267 125,A01,1,1,0,1,1,1,5,,10,9,2019,12:25,1,75,75112,2,1,1,6,RUE DU RENDEZ VOUS,48.84538,2.404111
1327,201900021016,138 267 124,A01,2,33,0,1,3,1,0,,10,9,2019,17:51,1,75,75108,2,2,1,6,RUE DU FAUBOURG SAINT HONORE,48.8683777,2.3232678
1328,201900021017,138 267 122,A01,2,33,0,2,1,17,1,,10,9,2019,20:40,5,75,75107,2,3,1,3,BOULEVARD DES INVALIDES,48.848296,2.315779
1329,201900021017,138 267 123,B01,2,1,0,2,8,15,5,,10,9,2019,20:40,5,75,75107,2,3,1,3,BOULEVARD DES INVALIDES,48.848296,2.315779