,Num_Acc,id_vehicule,num_veh,senc,catv,obs,obsm,choc,manv,motor,occutc,jour,mois,an,hrmn,lum,dep,com,agg,int,atm,col,adr,lat,long
1330,201900021276,138 266 606,A01,2,43,0,2,3,3,1,,17,4,2019,10:00,1,75,75116,2,1,1,4,PORTE DE SAINT CLOUD,48.840492,2.253876
1331,201900021277,138 266 603,B01,2,33,0,2,1,11,1,,17,4,2019,07:35,1,75,75115,2,1,1,2,PORTE DE VERSAILLES,48.830954,2.284024
1332,201900021278,138 266 601,A01,2,31,0,2,2,3,1,,17,4,2019,08:40,1,75,75114,2,1,1,3,BD PERIPHERIQUE EXTERIEUR,48.824579,2.305068
1333,201900021279,138 266 598,C01,2,32,0,2,0,1,1,,16,4,2019,12:40,1,75,75112,2,1,1,5,PORTE DE CHARENTON,48.831934,2.405092
1334,201900021280,138 266 595,B01,2,32,0,2,7,1,1,,16,4,2019,16:41,1,75,75107,2,1,1,6,RUE DE VARENNE,48.854338,2.322452
1335,201900021281,138 266 592,B01,2,1,0,2,0,7,5,,17,4,2019,12:30,1,75,75106,2,2,1,3,BOULEVARD SAINT GERMAIN,48.851676,2.342038
1336,201900021282,138 266 591,B01,1,1,0,0,1,1,5,,17,4,2019,10:55,1,75,75105,2,3,1,2,RUE GEOFFROY SAINT HILAIRE,48.843662,2.355005
1337,201900021284,138 266 588,Z01,2,30,0,1,7,25,0,,17,4,2019,16:25,1,75,75119,2,1,1,6,BOULEVARD SERURIER,48.88901,2.395957
1338,201900021285,138 266 587,B01,1,50,0,2,1,19,3,,17,4,2019,10:35,1,75,75116,2,3,1,3,AVENUE HENRI MARTIN,48.862972,2.269171
1339,201900021286,138 266 585,A01,1,34,0,1,1,17,1,,17,4,2019,08:30,1,75,75116,2,3,1,6,AVENUE DE VERSAILLES,48.849106,2.275429
1340,201900021289,138 266 581,A01,2,32,0,1,1,20,1,,17,4,2019,14:30,1,75,75115,2,1,1,6,QUAI ANDRE CITROEN,48.846992,2.278829
1341,201900021290,138 266 580,B01,1,2,0,2,0,18,3,,17,4,2019,21:20,4,75,75114,2,1,1,6,RUE DE L OUEST,48.837161,2.321641
1342,201900021292,138 266 575,Z01,3,33,0,2,8,14,0,,17,4,2019,14:40,1,75,75113,2,1,1,6,QUAI D IVRY,48.825887,2.387768
1343,201900021292,138 266 577,A01,3,30,0,2,8,1,1,,17,4,2019,14:40,1,75,75113,2,1,1,6,QUAI D IVRY,48.825887,2.387768
1344,201900021293,138 266 574,B01,2,50,0,2,8,1,3,,17,4,2019,14:30,1,75,75113,2,3,1,3,AVENUE D ITALIE,48.824444,2.357804
1345,201900021294,138 266 571,B01,2,2,0,2,3,7,3,,17,4,2019,09:25,1,75,75113,2,3,1,3,AVENUE DES GOBELINS,48.833203,2.354361
1346,201900021295,138 266 569,A01,1,33,0,2,8,1,1,,17,4,2019,18:55,1,75,75112,2,3,1,6,QUAI DE LA RAPEE,48.84527,2.368362
1347,201900021295,138 266 570,Z01,2,1,0,2,1,16,5,,17,4,2019,18:55,1,75,75112,2,3,1,6,QUAI DE LA RAPEE,48.84527,2.368362
1348,201900021296,138 266 568,A01,2,50,0,1,3,25,3,,16,4,2019,20:00,2,75,75112,2,1,1,6,RUE DE WATTIGNIES,48.83488,2.399928
1349,201900021297,138 266 566,A01,1,30,0,2,1,7,1,,17,4,2019,18:20,1,75,75108,2,2,1,6,BOULEVARD HAUSSMANN,48.874719,2.319971
1350,201900021298,138 266 565,B01,2,32,0,2,2,1,1,,17,4,2019,11:35,1,75,75108,2,7,1,3,PLACE DE LA MADELEINE,48.869572,2.323635
1351,201900021299,138 266 563,A01,1,30,14,0,1,17,3,,16,4,2019,20:55,5,75,75104,2,3,1,6,RUE SAINT ANTOINE,48.855065,2.36168
1352,201900021369,138 266 423,B01,1,1,0,2,2,17,5,,30,6,2019,20:00,1,75,75120,2,1,1,3,BOULEVARD DE BELLEVILLE,48.868176,2.381835
1353,201900021370,138 266 422,A01,2,1,0,2,1,1,5,,30,6,2019,09:05,1,75,75120,2,2,1,3,RUE DE MENILMONTANT,48.869966,2.394491
1354,201900021371,138 266 419,A01,2,31,0,2,3,1,1,,30,6,2019,16:00,1,75,75116,2,1,1,6,RUE DE LONGCHAMP,48.867439,2.277577
1355,201900021372,138 266 417,B01,1,60,0,2,7,2,5,,30,6,2019,17:30,1,75,75116,2,1,1,3,RUE ADOLPHE YVON,48.864269,2.270801
1356,201900021373,138 266 416,B01,0,33,0,2,1,1,1,,30,6,2019,12:10,1,75,75116,2,7,1,3,PLACE DE COLOMBIE,48.863194,2.268521
1357,201900021374,138 266 413,A01,3,1,0,2,8,9,5,,30,6,2019,11:50,1,75,75116,2,7,1,3,PLACE DE LA PORTE DE SAINT CLOUD,48.837617,2.257522
1358,201900021375,138 266 411,B01,2,30,0,2,7,1,1,,30,6,2019,04:55,2,75,75115,2,2,1,3,RUE DUTOT,48.837675,2.307848
1359,201900021879,138 265 423,B01,1,33,0,2,4,3,0,,12,3,2019,19:10,5,75,75112,2,1,2,2,PORTE DOREE,48.838692,2.412999
1360,201900021879,138 265 424,A01,1,32,0,2,1,3,1,,12,3,2019,19:10,5,75,75112,2,1,2,2,PORTE DOREE,48.838692,2.412999
1361,201900021884,138 265 415,A01,2,34,0,2,7,9,1,,13,3,2019,17:00,1,75,75116,2,4,8,3,RUE HENRY DE LA VAULX,48.835822,2.257073
1362,201900021885,138 265 414,A01,3,2,16,0,0,1,1,,12,3,2019,18:45,5,75,75116,2,1,2,7,BOULEVARD THIERRY DE MARTEL,48.876126,2.279519
1363,201900021886,138 265 412,B01,1,34,0,2,4,23,1,,12,3,2019,15:05,1,75,75116,2,4,1,2,AVENUE DE NEUILLY,48.878443,2.279821
1364,201900021887,138 265 411,A01,1,1,0,1,1,1,5,,12,3,2019,20:15,5,75,75114,2,1,2,6,RUE DE GERGOVIE,48.833828,2.314692
1365,201900021888,138 265 409,A01,2,30,0,2,8,9,3,,13,3,2019,11:15,1,75,75113,2,1,1,3,RUE DU CHATEAU DES RENTIERS,48.826186,2.369194
1366,201900021888,138 265 410,B01,2,33,0,2,1,1,1,,13,3,2019,11:15,1,75,75113,2,1,1,3,RUE DU CHATEAU DES RENTIERS,48.826186,2.369194
1367,201900021889,138 265 407,A01,3,32,0,2,1,1,1,,12,3,2019,20:15,5,75,75113,2,2,2,6,RUE NEUVE TOLBIAC,48.832236,2.37977
1368,201900021890,138 265 406,A01,3,1,14,0,1,1,5,,13,3,2019,16:30,1,75,75112,2,1,1,6,CARREFOUR DE PYRAMIDE,48.833789,2.445168
1369,201900021891,138 265 404,A01,1,32,0,2,6,11,1,,13,3,2019,08:37,1,75,75112,2,2,1,2,RUE VAN GOGH,48.843429,2.3707
1370,201900021892,138 265 402,A01,3,33,0,2,8,1,1,,12,3,2019,20:10,5,75,75112,2,4,2,3,RUE ESCOFFIER,48.826912,2.392678
1371,201900021893,138 265 400,A01,2,1,0,2,2,1,5,,13,3,2019,20:15,5,75,75111,2,2,1,3,BOULEVARD VOLTAIRE,48.85975,2.376841
1372,201900021893,138 265 401,B01,2,33,0,2,1,1,1,,13,3,2019,20:15,5,75,75111,2,2,1,3,BOULEVARD VOLTAIRE,48.85975,2.376841
1373,201900021894,138 265 399,A01,2,34,0,1,1,7,1,,13,3,2019,09:52,1,75,75110,2,3,1,6,BOULEVARD DE MAGENTA,48.87825,2.354307
1374,201900021895,138 265 398,B01,1,32,0,2,8,1,1,,13,3,2019,09:00,1,75,75110,2,2,1,3,RUE LA FAYETTE,48.878976,2.355761
1375,201900021897,138 265 395,A01,3,32,0,2,2,1,1,,13,3,2019,00:45,5,75,75104,2,2,1,6,BOULEVARD HENRI IV,48.851083,2.362211
1376,201900021898,138 265 392,B01,1,1,0,2,1,17,5,,12,3,2019,15:50,1,75,75103,2,4,1,6,RUE DU TEMPLE,48.866078,2.361124
1377,201900021899,138 265 390,A01,2,33,8,0,7,13,1,,12,3,2019,19:40,5,75,75101,2,7,8,6,RUE SAINT HONORE,48.86661,2.328536
1378,201900022133,138 264 938,B01,2,33,0,2,3,1,1,,14,11,2019,17:05,5,75,75119,2,1,1,3,BD PERIPHERIQUE EXTERIEUR,48.882114,2.401694
1379,201900022134,138 264 936,A01,2,33,0,2,1,9,1,,14,11,2019,00:10,5,75,75119,2,4,1,3,BD PERIPHERIQUE EXTERIEUR,48.8926137,2.3956418
1380,201900022136,138 264 933,A01,1,30,0,2,1,13,1,,15,11,2019,07:55,1,75,75112,2,1,3,1,ROUTE DE LA PYRAMIDE,48.82022,2.461227
1381,201900022137,138 264 931,B01,2,32,0,2,1,1,1,,13,11,2019,21:30,5,75,75105,2,2,2,3,BOULEVARD SAINT GERMAIN,48.849437,2.354422
1382,201900022138,138 264 930,A01,2,32,0,0,0,9,1,,15,11,2019,09:15,1,75,75105,2,1,2,7,QUAI DE LA TOURNELLE,48.8501452,2.3543572
1383,201900022139,138 264 929,B01,1,1,0,2,1,1,5,,10,11,2019,12:40,1,75,75120,2,1,1,3,BOULEVARD DE BELLEVILLE,48.8715375,2.3775932
1384,201900022140,138 264 927,A01,1,33,0,1,1,1,1,,14,11,2019,23:25,5,75,75119,2,7,1,6,RUE MANIN,48.8863882,2.3939735
1385,201900022141,138 264 926,A01,2,43,0,1,1,1,1,,15,11,2019,18:20,5,75,75118,2,1,2,6,RUE DAMREMONT,48.8924732,2.3355553
1386,201900022142,138 264 924,B01,2,33,0,2,0,1,1,,15,11,2019,16:15,1,75,75108,2,2,2,3,COURS LA REINE,48.86499,2.3137057
1387,201900022143,138 264 923,A01,1,32,0,2,1,2,1,,15,11,2019,20:00,5,75,75116,2,3,2,2,AVENUE DE VERSAILLES,48.841676,2.266864
1388,201900022145,138 264 918,B01,1,32,0,2,7,16,1,,15,11,2019,10:00,1,75,75116,2,4,2,2,AVENUE DE LA PORTE D AUTEUIL,48.8480837,2.2538602
1389,201900022146,138 264 915,A01,1,1,0,2,4,13,5,,15,11,2019,06:00,5,75,75116,2,4,2,3,ROUTE DE LA MUETTE A NEUILLY,48.864506,2.266503
1390,201900022148,138 264 913,B01,2,33,0,2,8,1,1,,15,11,2019,08:15,5,75,75115,2,4,2,3,AVENUE DE LA PORTE DE LA PLAINE,48.829203,2.292302
1391,201900022149,138 264 910,B01,2,32,0,2,7,1,1,,15,11,2019,08:10,2,75,75115,2,4,3,3,AVENUE DE LA PORTE DE SEVRES,48.834153,2.277238
1392,201900022150,138 264 909,A01,2,1,0,1,1,1,5,,15,11,2019,19:50,5,75,75114,2,4,2,6,RUE DAREAU,48.8309,2.3367
1393,201900022151,138 264 908,A01,3,32,0,0,7,15,1,,15,11,2019,19:10,5,75,75114,2,2,2,7,RUE DE LA LEGION ETRANGERE,48.820206,2.324003
1394,201900022152,138 264 907,A01,2,33,0,1,3,1,1,,15,11,2019,17:25,5,75,75114,2,3,3,6,AVENUE DU GENERAL LECLERC,48.8332321,2.3315368
1395,201900022153,138 264 906,A01,1,30,14,0,1,14,1,,15,11,2019,02:57,5,75,75114,2,1,2,6,AVENUE DENFERT ROCHEREAU,48.8355598,2.3335156
1396,201900022155,138 264 904,B01,1,50,0,2,3,19,3,,15,11,2019,10:35,1,75,75112,2,4,2,3,RUE DE LA BRECHE AUX LOUPS,48.837868,2.394437
1397,201900022156,138 264 901,B01,2,34,1,2,2,17,1,,15,11,2019,07:35,2,75,75112,2,1,3,3,AVENUE DAUMESNIL,48.8373639,2.4016354
1398,201900022158,138 264 899,A01,2,50,0,1,7,1,3,,15,11,2019,09:40,1,75,75110,2,1,2,6,BOULEVARD DE MAGENTA,48.8775125,2.3501998
1399,201900022363,138 264 508,A01,1,33,0,2,1,2,1,,23,12,2019,13:35,1,75,75116,2,1,1,2,BD PERIPHERIQUE INTERIEUR,48.8727828,2.2746081
1400,201900022369,138 264 501,A01,2,80,0,1,1,25,3,,24,12,2019,14:55,1,75,75120,2,1,1,6,COURS DE VINCENNES,48.8480034,2.403644
1401,201900022372,138 264 494,A01,1,1,0,1,8,17,5,,24,12,2019,17:00,5,75,75119,2,1,1,6,RUE DE BELLEVILLE,48.87539,2.390057
1402,201900022373,138 264 492,B01,2,30,0,2,1,1,1,,24,12,2019,00:01,5,75,75116,2,1,2,3,ALLEE DE LONGCHAMP,48.865258,2.244194
1403,201900022374,138 264 491,A01,1,33,0,2,8,13,1,,23,12,2019,18:10,5,75,75116,2,7,1,1,PLACE DU PARAGUAY,48.8716098,2.2764444
1404,201900022386,138 264 470,A01,1,30,0,2,1,17,1,,24,12,2019,19:00,5,75,75113,2,3,1,3,RUE DU DESSOUS DES BERGES,48.828935,2.372516
1405,201900022389,138 264 465,A01,1,43,0,2,8,11,1,,24,12,2019,17:20,5,75,75108,2,4,1,3,COURS ALBERT 1ER,48.8645331,2.3067206
1406,201900022408,138 264 428,B01,3,33,0,2,1,1,1,,29,1,2019,09:05,1,75,75112,2,2,1,3,QUAI DE LA RAPEE,48.845848,2.367633
1407,201900022412,138 264 427,B01,2,50,0,2,1,5,3,,29,1,2019,19:00,5,75,75105,2,1,2,3,RUE BUFFON,48.842253,2.360086
1408,201900022415,138 264 419,A01,1,30,0,2,1,17,1,,30,1,2019,12:25,1,75,75117,2,2,1,3,RUE POUCHET,48.894233,2.320611
1409,201900022416,138 264 417,A01,2,32,0,1,1,1,1,,29,1,2019,18:25,5,75,75117,2,7,2,6,AVENUE DE WAGRAM,48.87775,2.297914
1410,201900022417,138 264 416,B01,1,43,0,2,3,1,1,,29,1,2019,14:40,1,75,75117,2,1,1,3,BOULEVARD BERTHIER,48.890957,2.305561
1411,201900022418,138 264 414,A01,2,33,0,0,8,2,1,,28,1,2019,09:50,1,75,75116,2,1,1,7,AVENUE FOCH,48.873069,2.288061
1412,201900022419,138 264 413,A01,2,30,0,0,7,1,1,,30,1,2019,13:07,1,75,75115,2,7,1,7,AVENUE EMILE ZOLA,48.846536,2.286026
1413,201900022422,138 264 409,Z01,1,2,0,1,0,1,0,,29,1,2019,16:10,1,75,75114,2,1,2,6,BOULEVARD JOURDAN,48.820358,2.339017
1414,201900022426,138 264 403,B01,2,1,0,2,0,21,5,,30,1,2019,13:30,1,75,75113,2,1,1,2,AVENUE DE LA PORTE DE CHOISY,48.8204484,2.3643941
1415,201900022429,138 264 399,A01,1,33,0,2,0,17,1,,29,1,2019,15:40,1,75,75112,2,2,2,3,BOULEVARD DIDEROT,48.848033,2.392844
1416,201900022432,138 264 393,A01,1,30,0,2,7,17,3,,29,1,2019,16:55,2,75,75111,2,3,2,3,AVENUE DE LA REPUBLIQUE,48.865691,2.372324
1417,201900022441,138 264 377,A01,1,32,0,2,1,21,1,,29,1,2019,14:24,1,75,75109,2,3,1,6,RUE LA FAYETTE,48.87647,2.346169
1418,201900022443,138 264 373,B01,2,30,0,2,1,3,1,,30,1,2019,19:30,5,75,75102,2,1,2,2,RUE REAUMUR,48.866653,2.350572
1419,201900022701,138 263 874,Z01,2,31,0,2,8,11,0,,10,10,2019,17:30,1,75,75119,2,1,1,6,BD PERIPHERIQUE EXTERIEUR,48.89361,2.395287
1420,201900022701,138 263 876,A01,2,32,0,2,2,3,1,,10,10,2019,17:30,1,75,75119,2,1,1,6,BD PERIPHERIQUE EXTERIEUR,48.89361,2.395287
1421,201900022703,138 263 869,A01,2,34,0,2,2,3,1,,10,10,2019,10:00,1,75,75116,2,1,1,3,BD PERIPHERIQUE EXTERIEUR,48.8480318,2.2534067
1422,201900022704,138 263 868,A01,1,31,0,2,3,12,1,,10,10,2019,09:00,1,75,75116,2,1,1,2,BD PERIPHERIQUE INTERIEUR,48.8431719,2.2545735
1423,201900022706,138 263 864,A01,2,33,0,2,2,2,1,,8,10,2019,17:33,1,75,75111,2,3,2,2,AVENUE DE LA REPUBLIQUE,48.8656387,2.3725863
1424,201900022707,138 263 861,B01,1,1,0,2,3,1,5,,10,10,2019,19:35,5,75,75118,2,1,1,3,RUE ORDENER,48.8929894,2.3410362
1425,201900022708,138 263 860,A01,2,31,14,0,1,1,1,,10,10,2019,06:30,3,75,75110,2,1,1,6,BOULEVARD DE LA CHAPELLE,48.8840158,2.3550038
1426,201900022709,138 263 858,B01,2,34,0,2,3,18,1,,10,10,2019,11:20,1,75,75117,2,4,1,3,AVENUE DE VILLIERS,48.8844404,2.3012429
1427,201900022711,138 263 855,A01,3,33,0,0,7,1,1,,10,10,2019,07:00,5,75,75116,2,1,1,7,ALLEE DE LONGCHAMP,48.869408,2.2557539
1428,201900022712,138 263 853,B01,2,43,0,2,1,1,1,,10,10,2019,00:05,5,75,75116,2,4,1,3,AVENUE PAUL DOUMER,48.861799,2.285766
1429,201900022713,138 263 851,A01,3,1,0,2,7,1,5,,8,10,2019,16:00,1,75,75116,2,7,2,3,PLACE DE LA PORTE D AUTEUIL,48.8480887,2.258014
1430,201900022714,138 263 850,A01,1,30,0,1,1,1,1,,9,10,2019,16:55,1,75,75115,2,2,2,6,RUE DE LA CONVENTION,48.8434497,2.2827637
1431,201900022718,138 263 844,A01,1,31,0,2,8,7,1,,10,10,2019,16:26,1,75,75113,2,2,1,3,BOULEVARD ARAGO,48.8349589,2.3449996
1432,201900022719,138 263 843,A01,2,32,0,0,0,21,1,,9,10,2019,23:00,5,75,75113,2,1,1,7,RUE DE LA GLACIERE,48.8303787,2.343958
1433,201900022720,138 263 842,A01,1,32,0,2,7,1,1,,10,10,2019,15:50,1,75,75108,2,7,1,3,PLACE DE LA CONCORDE,48.8644306,2.3201455
1434,201900022721,138 263 839,A01,1,30,0,2,2,1,1,,10,10,2019,18:20,1,75,75107,2,4,1,3,RUE DU BAC,48.856722,2.3270456
1435,201900022721,138 263 840,B01,1,1,0,2,3,1,5,,10,10,2019,18:20,1,75,75107,2,4,1,3,RUE DU BAC,48.856722,2.3270456
1436,201900022722,138 263 837,B01,1,30,0,2,0,1,1,,10,10,2019,12:10,1,75,75101,2,1,1,3,QUAI DE L HORLOGE,48.8568235,2.3441327
1437,201900022723,138 263 836,B01,3,30,0,2,1,16,1,,10,10,2019,01:15,5,75,75104,2,2,2,3,RUE MORNAY,48.8495165,2.3656247
1438,201900022786,138 263 721,B01,1,32,0,2,8,1,1,,8,9,2019,23:20,5,75,75117,2,4,1,3,BD PERIPHERIQUE INTERIEUR,48.8846754,2.2865245
1439,201900022787,138 263 719,A01,2,1,0,2,2,17,5,,9,9,2019,20:30,5,75,75120,2,4,1,6,RUE D AVRON,48.8515836,2.3998432
1440,201900022789,138 263 715,B01,2,32,0,2,2,15,1,,9,9,2019,02:20,5,75,75119,2,1,1,3,RUE RIQUET,48.88961,2.3690854
1441,201900022789,138 263 716,A01,2,32,0,2,1,25,1,,9,9,2019,02:20,5,75,75119,2,1,1,3,RUE RIQUET,48.88961,2.3690854
1442,201900022790,138 263 714,A01,1,1,0,2,1,1,5,,9,9,2019,12:30,1,75,75117,2,2,1,3,AVENUE DE CLICHY,48.890269,2.320759
1443,201900022791,138 263 712,A01,2,34,0,1,1,1,1,,9,9,2019,09:50,1,75,75117,2,2,1,6,RUE DE ROME,48.8821869,2.3203629
1444,201900022792,138 263 710,B01,3,34,0,2,1,1,1,,9,9,2019,20:00,5,75,75116,2,2,1,3,ALLEE DE LONGCHAMP,48.87492,2.271104
1445,201900022792,138 263 711,A01,1,1,0,2,7,1,5,,9,9,2019,20:00,5,75,75116,2,2,1,3,ALLEE DE LONGCHAMP,48.87492,2.271104
1446,201900022793,138 263 708,B01,2,33,0,2,1,1,1,,8,9,2019,13:00,1,75,75116,2,2,1,3,ALLEE DE LONGCHAMP,48.8635714,2.2391993
1447,201900022794,138 263 706,B01,2,30,0,2,6,1,1,,9,9,2019,15:17,1,75,75113,2,2,1,3,BOULEVARD MASSENA,48.8241652,2.3767751
1448,201900022795,138 263 704,A01,1,32,0,2,1,17,1,,9,9,2019,07:48,1,75,75113,2,3,1,3,QUAI D AUSTERLITZ,48.83856,2.37241
1449,201900022798,138 263 700,A01,1,80,12,0,2,13,2,,9,9,2019,13:35,1,75,75112,2,7,1,6,BOULEVARD SOULT,48.8355925,2.4069445
1450,201900022799,138 263 699,A01,2,32,0,1,0,17,1,,9,9,2019,10:30,1,75,75110,2,3,1,6,RUE DU FAUBOURG SAINT MARTIN,48.880354,2.364225
1451,201900022914,138 263 484,A01,1,33,0,2,1,2,1,,7,9,2019,12:05,1,75,75113,2,1,1,2,BD PERIPHERIQUE INTERIEUR,48.816467,2.34455
1452,201900022915,138 263 481,A01,2,32,0,2,1,2,1,,6,9,2019,13:15,1,75,75120,2,1,1,2,BD PERIPHERIQUE EXTERIEUR,48.851814,2.415215
1453,201900022916,138 263 479,A01,2,33,0,2,2,3,1,,6,9,2019,06:45,2,75,75116,2,1,1,3,BD PERIPHERIQUE EXTERIEUR,48.8763685,2.2782462
1454,201900022917,138 263 478,B01,1,30,0,2,5,1,1,,8,9,2019,15:38,1,75,75107,2,7,1,3,PLACE LE CORBUSIER,48.8515607,2.3268177
1455,201900022918,138 263 475,A01,1,30,0,2,7,17,1,,8,9,2019,20:15,2,75,75120,2,1,1,3,RUE SORBIER,48.866761,2.391487
1456,201900022918,138 263 476,B01,1,1,0,2,7,1,5,,8,9,2019,20:15,2,75,75120,2,1,1,3,RUE SORBIER,48.866761,2.391487
1457,201900022919,138 263 473,A01,1,33,0,2,5,1,1,,8,9,2019,15:25,1,75,75117,2,1,1,3,BOULEVARD DU FORT DE VAUX,48.8930108,2.3021578
1458,201900022920,138 263 472,A01,1,30,1,0,1,14,1,,8,9,2019,06:10,2,75,75113,2,1,1,6,AVENUE D ITALIE,48.8234844,2.358111
1459,201900023065,138 263 182,A01,2,43,0,2,2,2,1,,16,4,2019,17:45,1,75,75116,2,1,1,2,PORTE DE PASSY,48.858333,2.260662
1460,201900023066,138 263 180,B01,1,43,0,2,7,3,1,,16,4,2019,09:40,1,75,75116,2,1,1,3,PORTE DE PASSY,48.85885,2.261772
1461,201900023068,138 263 178,B01,2,1,0,2,1,17,5,,16,4,2019,15:40,1,75,75105,2,1,1,6,RUE GAY LUSSAC,48.845306,2.341552
1462,201900023072,138 263 172,B01,3,1,0,2,2,1,5,,16,4,2019,09:35,1,75,75117,2,2,1,3,BOULEVARD GOUVION SAINT CYR,48.885669,2.291459
1463,201900023073,138 263 171,A01,1,32,0,2,0,17,1,,14,4,2019,10:20,1,75,75117,2,1,1,2,AVENUE MAC MAHON,48.875569,2.294749
1464,201900023075,138 263 167,A01,1,33,0,0,8,1,1,,16,4,2019,12:20,1,75,75114,2,1,1,7,AVENUE DE LA PORTE DE CHATILLON,48.823329,2.316556
1465,201900023079,138 263 161,A01,1,33,0,2,5,23,1,,16,4,2019,00:50,5,75,75108,2,7,1,6,PLACE DE LA MADELEINE,48.870826,2.325059
1466,201900023317,138 262 647,B01,1,1,0,2,1,1,5,,31,7,2019,15:23,1,75,75106,2,2,1,3,RUE DE SEINE,48.851471,2.337041
1467,201900023318,138 262 646,B01,1,30,0,2,1,1,1,,31,7,2019,01:15,5,75,75120,2,2,1,3,BOULEVARD DAVOUT,48.85351,2.4107771
1468,201900023320,138 262 642,A01,1,32,0,2,0,17,1,,30,7,2019,21:20,2,75,75118,2,2,1,3,BOULEVARD BARBES,48.8915652,2.3495969
1469,201900023322,138 262 636,A01,3,32,0,2,8,1,1,,31,7,2019,09:13,1,75,75114,2,2,1,5,BOULEVARD ROMAIN ROLLAND,48.819786,2.32577
1470,201900023323,138 262 634,A01,1,30,0,2,2,1,1,,31,7,2019,21:55,5,75,75107,2,2,1,6,RUE DE CONSTANTINE,48.8599505,2.3148376
1471,201900023323,138 262 635,Z01,3,30,0,2,1,5,3,,31,7,2019,21:55,5,75,75107,2,2,1,6,RUE DE CONSTANTINE,48.8599505,2.3148376
1472,201900023606,138 262 024,A01,2,32,0,2,7,12,1,,11,3,2019,20:00,5,75,75114,2,1,1,6,PORTE DE CHATILLON,48.824004,2.307669
1473,201900023609,138 262 020,A01,1,32,0,1,3,17,1,,12,3,2019,09:40,1,75,75120,2,1,1,6,AVENUE GAMBETTA,48.864969,2.39674
1474,201900023610,138 262 019,A01,1,33,0,1,2,1,1,,11,3,2019,15:49,1,75,75120,2,2,1,6,RUE DE MENILMONTANT,48.870785,2.399218
1475,201900023612,138 262 015,A01,2,33,0,2,6,1,1,,12,3,2019,09:51,1,75,75118,2,2,1,3,RUE ORDENER,48.892408,2.344992
1476,201900023613,138 262 013,B01,2,1,0,2,8,19,5,,12,3,2019,17:30,1,75,75116,2,7,8,3,AVENUE BUGEAUD,48.869726,2.285051
1477,201900023613,138 262 014,A01,1,32,0,2,3,1,1,,12,3,2019,17:30,1,75,75116,2,7,8,3,AVENUE BUGEAUD,48.869726,2.285051
1478,201900023614,138 262 010,A01,1,50,0,2,3,19,3,,12,3,2019,08:20,1,75,75114,2,2,1,3,RUE D ALESIA,48.827816,2.332558
1479,201900023614,138 262 011,B01,2,31,0,2,0,2,1,,12,3,2019,08:20,1,75,75114,2,2,1,3,RUE D ALESIA,48.827816,2.332558
1480,201900023616,138 262 008,A01,2,34,7,0,1,17,1,,12,3,2019,19:15,2,75,75112,2,1,2,6,AVENUE DE SAINT MANDE,48.844425,2.408645
1481,201900023617,138 262 006,B01,2,34,0,2,1,1,1,,12,3,2019,07:35,2,75,75112,2,1,1,3,AVENUE DAUMESNIL,48.839754,2.431431
1482,201900023619,138 262 004,A01,2,43,0,2,1,17,1,,11,3,2019,18:00,1,75,75107,2,3,1,3,BOULEVARD DE LA TOUR MAUBOURG,48.854968,2.309653
1483,201900023769,138 261 704,A01,1,34,0,2,1,12,1,,11,3,2019,11:45,1,75,75112,2,1,1,2,QUAI DE BERCY,48.831322,2.385134
1484,201900023892,138 261 458,B01,1,31,0,2,3,3,1,,14,11,2019,07:15,2,75,75115,2,1,1,3,BD PERIPHERIQUE INTERIEUR,48.8256096,2.3009625
1485,201900023893,138 261 455,Z01,2,34,0,2,1,3,1,,13,11,2019,18:10,5,75,75112,2,1,1,6,BD PERIPHERIQUE EXTERIEUR,48.836796,2.412611
1486,201900023893,138 261 457,A01,2,32,0,2,4,3,1,,13,11,2019,18:10,5,75,75112,2,1,1,6,BD PERIPHERIQUE EXTERIEUR,48.836796,2.412611
1487,201900023894,138 261 454,A01,1,32,0,2,3,18,1,,12,11,2019,07:30,1,75,75112,2,1,1,4,BD PERIPHERIQUE INTERIEUR,48.838692,2.412999
1488,201900023897,138 261 445,B01,1,1,0,2,1,1,5,,14,11,2019,09:55,1,75,75118,2,2,1,3,BOULEVARD DE ROCHECHOUART,48.883837,2.349478
1489,201900023898,138 261 443,A01,1,1,0,2,3,15,5,,13,11,2019,19:55,3,75,75116,2,2,1,5,ROUTE DE LA PTE DAUPHINE A LA PTE DES SA,48.8749121,2.2711113
1490,201900023898,138 261 444,C01,2,34,0,2,1,1,1,,13,11,2019,19:55,3,75,75116,2,2,1,5,ROUTE DE LA PTE DAUPHINE A LA PTE DES SA,48.8749121,2.2711113
1491,201900023900,138 261 439,B01,1,33,0,2,4,23,1,,13,11,2019,18:35,2,75,75116,2,4,1,2,RUE D AUTEUIL,48.848022,2.263113
1492,201900023902,138 261 435,B01,1,32,0,2,7,1,1,,14,11,2019,13:00,1,75,75114,2,1,1,3,BD PERIPHERIQUE EXTERIEUR,48.8237151,2.3089573
1493,201900023904,138 261 431,A01,1,33,8,2,1,17,1,,14,11,2019,02:10,5,75,75110,2,3,2,3,RUE DU FAUBOURG SAINT DENIS,48.881283,2.358118
1494,201900023905,138 261 429,B01,1,1,0,2,1,1,5,,13,11,2019,11:35,1,75,75110,2,1,2,3,RUE DE L AQUEDUC,48.8824474,2.3640507