,Num_Acc,id_vehicule,num_veh,senc,catv,obs,obsm,choc,manv,motor,occutc,jour,mois,an,hrmn,lum,dep,com,agg,int,atm,col,adr,lat,long
1495,201900023907,138 261 426,B01,2,30,0,2,5,23,3,,13,11,2019,09:55,1,75,75108,2,5,8,3,RUE D EDIMBOURG,48.879516,2.321795
1496,201900023908,138 261 425,A01,1,32,0,0,7,15,1,,14,11,2019,07:30,2,75,75104,2,2,8,7,RUE DES ARCHIVES,48.8575117,2.3542392
1497,201900024057,138 261 113,B01,1,34,0,2,3,21,1,,16,1,2019,10:00,1,75,75106,2,3,1,3,QUAI DES GRANDS AUGUSTINS,48.854293,2.343165
1498,201900024060,138 261 106,B01,2,1,0,2,5,5,5,,28,1,2019,17:00,1,75,75115,2,1,1,3,RUE DE LOURMEL,48.843893,2.286447
1499,201900024061,138 261 104,B01,1,30,0,2,8,1,1,,26,1,2019,22:46,5,75,75115,2,3,2,3,RUE LECOURBE,48.844675,2.309579
1500,201900024064,138 261 098,A01,1,33,0,2,4,23,1,,28,1,2019,12:35,1,75,75103,2,2,8,6,BOULEVARD BEAUMARCHAIS,48.855801,2.368484
1501,201900024066,138 261 096,A01,2,33,0,1,1,1,1,,28,1,2019,10:45,1,75,75101,2,1,1,6,BOULEVARD DE LA MADELEINE,48.869684,2.326675
1502,201900024287,138 260 682,A01,1,33,0,2,1,3,1,,7,10,2019,08:20,1,75,75112,2,1,1,4,BD PERIPHERIQUE INTERIEUR,48.839578,2.413246
1503,201900024288,138 260 679,Z01,2,30,0,1,2,1,3,,9,10,2019,10:20,1,75,75118,2,5,1,6,RUE JOSEPH DE MAISTRE,48.8866328,2.3326015
1504,201900024289,138 260 677,A01,1,30,0,2,2,1,1,,9,10,2019,11:40,1,75,75117,2,1,2,3,RUE DE SAUSSURE,48.889373,2.3070728
1505,201900024290,138 260 676,A01,1,30,0,0,0,17,1,,8,10,2019,19:20,5,75,75117,2,4,2,7,BOULEVARD MALESHERBES,48.8890067,2.3042214
1506,201900024291,138 260 674,B01,1,34,0,2,3,1,1,,9,10,2019,09:55,1,75,75116,2,1,2,3,ALLEE DE LONGCHAMP,48.864864,2.243177
1507,201900024292,138 260 673,A01,1,32,0,2,7,1,1,,9,10,2019,12:32,1,75,75116,2,3,1,3,AVENUE D IENA,48.871138,2.295509
1508,201900024293,138 260 671,A01,3,34,0,1,1,17,1,,9,10,2019,10:20,1,75,75116,2,7,2,6,AVENUE DU GENERAL SARRAIL,48.8477942,2.2574812
1509,201900024296,138 260 667,A01,2,1,0,0,1,21,5,,9,10,2019,10:50,1,75,75115,2,1,2,7,RUE FALGUIERE,48.8409,2.31327
1510,201900024300,138 260 662,B01,2,1,0,2,1,1,5,,9,10,2019,09:30,1,75,75114,2,3,2,3,BOULEVARD BRUNE,48.8257434,2.3145081
1511,201900024301,138 260 660,B01,1,1,0,2,1,1,5,,9,10,2019,20:30,5,75,75113,2,3,1,3,QUAI D AUSTERLITZ,48.8383304,2.3728006
1512,201900024302,138 260 658,B01,2,30,0,2,7,17,3,,9,10,2019,20:39,5,75,75113,2,1,8,3,RUE DU DOCTEUR LERAY,48.8233702,2.3543398
1513,201900024306,138 260 653,B01,1,1,0,2,7,1,5,,8,10,2019,21:55,5,75,75111,2,2,2,3,RUE DE CHARONNE,48.855129,2.387104
1514,201900024307,138 260 651,A01,3,32,0,2,7,1,1,,8,10,2019,10:00,1,75,75108,2,7,2,3,PLACE DE LA CONCORDE,48.866668,2.3220188
1515,201900024308,138 260 648,A01,2,30,0,2,5,2,3,,9,10,2019,10:30,1,75,75101,2,1,1,2,BOULEVARD DE LA MADELEINE,48.8695013,2.3255854
1516,201900024407,138 260 446,A01,2,50,0,1,1,1,3,,23,12,2019,17:50,5,75,75120,2,1,1,6,RUE DE LAGNY,48.8491961,2.4137815
1517,201900024409,138 260 444,B01,1,33,0,2,1,1,1,,18,12,2019,06:50,5,75,75116,2,4,1,3,AVENUE DE NEW YORK,48.8624324,2.2936575
1518,201900024410,138 260 442,A01,1,33,0,1,3,1,1,,23,12,2019,19:36,3,75,75114,2,1,1,6,AVENUE PAUL APPELL,48.821921,2.326049
1519,201900024411,138 260 441,A01,2,1,0,1,1,7,5,,23,12,2019,17:45,5,75,75105,2,4,1,6,BOULEVARD DE L HOPITAL,48.84033,2.362023
1520,201900024412,138 260 440,A01,2,33,0,0,0,1,1,,23,12,2019,14:15,1,75,75113,2,2,1,7,RUE BRILLAT SAVARIN,48.822164,2.349304
1521,201900024413,138 260 438,B01,1,1,0,2,8,19,5,,23,12,2019,15:50,1,75,75112,2,7,1,3,PLACE DE LA PORTE DE VINCENNES,48.846592,2.4138948
1522,201900024414,138 260 437,B01,1,43,8,2,2,1,1,,23,12,2019,08:45,1,75,75111,2,2,8,3,RUE DU FAUBOURG SAINT ANTOINE,48.8504095,2.3814378
1523,201900024415,138 260 434,B01,2,43,0,2,1,1,1,,22,12,2019,23:20,5,75,75103,2,1,1,3,BOULEVARD SAINT MARTIN,48.868599,2.357954
1524,201900024416,138 260 433,A01,1,30,0,2,1,18,3,,23,12,2019,17:20,5,75,75109,2,1,1,3,RUE PIERRE FONTAINE,48.8825679,2.3333931
1525,201900024417,138 260 431,A01,2,30,0,1,2,1,1,,23,12,2019,17:10,5,75,75108,2,1,1,6,RUE SAINT LAZARE,48.875476,2.32581
1526,201900024418,138 260 428,A01,2,32,0,0,3,16,1,,22,12,2019,07:15,5,75,75108,2,4,2,7,AVENUE DES CHAMPS ELYSEES,48.8661122,2.3191345
1527,201900024419,138 260 426,B01,2,33,0,2,6,18,1,,18,12,2019,13:20,1,75,75102,2,3,1,3,BOULEVARD SAINT DENIS,48.869678,2.352641
1528,201900024420,138 260 425,B01,2,2,0,2,4,23,1,,23,12,2019,22:40,5,75,75111,2,7,1,2,PLACE DE LA REPUBLIQUE,48.8665074,2.3647964
1529,201900024421,138 260 423,B01,1,2,0,2,2,1,1,,23,12,2019,19:00,5,75,75109,2,2,1,3,RUE SAINT LAZARE,48.8768378,2.3354464
1530,201900024816,138 259 640,A01,3,32,0,2,1,1,1,,15,4,2019,20:50,5,75,75119,2,1,2,6,BOULEVARD MACDONALD,48.89879,2.383679
1531,201900024817,138 259 639,B01,1,1,0,2,2,7,5,,15,4,2019,13:40,1,75,75118,2,2,1,3,BOULEVARD ORNANO,48.891564,2.349594
1532,201900024818,138 259 636,Z01,2,33,0,2,4,12,0,,15,4,2019,11:45,1,75,75118,2,2,1,6,BOULEVARD ORNANO,48.895253,2.346618
1533,201900024818,138 259 637,A01,2,32,0,2,1,1,1,,15,4,2019,11:45,1,75,75118,2,2,1,6,BOULEVARD ORNANO,48.895253,2.346618
1534,201900024819,138 259 635,B01,1,33,0,2,7,1,1,,15,4,2019,15:05,1,75,75117,2,2,1,3,BOULEVARD DES BATIGNOLLES,48.882803,2.323252
1535,201900024820,138 259 633,B01,1,1,0,2,1,1,5,,15,4,2019,11:15,1,75,75117,2,3,1,3,AVENUE DE LA GRANDE ARMEE,48.875715,2.288939
1536,201900024821,138 259 631,A01,2,30,1,0,1,14,1,,14,4,2019,17:45,1,75,75116,2,1,1,6,AVENUE DU MAHATMA GANDHI,48.876446,2.264512
1537,201900024823,138 259 627,A01,1,33,0,2,3,17,1,,15,4,2019,13:20,1,75,75115,2,3,1,3,QUAI DE GRENELLE,48.850849,2.283682
1538,201900024824,138 259 626,A01,2,30,0,1,1,16,3,,15,4,2019,11:25,1,75,75114,2,2,1,6,RUE D ALESIA,48.831823,2.314131
1539,201900024825,138 259 624,A01,1,50,0,2,1,18,3,,15,4,2019,17:25,1,75,75113,2,2,1,2,RUE DE TOLBIAC,48.825941,2.345215
1540,201900024825,138 259 625,B01,1,1,0,2,4,1,5,,15,4,2019,17:25,1,75,75113,2,2,1,2,RUE DE TOLBIAC,48.825941,2.345215
1541,201900024826,138 259 623,B01,1,32,0,2,3,1,1,,15,4,2019,10:02,1,75,75113,2,4,1,3,RUE ALBERT BAYET,48.829561,2.359934
1542,201900024828,138 259 620,B01,1,50,0,2,8,25,3,,14,4,2019,18:50,1,75,75113,2,3,1,3,RUE VULPIAN,48.830642,2.345941
1543,201900024830,138 259 615,A01,2,43,0,2,4,1,1,,14,4,2019,22:10,5,75,75112,2,2,1,3,AVENUE LEDRU ROLLIN,48.84685,2.369406
1544,201900024833,138 259 610,B01,1,2,0,2,3,1,1,,15,4,2019,18:00,1,75,75110,2,3,1,3,BOULEVARD DE STRASBOURG,48.875046,2.357546
1545,201900024836,138 259 606,B01,1,60,0,2,7,1,5,,14,4,2019,22:35,5,75,75101,2,2,1,2,RUE DE CASTIGLIONE,48.86594,2.327873
1546,201900024837,138 259 605,B01,1,50,0,2,7,17,3,,14,4,2019,16:10,1,75,75104,2,2,1,3,BOULEVARD MORLAND,48.847469,2.365539
1547,201900024838,138 259 602,A01,1,50,0,2,3,14,3,,14,4,2019,15:00,1,75,75101,2,2,1,2,RUE DU LOUVRE,48.865286,2.343083
1548,201900024915,138 259 439,B01,2,33,0,2,8,1,1,,29,6,2019,09:00,1,75,75114,2,4,1,3,PORTE D ORLEANS,48.819007,2.329803
1549,201900024916,138 259 437,B01,1,33,0,2,8,3,1,,28,6,2019,10:45,1,75,75116,2,1,1,4,BOULEVARD PERIPHERIQUE,48.870483,2.272529
1550,201900024917,138 259 435,A01,1,34,0,0,7,1,1,,28,6,2019,04:05,5,75,75112,2,1,1,7,BOULEVARD PERIPHERIQUE,48.827258,2.390884
1551,201900024918,138 259 433,B01,2,33,4,2,2,3,1,,27,6,2019,14:30,1,75,75118,2,1,1,3,PORTE DE CLIGNANCOURT,48.90102,2.342629
1552,201900024922,138 259 423,B01,1,32,0,2,8,9,1,,26,6,2019,08:15,1,75,75113,2,4,1,3,PORTE D IVRY,48.818676,2.370135
1553,201900024924,138 259 421,A01,2,50,1,0,1,14,3,,26,6,2019,20:52,2,75,75105,2,4,1,6,RUE PIERRE BROSSOLETTE,48.8418,2.347857
1554,201900024925,138 259 419,B01,2,50,0,2,2,1,3,,26,6,2019,16:05,1,75,75114,2,2,1,3,BOULEVARD ROMAIN ROLLAND,48.819802,2.325755
1555,201900024926,138 259 417,A01,2,50,0,2,5,7,3,,26,6,2019,23:50,5,75,75106,2,2,1,3,BOULEVARD SAINT GERMAIN,48.852916,2.336991
1556,201900024927,138 259 414,B01,1,30,0,2,6,9,1,,28,6,2019,23:40,5,75,75120,2,1,1,6,BOULEVARD DE BELLEVILLE,48.86829,2.382063
1557,201900024928,138 259 413,B01,1,50,0,2,2,1,3,,29,6,2019,16:50,1,75,75119,2,1,1,6,RUE MANIN,48.879963,2.379267
1558,201900024930,138 259 410,A01,3,33,0,0,2,1,1,,29,6,2019,13:40,1,75,75119,2,4,1,7,SOUTERRAIN CHAUMONT VILLETTE,48.893408,2.394679
1559,201900024931,138 259 409,A01,2,2,0,2,1,1,1,,28,6,2019,22:13,5,75,75119,2,1,1,3,AVENUE JEAN JAURES,48.889044,2.394006
1560,201900024932,138 259 407,A01,1,2,0,1,1,16,1,,27,6,2019,17:00,1,75,75119,2,7,1,6,AVENUE DE FLANDRE,48.884035,2.368846
1561,201900024933,138 259 406,B01,1,33,0,2,4,23,1,,29,6,2019,17:40,1,75,75118,2,2,1,2,AVENUE DE LA PORTE DE SAINT OUEN,48.900334,2.330185
1562,201900024934,138 259 404,Z01,1,43,0,1,1,1,1,,28,6,2019,21:55,5,75,75118,2,2,1,6,RUE LAMARCK,48.890546,2.33431
1563,201900024935,138 259 403,A01,1,30,0,2,2,1,3,,28,6,2019,16:30,1,75,75118,2,3,1,3,BOULEVARD DE CLICHY,48.882875,2.336191
1564,201900024936,138 259 401,A01,1,1,0,1,8,7,5,,27,6,2019,16:50,1,75,75118,2,2,1,6,BOULEVARD BARBES,48.888352,2.349577
1565,201900024937,138 259 399,B01,1,30,0,2,3,1,1,,29,6,2019,02:40,5,75,75116,2,4,1,1,AVENUE DE LA GRANDE ARMEE,48.876876,2.28528
1566,201900024937,138 259 400,A01,2,30,0,2,1,5,3,,29,6,2019,02:40,5,75,75116,2,4,1,1,AVENUE DE LA GRANDE ARMEE,48.876876,2.28528
1567,201900024938,138 259 398,A01,2,30,0,1,1,1,1,,27,6,2019,16:20,1,75,75117,2,4,1,6,AVENUE DE CLICHY,48.891279,2.318988
1568,201900024941,138 259 394,B01,3,1,0,2,1,1,5,,26,6,2019,12:40,1,75,75116,2,3,1,2,ROUTE DES TRIBUNES,48.861974,2.230391
1569,201900024942,138 259 393,B01,2,1,0,2,8,1,5,,29,6,2019,13:05,1,75,75115,2,2,1,3,RUE PAUL BARRUEL,48.838639,2.30526
1570,201900024943,138 259 390,B01,3,60,0,2,0,19,5,,28,6,2019,17:10,1,75,75107,2,3,1,3,AVENUE DE SUFFREN,48.853075,2.297929
1571,201900024945,138 259 388,A01,1,32,0,1,8,1,1,,26,6,2019,12:55,1,75,75115,2,3,1,6,RUE MADEMOISELLE,48.843195,2.30068
1572,201900024946,138 259 387,A01,1,30,0,1,0,21,1,,29,6,2019,01:35,5,75,75114,2,1,1,7,BOULEVARD BRUNE,48.827605,2.305538
1573,201900024948,138 259 384,Z01,1,33,0,1,7,1,0,,27,6,2019,17:05,1,75,75113,2,2,1,6,RUE DE TOLBIAC,48.827025,2.366496
1574,201900024949,138 259 383,B01,1,33,0,2,1,1,1,,27,6,2019,12:30,1,75,75113,2,3,1,3,BOULEVARD DE L HOPITAL,48.83883,2.36102
1575,201900024950,138 259 380,A01,2,1,0,4,1,19,5,,26,6,2019,20:30,1,75,75113,2,3,1,3,BOULEVARD MASSENA,48.819215,2.362054
1576,201900024951,138 259 378,B01,1,33,0,2,1,1,1,,29,6,2019,15:18,1,75,75112,2,3,1,3,BOULEVARD DE PICPUS,48.846613,2.400182
1577,201900024951,138 259 379,A01,0,1,0,2,7,15,5,,29,6,2019,15:18,1,75,75112,2,3,1,3,BOULEVARD DE PICPUS,48.846613,2.400182
1578,201900024953,138 259 376,A01,1,2,1,0,2,14,1,,28,6,2019,22:45,5,75,75111,2,1,7,6,RUE OBERKAMPF,48.866781,2.382051
1579,201900024954,138 259 375,Z01,2,30,0,1,0,1,1,,28,6,2019,19:30,1,75,75111,2,2,1,6,BOULEVARD DE BELLEVILLE,48.870731,2.37815
1580,201900024955,138 259 373,A01,2,33,0,2,1,1,1,,27,6,2019,19:50,1,75,75111,2,2,1,3,RUE DU PASTEUR WAGNER,48.855916,2.369169
1581,201900024957,138 259 371,B01,2,50,0,2,8,1,3,,29,6,2019,18:11,1,75,75110,2,2,1,3,RUE LOUIS BLANC,48.881094,2.365167
1582,201900024958,138 259 368,B01,1,33,0,2,8,17,1,,28,6,2019,13:10,1,75,75110,2,1,1,5,AVENUE CLAUDE VELLEFAUX,48.874912,2.370386
1583,201900024961,138 259 364,A01,2,34,0,1,1,1,1,,26,6,2019,12:55,1,75,75108,2,1,1,6,RUE D AMSTERDAM,48.87597,2.326861
1584,201900024964,138 259 359,B01,1,34,0,2,2,1,1,,27,6,2019,18:40,1,75,75108,2,1,1,4,RUE LA BOETIE,48.872314,2.309377
1585,201900024965,138 259 357,A01,1,1,0,1,1,1,5,,27,6,2019,06:40,2,75,75107,2,1,1,6,RUE DU BAC,48.858588,2.328597
1586,201900024966,138 259 356,B01,2,1,0,2,4,1,5,,26,6,2019,18:50,1,75,75107,2,5,1,2,PLACE DE L ECOLE MILITAIRE,48.854276,2.305443
1587,201900024968,138 259 353,A01,2,33,1,0,1,14,1,,29,6,2019,04:10,5,75,75104,2,3,1,6,QUAI HENRI IV,48.849754,2.361504
1588,201900024971,138 259 349,B01,0,1,0,2,1,1,5,,26,6,2019,19:50,1,75,75104,2,1,1,3,BOULEVARD BOURDON,48.852183,2.367888
1589,201900025124,138 259 080,B01,2,32,0,2,3,1,1,,29,7,2019,20:10,1,75,75105,2,2,1,3,RUE DE LA CLEF,48.840611,2.352871
1590,201900025124,138 259 081,A01,2,43,0,2,1,1,1,,29,7,2019,20:10,1,75,75105,2,2,1,3,RUE DE LA CLEF,48.840611,2.352871
1591,201900025125,138 259 078,B01,1,33,14,2,2,17,1,,30,7,2019,20:20,1,75,75120,2,3,1,3,RUE LE VAU,48.867871,2.411048
1592,201900025126,138 259 076,A01,1,31,0,2,1,17,1,,29,7,2019,16:40,1,75,75120,2,3,1,3,AVENUE GAMBETTA,48.8641207,2.3922606
1593,201900025128,138 259 073,B01,2,1,0,2,9,1,5,,29,7,2019,09:45,1,75,75119,2,4,1,3,AVENUE DE LA PORTE D AUBERVILLIERS,48.900925,2.370298
1594,201900025130,138 259 069,A01,1,43,0,1,2,1,1,,29,7,2019,09:36,1,75,75117,2,1,1,6,BOULEVARD PEREIRE,48.884641,2.296286
1595,201900025132,138 259 066,A01,1,33,0,2,1,1,1,,29,7,2019,20:15,1,75,75116,2,7,1,3,CARREFOUR DE LONGCHAMP,48.863477,2.239421
1596,201900025135,138 259 060,A01,1,32,0,2,1,2,1,,28,7,2019,03:45,5,75,75113,2,1,1,2,PONT NATIONAL,48.827997,2.3867932
1597,201900025136,138 259 058,A01,2,1,0,2,1,5,5,,30,7,2019,18:20,1,75,75112,2,1,1,1,BOULEVARD SOULT,48.8438842,2.4103087
1598,201900025136,138 259 059,B01,1,1,0,2,1,1,5,,30,7,2019,18:20,1,75,75112,2,1,1,1,BOULEVARD SOULT,48.8438842,2.4103087
1599,201900025137,138 259 057,A01,1,43,0,2,1,9,1,,30,7,2019,16:40,1,75,75112,2,1,1,3,QUAI DE LA RAPEE,48.8424773,2.3720223
1600,201900025139,138 259 053,B01,1,32,0,2,3,1,1,,28,7,2019,09:35,1,75,75112,2,1,1,3,QUAI DE BERCY,48.830313,2.386581
1601,201900025140,138 259 050,A01,1,1,0,2,3,18,5,,29,7,2019,18:10,1,75,75111,2,4,1,3,BOULEVARD BEAUMARCHAIS,48.8540433,2.3689348
1602,201900025141,138 259 048,A01,1,30,0,2,1,1,1,,27,7,2019,23:30,5,75,75110,2,2,1,6,RUE LA FAYETTE,48.882646,2.369882
1603,201900025142,138 259 047,B01,2,50,0,2,7,2,3,,30,7,2019,10:18,1,75,75108,2,1,1,2,AVENUE MARCEAU,48.870563,2.297932
1604,201900025143,138 259 044,B01,1,43,0,2,2,1,1,,30,7,2019,09:45,1,75,75108,2,4,1,3,COURS ALBERT 1ER,48.8648206,2.3056993
1605,201900025144,138 259 043,Z01,1,30,0,1,0,1,0,,29,7,2019,12:15,1,75,75108,2,1,1,6,RUE TRONCHET,48.8714864,2.3255283
1606,201900025145,138 259 042,A01,2,33,0,2,3,15,1,,29,7,2019,10:20,1,75,75108,2,7,1,2,ROND POINT CHAMPS ELYSEES,48.868985,2.31012
1607,201900025147,138 259 039,B01,1,1,0,2,4,2,5,,30,7,2019,18:20,1,75,75106,2,1,1,2,RUE DE SEVRES,48.8511078,2.3262762
1608,201900025149,138 259 034,B01,2,1,0,2,1,18,5,,28,7,2019,20:30,2,75,75102,2,2,1,3,BOULEVARD DES CAPUCINES,48.8709583,2.3341594
1609,201900025150,138 259 032,A01,1,30,0,2,8,2,1,,28,7,2019,13:50,1,75,75101,2,1,1,2,BOULEVARD DU PALAIS,48.854761,2.345333
1610,201900025151,138 259 031,A01,1,34,0,2,1,1,1,,28,7,2019,18:30,1,75,75103,2,2,1,3,RUE DE BEARN,48.856829,2.366013
1611,201900025213,138 258 917,B01,2,1,0,2,7,5,5,,11,3,2019,08:30,1,75,75106,2,7,8,3,PLACE SAINT MICHEL,48.853754,2.344279
1612,201900025213,138 258 918,A01,2,32,0,2,8,1,1,,11,3,2019,08:30,1,75,75106,2,7,8,3,PLACE SAINT MICHEL,48.853754,2.344279
1613,201900025214,138 258 916,A01,2,43,0,1,2,1,1,,11,3,2019,15:15,1,75,75119,2,1,1,6,RUE DE CRIMEE,48.878589,2.390635
1614,201900025217,138 258 910,A01,2,32,0,2,1,18,1,,11,3,2019,12:15,1,75,75116,2,1,1,2,ALLEE DE LONGCHAMP,48.870686,2.259311
1615,201900025219,138 258 908,A01,2,43,0,2,1,2,1,,11,3,2019,17:45,1,75,75111,2,3,1,2,RUE DU FAUBOURG SAINT ANTOINE,48.85056,2.37938
1616,201900025220,138 258 906,Z01,2,1,0,1,0,1,5,,10,3,2019,17:00,1,75,75103,2,7,1,6,PLACE DE LA REPUBLIQUE,48.866597,2.364676
1617,201900025221,138 258 904,A01,1,31,0,2,8,17,1,,10,3,2019,12:50,1,75,75103,2,5,1,3,RUE SAINT MARTIN,48.868979,2.355733
1618,201900025313,138 258 722,A01,2,30,0,1,3,18,3,,10,3,2019,14:15,1,75,75105,2,2,1,6,RUE MONGE,48.839955,2.351414
1619,201900025314,138 258 721,B01,3,30,0,2,3,1,1,,10,3,2019,10:05,1,75,75119,2,7,6,3,PLACE DU COLONEL FABIEN,48.878325,2.370594
1620,201900025315,138 258 718,A01,2,34,0,2,2,1,1,,9,3,2019,23:35,5,75,75119,2,1,1,3,BOULEVARD MACDONALD,48.898775,2.374446
1621,201900025316,138 258 717,A01,2,2,0,2,0,16,1,,10,3,2019,17:15,1,75,75119,2,2,1,6,RUE D AUBERVILLIERS,48.895311,2.372046
1622,201900025319,138 258 710,A01,2,31,0,2,3,13,1,,10,3,2019,17:45,1,75,75113,2,3,1,3,AVENUE DE CHOISY,48.821828,2.363323
1623,201900025320,138 258 708,A01,1,30,0,2,1,17,3,,10,3,2019,15:27,1,75,75112,2,1,1,3,BOULEVARD DIDEROT,48.847684,2.389748
1624,201900025321,138 258 707,B01,1,30,0,2,1,1,1,,10,3,2019,16:45,1,75,75110,2,3,6,1,RUE DU FAUBOURG SAINT MARTIN,48.880412,2.364292
1625,201900025322,138 258 705,B01,1,32,0,2,7,15,1,,10,3,2019,15:40,1,75,75110,2,4,6,3,RUE DU FAUBOURG SAINT MARTIN,48.87886,2.362305
1626,201900025323,138 258 702,A01,2,32,0,2,0,17,1,,10,3,2019,14:44,1,75,75110,2,5,2,6,RUE LA FAYETTE,48.878533,2.354041
1627,201900025324,138 258 701,A01,1,43,0,1,1,1,1,,9,3,2019,02:00,5,75,75110,2,3,2,6,BOULEVARD DE BONNE NOUVELLE,48.870356,2.349557
1628,201900025325,138 258 699,B01,1,50,0,2,0,1,3,,10,3,2019,17:10,1,75,75103,2,2,8,3,BOULEVARD DE SEBASTOPOL,48.863409,2.350948
1629,201900025697,138 257 963,A01,2,33,14,0,1,12,1,,12,11,2019,18:10,4,75,75117,2,4,2,6,BD PERIPHERIQUE EXTERIEUR,48.8806966,2.2818758
1630,201900025701,138 257 957,A01,0,34,0,1,1,1,1,,12,11,2019,23:45,5,75,75119,2,2,2,6,BOULEVARD MACDONALD,48.89882,2.376265
1631,201900025702,138 257 955,B01,1,1,0,2,2,17,5,,13,11,2019,09:50,1,75,75118,2,2,8,3,RUE ORDENER,48.8917229,2.3487301
1632,201900025703,138 257 954,B01,2,1,0,2,2,1,5,,13,11,2019,09:45,1,75,75117,2,2,1,3,AVENUE DE SAINT OUEN,48.8955646,2.3282861
1633,201900025704,138 257 951,A01,1,33,0,2,1,1,1,,13,11,2019,09:45,1,75,75117,2,7,8,3,AVENUE DE WAGRAM,48.8783981,2.2984171
1634,201900025706,138 257 947,B01,2,1,12,2,7,1,5,,13,11,2019,16:00,1,75,75116,2,1,1,3,ROUTE DE SEVRES A NEUILLY,48.854154,2.237366
1635,201900025707,138 257 945,B01,2,43,0,2,7,1,1,,13,11,2019,19:20,5,75,75114,2,7,8,3,AVENUE DU COLONEL HENRI ROL TANGUY,48.8337,2.3319
1636,201900025708,138 257 943,B01,1,33,0,2,4,2,1,,13,11,2019,19:00,5,75,75113,2,1,1,2,BOULEVARD DU GENERAL JEAN SIMON,48.82533,2.38101
1637,201900025709,138 257 942,B01,1,1,0,2,3,1,5,,13,11,2019,19:15,5,75,75110,2,2,1,3,RUE LA FAYETTE,48.881574,2.3657
1638,201900025796,138 257 756,A01,1,1,0,2,6,13,5,,21,12,2019,19:50,5,75,75120,2,1,2,3,AVENUE GAMBETTA,48.871453,2.404171
1639,201900025796,138 257 757,Z01,1,30,0,2,1,17,1,,21,12,2019,19:50,5,75,75120,2,1,2,3,AVENUE GAMBETTA,48.871453,2.404171
1640,201900025797,138 257 755,A01,1,31,0,1,3,1,1,,21,12,2019,18:50,5,75,75119,2,2,3,6,RUE DE BELLEVILLE,48.875463,2.397916
1641,201900025798,138 257 754,Z01,1,30,0,1,1,1,0,,21,12,2019,19:55,5,75,75119,2,4,2,6,RUE REBEVAL,48.8740891,2.3755547
1642,201900025799,138 257 753,B01,2,32,0,2,8,1,1,,18,12,2019,16:00,1,75,75116,2,5,1,6,AVENUE MARCEAU,48.8696832,2.2982454
1643,201900025800,138 257 751,A01,1,33,0,1,1,1,1,,20,12,2019,15:10,1,75,75115,2,1,1,6,QUAI ANDRE CITROEN,48.846836,2.278078
1644,201900025802,138 257 749,A01,2,34,0,1,1,1,1,,21,12,2019,17:25,5,75,75112,2,4,2,6,BOULEVARD DE LA GUYANE,48.8343527,2.4113563
1645,201900025803,138 257 747,A01,1,33,0,2,8,18,1,,21,12,2019,17:50,5,75,75112,2,4,2,3,BOULEVARD DIDEROT,48.847148,2.385001
1646,201900025804,138 257 746,B01,1,32,0,2,5,1,1,,21,12,2019,14:05,1,75,75110,2,1,8,3,RUE DU HUIT MAI 1945,48.8760687,2.3588589
1647,201900025806,138 257 743,Z01,2,31,0,1,1,5,1,,20,12,2019,20:52,5,75,75102,2,3,1,6,BOULEVARD POISSONNIERE,48.870864,2.346724
1648,201900025807,138 257 741,A01,1,30,0,2,1,2,3,,20,12,2019,22:30,5,75,75102,2,1,1,2,BOULEVARD MONTMARTRE,48.871855,2.340764
1649,201900025808,138 257 740,Z01,2,30,0,1,1,1,0,,20,12,2019,04:40,5,75,75109,2,2,3,6,RUE LE PELETIER,48.874657,2.339374
1650,201900025809,138 257 739,B01,1,1,0,2,1,1,5,,21,12,2019,07:35,5,75,75107,2,4,1,3,RUE DE LUYNES,48.85473,2.325996
1651,201900025810,138 257 737,A01,1,1,12,0,7,16,5,,21,12,2019,11:35,1,75,75104,2,4,1,6,VOIE GEORGES POMPIDOU,48.8510483,2.3611412
1652,201900025811,138 257 735,A01,1,1,0,2,1,2,5,,20,12,2019,17:45,5,75,75101,2,3,1,2,RUE DE RIVOLI,48.8643902,2.3301115
1653,201900025811,138 257 736,B01,1,1,0,2,4,2,5,,20,12,2019,17:45,5,75,75101,2,3,1,2,RUE DE RIVOLI,48.8643902,2.3301115
1654,201900026103,138 257 184,A01,1,33,0,2,1,2,1,,7,10,2019,14:25,1,75,75116,2,4,1,6,ECHANGEUR SAINT CLOUD,48.8393137,2.2542222
1655,201900026105,138 257 182,A01,1,30,0,0,6,21,1,,8,10,2019,18:50,5,75,75120,2,4,2,7,RUE DES PYRENEES,48.8737176,2.3895453
1656,201900026127,138 257 139,A01,1,2,0,2,3,19,1,,27,1,2019,20:50,5,75,75119,2,2,2,6,RUE DU DOCTEUR POTAIN,48.87826,2.397929
1657,201900026129,138 257 135,A01,1,1,0,2,1,1,5,,27,1,2019,16:05,1,75,75119,2,2,2,3,RUE PETIT,48.885102,2.383768
1658,201900026130,138 257 134,A01,1,34,0,1,1,21,1,,27,1,2019,00:45,4,75,75118,2,2,2,6,RUE DAMREMONT,48.886804,2.332524
1659,201900026132,138 257 132,A01,1,32,0,2,1,17,1,,27,1,2019,16:20,1,75,75115,2,1,2,3,RUE DE LA CONVENTION,48.842688,2.28438
1660,201900026134,138 257 128,A01,2,32,0,2,1,1,1,,26,1,2019,22:30,5,75,75109,2,2,2,3,RUE DE DUNKERQUE,48.882356,2.34571