,Num_Acc,id_vehicule,num_veh,senc,catv,obs,obsm,choc,manv,motor,occutc,jour,mois,an,hrmn,lum,dep,com,agg,int,atm,col,adr,lat,long
1661,201900026137,138 257 124,A01,1,32,0,0,8,13,1,,27,1,2019,04:05,5,75,75107,2,3,2,7,RUE DES SAINTS PERES,48.855115,2.330767
1662,201900026139,138 257 121,A01,1,30,0,1,1,1,1,,26,1,2019,20:45,5,75,75103,2,2,2,6,RUE DE TURENNE,48.861947,2.364588
1663,201900026367,138 256 661,A01,1,33,0,2,1,2,1,,6,9,2019,21:30,5,75,75112,2,1,1,4,BD PERIPHERIQUE INTERIEUR,48.842254,2.413632
1664,201900026367,138 256 664,D01,1,31,0,2,1,3,1,,6,9,2019,21:30,5,75,75112,2,1,1,4,BD PERIPHERIQUE INTERIEUR,48.842254,2.413632
1665,201900026367,138 256 665,E01,1,2,0,2,1,3,1,,6,9,2019,21:30,5,75,75112,2,1,1,4,BD PERIPHERIQUE INTERIEUR,48.842254,2.413632
1666,201900026368,138 256 659,Z01,1,32,0,2,4,14,1,,6,9,2019,14:50,1,75,75116,2,4,1,6,BD PERIPHERIQUE INTERIEUR,48.8351731,2.2609214
1667,201900026368,138 256 660,A01,1,33,14,2,1,1,1,,6,9,2019,14:50,1,75,75116,2,4,1,6,BD PERIPHERIQUE INTERIEUR,48.8351731,2.2609214
1668,201900026370,138 256 654,A01,1,33,0,2,1,3,1,,5,9,2019,19:00,2,75,75116,2,1,1,3,BD PERIPHERIQUE EXTERIEUR,48.864286,2.2666503
1669,201900026371,138 256 653,B01,2,33,0,2,7,1,1,,5,9,2019,16:30,1,75,75120,2,1,1,3,BD PERIPHERIQUE EXTERIEUR,48.852658,2.414748
1670,201900026372,138 256 651,A01,2,31,0,2,8,3,1,,5,9,2019,14:40,1,75,75119,2,1,1,6,BD PERIPHERIQUE EXTERIEUR,48.8963522,2.394585
1671,201900026373,138 256 649,A01,2,33,0,2,2,2,1,,5,9,2019,09:00,1,75,75119,2,1,1,2,BD PERIPHERIQUE EXTERIEUR,48.900327,2.379367
1672,201900026374,138 256 647,A01,1,32,0,2,1,14,1,,5,9,2019,10:45,1,75,75112,2,1,1,2,BD PERIPHERIQUE INTERIEUR,48.826635,2.388995
1673,201900026375,138 256 644,A01,2,33,0,2,2,11,1,,5,9,2019,13:05,1,75,75115,2,4,1,2,ECHANGEUR ISSY,48.8348323,2.2739724
1674,201900026376,138 256 642,A01,2,33,0,2,1,3,1,,5,9,2019,09:00,1,75,75118,2,1,1,2,BD PERIPHERIQUE EXTERIEUR,48.900802,2.369807
1675,201900026376,138 256 643,B01,2,33,0,2,4,3,1,,5,9,2019,09:00,1,75,75118,2,1,1,2,BD PERIPHERIQUE EXTERIEUR,48.900802,2.369807
1676,201900026378,138 256 640,B01,1,43,0,2,6,1,1,,4,9,2019,17:30,1,75,75116,2,1,1,3,BD PERIPHERIQUE INTERIEUR ,48.862014,2.264393
1677,201900026379,138 256 637,B01,2,33,0,2,3,1,1,,4,9,2019,22:00,5,75,75106,2,2,1,3,RUE DU CHERCHE MIDI,48.852077,2.329847
1678,201900026379,138 256 638,A01,2,50,0,2,1,5,3,,4,9,2019,22:00,5,75,75106,2,2,1,3,RUE DU CHERCHE MIDI,48.852077,2.329847
1679,201900026380,138 256 636,B01,2,1,0,2,1,19,5,,3,9,2019,20:15,5,75,75113,2,3,1,3,RUE AIME MOROT,48.8206261,2.3494568
1680,201900026381,138 256 633,B01,2,2,0,2,8,18,1,,6,9,2019,21:20,5,75,75120,2,3,1,3,RUE BELGRAND,48.8646245,2.4056489
1681,201900026382,138 256 631,B01,1,1,0,2,4,2,5,,4,9,2019,13:20,1,75,75120,2,1,1,3,RUE DE BELLEVILLE,48.87671,2.404962
1682,201900026386,138 256 626,B01,1,1,0,2,1,1,5,,5,9,2019,08:45,1,75,75117,2,5,1,3,BOULEVARD BERTHIER,48.886468,2.29577
1683,201900026389,138 256 621,A01,1,32,0,2,5,1,1,,7,9,2019,02:39,5,75,75116,2,2,1,3,RUE DU RANELAGH,48.8537033,2.2773939
1684,201900026391,138 256 619,A01,1,1,0,2,3,14,5,,6,9,2019,17:30,1,75,75116,2,7,1,3,CARREFOUR DES ANCIENS COMBATTANTS   BOUL,48.8484932,2.2421175
1685,201900026392,138 256 616,B01,2,32,0,2,7,17,1,,6,9,2019,19:00,1,75,75116,2,1,1,3,VOIE GEORGES POMPIDOU,48.855672,2.2855616
1686,201900026393,138 256 615,A01,2,32,0,2,2,5,1,,5,9,2019,10:00,1,75,75116,2,3,1,3,AVENUE KLEBER,48.8678272,2.2906977
1687,201900026394,138 256 613,A01,2,33,0,0,1,1,1,,5,9,2019,04:10,5,75,75116,2,1,1,7,AVENUE GEORGES MANDEL,48.863839,2.280004
1688,201900026395,138 256 612,A01,1,34,0,1,3,1,1,,4,9,2019,17:40,1,75,75116,2,7,1,6,PONT D IENA,48.860367,2.2912176
1689,201900026396,138 256 611,A01,2,32,0,2,4,2,1,,7,9,2019,20:30,5,75,75107,2,2,1,6,BOULEVARD SAINT GERMAIN,48.856054,2.3259848
1690,201900026397,138 256 609,A01,2,1,0,0,0,1,5,,6,9,2019,07:00,2,75,75115,2,7,1,7,BOULEVARD PASTEUR,48.840612,2.314975
1691,201900026398,138 256 608,A01,1,30,0,0,7,7,1,,5,9,2019,19:15,1,75,75114,2,4,1,7,AVENUE DE LA PORTE DE CHATILLON,48.8226508,2.3147082
1692,201900026399,138 256 607,B01,2,32,0,2,1,1,1,,5,9,2019,08:00,1,75,75114,2,3,1,2,RUE MAURICE ROUVIER,48.8302927,2.3108801
1693,201900026400,138 256 605,A01,1,1,0,2,3,13,2,,4,9,2019,09:45,1,75,75114,2,2,1,3,RUE DES PLANTES,48.829299,2.322656
1694,201900026401,138 256 603,A01,2,43,15,0,1,1,1,,7,9,2019,21:25,5,75,75113,2,1,1,6,RUE BOBILLOT,48.825477,2.350019
1695,201900026402,138 256 602,A01,2,32,11,0,4,16,1,,7,9,2019,15:25,1,75,75113,2,3,1,6,BOULEVARD VINCENT AURIOL,48.8345773,2.3673649
1696,201900026405,138 256 598,A01,2,1,0,1,1,7,5,,5,9,2019,21:00,5,75,75113,2,4,1,6,BOULEVARD DE L HOPITAL,48.8398467,2.3616955
1697,201900026406,138 256 597,A01,2,30,0,2,4,2,3,,6,9,2019,18:30,1,75,75112,2,3,1,2,AVENUE DAUMESNIL,48.8358915,2.405641
1698,201900026407,138 256 594,B01,1,32,0,2,1,1,1,,5,9,2019,16:45,1,75,75112,2,1,1,3,BOULEVARD DIDEROT,48.847658,2.3895278
1699,201900026408,138 256 593,A01,1,50,0,2,0,2,3,,6,9,2019,20:30,5,75,75111,2,1,8,6,RUE DE L ORILLON,48.869641,2.374469
1700,201900026409,138 256 590,Z01,1,1,0,2,1,2,5,,6,9,2019,09:35,1,75,75111,2,7,1,6,PLACE DE LA REPUBLIQUE,48.86674,2.36516
1701,201900026409,138 256 591,A01,1,1,0,2,6,15,5,,6,9,2019,09:35,1,75,75111,2,7,1,6,PLACE DE LA REPUBLIQUE,48.86674,2.36516
1702,201900026410,138 256 588,A01,2,32,0,2,1,18,1,,6,9,2019,07:49,1,75,75110,2,2,1,3,AVENUE PARMENTIER,48.8700032,2.3710446
1703,201900026411,138 256 586,B01,2,32,1,2,8,20,1,,5,9,2019,11:15,1,75,75110,2,1,1,2,BOULEVARD DE LA VILLETTE,48.873258,2.375447
1704,201900026412,138 256 584,A01,1,30,0,2,8,18,1,,3,9,2019,12:55,1,75,75109,2,7,1,3,RUE SAINT LAZARE,48.8767054,2.3323179
1705,201900026413,138 256 583,B01,1,30,0,2,3,21,1,,6,9,2019,13:25,1,75,75102,2,2,1,3,BOULEVARD MONTMARTRE,48.8714757,2.3430651
1706,201900026414,138 256 581,A01,2,33,0,1,7,9,1,,6,9,2019,12:55,1,75,75109,2,7,1,6,RUE D AMSTERDAM,48.883344,2.3271757
1707,201900026415,138 256 580,A01,2,32,0,2,1,18,1,,4,9,2019,14:56,1,75,75109,2,7,1,3,PLACE CHARLES GARNIER,48.87178,2.330592
1708,201900026416,138 256 576,A01,1,1,0,2,1,3,5,,4,9,2019,13:15,1,75,75109,2,2,1,4,BOULEVARD HAUSSMANN,48.872362,2.337426
1709,201900026417,138 256 575,A01,1,32,0,1,1,1,1,,4,9,2019,10:27,1,75,75108,2,1,1,6,RUE DE BERRI,48.872792,2.304821
1710,201900026418,138 256 573,B01,2,33,0,2,7,17,1,,7,9,2019,14:35,1,75,75107,2,2,1,3,QUAI D ORSAY,48.86243,2.311638
1711,201900026419,138 256 571,A01,1,30,0,2,4,2,1,,7,9,2019,03:30,5,75,75107,2,1,1,6,QUAI ANATOLE FRANCE,48.859797,2.3285289
1712,201900026421,138 256 568,A01,1,32,0,2,1,1,1,,6,9,2019,17:20,1,75,75104,2,2,1,6,QUAI DE L HOTEL DE VILLE,48.854371,2.3549358
1713,201900026421,138 256 569,Z01,0,1,0,2,5,19,5,,6,9,2019,17:20,1,75,75104,2,2,1,6,QUAI DE L HOTEL DE VILLE,48.854371,2.3549358
1714,201900026422,138 256 567,A01,1,31,12,0,0,13,1,,4,9,2019,23:25,5,75,75102,2,1,1,6,RUE MONTMARTRE,48.871255,2.342986
1715,201900026423,138 256 566,A01,1,50,12,0,1,14,3,,5,9,2019,06:15,5,75,75101,2,7,1,6,PLACE DU PALAIS ROYAL,48.862603,2.335692
1716,201900027501,138 254 585,A01,1,32,12,0,1,7,1,,10,11,2019,04:40,5,75,75105,2,1,2,6,RUE DES FOSSES SAINT BERNARD,48.847912,2.353939
1717,201900027502,138 254 584,B01,2,33,0,2,1,1,1,,12,11,2019,21:20,5,75,75106,2,3,1,3,RUE D ASSAS,48.844862,2.332418
1718,201900027503,138 254 582,A01,2,30,0,1,8,1,3,,12,11,2019,08:15,2,75,75120,2,4,8,6,RUE DES PYRENEES,48.853537,2.405864
1719,201900027504,138 254 581,A01,0,32,14,0,7,8,1,,12,11,2019,09:25,1,75,75119,2,1,8,6,RUE DE LA MARSEILLAISE,48.88769,2.39803
1720,201900027505,138 254 580,A01,2,32,0,2,8,18,1,,12,11,2019,18:45,5,75,75118,2,3,2,3,RUE RAMEY,48.889511,2.346159
1721,201900027509,138 254 575,A01,2,34,0,0,8,16,1,,12,11,2019,06:10,5,75,75117,2,2,8,7,AVENUE DE LA PORTE DE CLICHY,48.8962623,2.3100055
1722,201900027510,138 254 573,A01,3,34,0,2,7,1,1,,11,11,2019,21:15,5,75,75117,2,5,1,6,AVENUE DE LA PORTE D ASNIERES,48.8922816,2.3010361
1723,201900027512,138 254 571,A01,3,33,14,0,1,13,1,,10,11,2019,22:30,5,75,75116,2,1,1,6,ALLEE DE LONGCHAMP,48.868596,2.253485
1724,201900027514,138 254 568,B01,1,2,0,2,1,1,1,,12,11,2019,19:00,5,75,75113,2,3,8,3,AVENUE D ITALIE,48.828332,2.35661
1725,201900027515,138 254 567,B01,2,30,0,2,2,1,1,,12,11,2019,12:53,1,75,75113,2,1,3,3,BOULEVARD DE L HOPITAL,48.8373664,2.3598781
1726,201900027517,138 254 562,B01,2,31,0,2,1,1,1,,12,11,2019,22:00,5,75,75108,2,2,1,3,RUE DU FAUBOURG SAINT HONORE,48.8728241,2.3107557
1727,201900027517,138 254 563,A01,1,31,0,2,7,15,1,,12,11,2019,22:00,5,75,75108,2,2,1,3,RUE DU FAUBOURG SAINT HONORE,48.8728241,2.3107557
1728,201900027518,138 254 561,A01,1,30,0,0,8,1,1,,12,11,2019,16:05,1,75,75108,2,7,2,7,PLACE DE LA CONCORDE,48.8667897,2.3220956
1729,201900027519,138 254 559,B01,1,30,0,2,1,1,3,,12,11,2019,14:40,1,75,75108,2,2,8,3,RUE DU GENERAL FOY,48.877879,2.318169
1730,201900027661,138 254 290,A01,1,32,0,1,2,1,1,,19,12,2019,22:45,5,75,75118,2,1,2,6,BD PERIPHERIQUE INTERIEUR,48.900852,2.3433602
1731,201900027662,138 254 289,B01,1,33,0,2,8,7,1,,20,12,2019,10:07,1,75,75110,2,2,1,3,RUE DU FAUBOURG SAINT DENIS,48.879314,2.357098
1732,201900027663,138 254 287,B01,2,1,0,2,7,1,5,,17,12,2019,08:15,1,75,75117,2,7,1,3,AVENUE DE VILLIERS,48.88502,2.296647
1733,201900027664,138 254 282,B01,1,43,0,2,3,1,1,,19,12,2019,13:00,1,75,75120,2,1,1,3,RUE DES PYRENEES,48.862478,2.4000343
1734,201900027665,138 254 280,B01,1,80,0,2,1,17,2,,20,12,2019,09:35,1,75,75119,2,1,2,3,RUE DE CRIMEE,48.8788863,2.3902794
1735,201900027666,138 254 279,B01,1,33,0,2,2,17,1,,20,12,2019,06:00,5,75,75119,2,2,3,3,BOULEVARD MACDONALD,48.898924,2.38225
1736,201900027667,138 254 277,A01,1,31,0,1,2,1,1,,19,12,2019,14:55,1,75,75110,2,1,1,6,RUE DU FAUBOURG SAINT MARTIN,48.877368,2.361312
1737,201900027669,138 254 274,B01,1,1,0,2,1,1,5,,19,12,2019,22:15,5,75,75119,2,1,2,3,RUE D AUBERVILLIERS,48.898287,2.370489
1738,201900027670,138 254 273,A01,2,50,0,1,1,1,3,,20,12,2019,10:59,1,75,75116,2,2,1,6,AVENUE RAYMOND POINCARE,48.866237,2.286213
1739,201900027673,138 254 269,B01,1,33,6,2,8,18,1,,20,12,2019,09:50,1,75,75115,2,1,8,3,RUE LECOURBE,48.837512,2.285371
1740,201900027674,138 254 267,A01,1,30,0,2,4,15,1,,20,12,2019,00:01,5,75,75114,2,2,2,6,RUE VERCINGETORIX,48.832743,2.311528
1741,201900027675,138 254 266,A01,1,33,0,1,1,1,1,,20,12,2019,20:00,5,75,75113,2,2,1,6,BOULEVARD ARAGO,48.834955,2.344996
1742,201900027676,138 254 264,B01,1,1,0,2,1,13,5,,19,12,2019,10:25,1,75,75112,2,3,2,3,AVENUE DAUMESNIL,48.838449,2.398683
1743,201900027677,138 254 262,B01,2,33,0,2,1,1,1,,20,12,2019,19:05,5,75,75111,2,1,1,3,BOULEVARD VOLTAIRE,48.859199,2.377778
1744,201900027678,138 254 261,A01,2,30,0,1,8,17,1,,20,12,2019,14:15,1,75,75111,2,1,1,6,BOULEVARD VOLTAIRE,48.856988,2.38149
1745,201900027680,138 254 258,Z01,1,1,0,2,1,1,5,,20,12,2019,09:25,1,75,75108,2,7,2,6,PLACE DE LA CONCORDE,48.864408,2.32179
1746,201900027680,138 254 259,A01,1,1,0,2,1,13,5,,20,12,2019,09:25,1,75,75108,2,7,2,6,PLACE DE LA CONCORDE,48.864408,2.32179
1747,201900027682,138 254 255,A01,1,31,0,2,5,16,1,,19,12,2019,12:30,1,75,75108,2,7,2,3,AVENUE WINSTON CHURCHILL,48.867118,2.313944
1748,201900027682,138 254 256,B01,1,32,0,2,1,1,1,,19,12,2019,12:30,1,75,75108,2,7,2,3,AVENUE WINSTON CHURCHILL,48.867118,2.313944
1749,201900027683,138 254 253,B01,1,1,0,2,0,17,5,,20,12,2019,10:45,1,75,75107,2,1,8,3,QUAI VOLTAIRE,48.8588441,2.3314485
1750,201900027683,138 254 254,A01,1,1,0,2,8,13,5,,20,12,2019,10:45,1,75,75107,2,1,8,3,QUAI VOLTAIRE,48.8588441,2.3314485
1751,201900027684,138 254 250,Z01,2,1,0,1,8,1,5,,19,12,2019,09:05,1,75,75107,2,5,1,6,BOULEVARD RASPAIL,48.85606,2.325895
1752,201900027685,138 254 249,A01,2,30,0,0,3,1,1,,20,12,2019,04:55,5,75,75105,2,1,3,7,BOULEVARD SAINT MARTIN,48.8495098,2.3532066
1753,201900027686,138 254 248,B01,2,1,0,2,0,1,5,,20,12,2019,07:55,2,75,75102,2,1,2,3,RUE DE GRAMONT,48.8708478,2.3369398
1754,201900027723,138 254 185,B01,2,32,0,2,0,1,1,,8,10,2019,09:10,1,75,75120,2,3,2,3,AVENUE GAMBETTA,48.8638107,2.3910898
1755,201900027725,138 254 181,B01,1,1,0,2,1,1,5,,8,10,2019,12:50,1,75,75119,2,3,2,3,BOULEVARD SERURIER,48.8857674,2.3943731
1756,201900027727,138 254 177,B01,1,43,0,2,1,17,1,,8,10,2019,16:15,1,75,75116,2,1,2,3,AVENUE DE MALAKOFF,48.8754142,2.283856
1757,201900027728,138 254 176,A01,1,30,14,0,8,1,1,,8,10,2019,00:55,4,75,75116,2,3,2,6,BOULEVARD MURAT,48.8414617,2.2561197
1758,201900027729,138 254 175,A01,1,34,0,2,1,2,1,,7,10,2019,09:10,1,75,75116,2,5,1,2,AVENUE EDOUARD VAILLANT,48.8365132,2.2559578
1759,201900027730,138 254 173,Z01,1,1,0,1,0,1,5,,8,10,2019,19:25,5,75,75115,2,5,1,6,BOULEVARD DU MONTPARNASSE,48.8450978,2.3201241
1760,201900027731,138 254 171,B01,1,33,0,2,1,1,1,,8,10,2019,07:55,1,75,75114,2,1,3,3,AVENUE DENFERT ROCHEREAU,48.8355242,2.3334834
1761,201900027733,138 254 166,A01,1,31,0,2,1,5,1,,7,10,2019,17:45,1,75,75114,2,4,1,5,AVENUE DU MAINE,48.8291086,2.3263565
1762,201900027734,138 254 164,A01,1,30,0,2,3,9,1,,8,10,2019,10:50,1,75,75113,2,1,3,3,BOULEVARD MASSENA,48.8209193,2.3670079
1763,201900027737,138 254 160,B01,1,30,0,2,1,1,1,,6,10,2019,05:00,5,75,75111,2,2,1,3,BOULEVARD RICHARD LENOIR,48.864001,2.3706883
1764,201900027738,138 254 157,A01,2,2,0,2,1,17,1,,8,10,2019,09:53,1,75,75111,2,4,2,3,AVENUE DE LA REPUBLIQUE,48.8637941,2.3822944
1765,201900027739,138 254 155,B01,2,30,0,2,1,1,3,,8,10,2019,17:20,1,75,75119,2,7,3,3,PLACE DE LA BATAILLE DE STALINGRAD,48.8836114,2.3689631
1766,201900027740,138 254 154,A01,3,2,0,0,8,1,1,,8,10,2019,19:00,2,75,75108,2,2,2,7,PLACE DE LA CONCORDE,48.86588,2.3199
1767,201900027741,138 254 153,A01,1,30,0,0,0,1,1,,8,10,2019,15:00,1,75,75104,2,2,2,7,BOULEVARD HENRI IV,48.8526091,2.36737
1768,201900028032,138 253 587,A01,2,32,0,2,3,3,1,,23,1,2019,09:25,1,75,75115,2,1,2,3,PORTE DE SEVRES,48.828461,2.289694
1769,201900028033,138 253 584,A01,2,43,0,2,2,1,1,,23,1,2019,08:55,1,75,75120,2,1,1,3,PORTE DE BAGNOLET,48.863502,2.413408
1770,201900028034,138 253 582,A01,1,31,0,0,7,3,1,,21,1,2019,09:15,1,75,75120,2,4,1,7,PORTE DE BAGNOLET,48.86312,2.413446
1771,201900028037,138 253 572,B01,2,32,0,2,1,1,1,,26,1,2019,19:35,5,75,75106,2,2,2,3,BOULEVARD SAINT GERMAIN,48.852463,2.338794
1772,201900028038,138 253 571,A01,1,43,0,1,3,15,1,,24,1,2019,15:30,1,75,75105,2,2,1,6,PLACE DU PETIT PONT,48.853063,2.34682
1773,201900028039,138 253 569,A01,1,1,0,2,4,14,5,,23,1,2019,14:10,1,75,75106,2,1,2,2,RUE D ASSAS,48.843722,2.333507
1774,201900028039,138 253 570,B01,1,2,0,2,1,1,1,,23,1,2019,14:10,1,75,75106,2,1,2,2,RUE D ASSAS,48.843722,2.333507
1775,201900028041,138 253 567,B01,2,33,0,2,1,7,1,,21,1,2019,19:25,5,75,75106,2,2,1,3,BOULEVARD SAINT GERMAIN,48.853148,2.335886
1776,201900028042,138 253 565,A01,1,32,0,1,1,1,1,,26,1,2019,19:00,5,75,75120,2,3,2,6,RUE DES PYRENEES,48.863474,2.399586
1777,201900028048,138 253 558,B01,3,1,0,2,8,1,5,,26,1,2019,13:26,1,75,75119,2,7,8,6,PLACE SKANDERBEG,48.900412,2.371502
1778,201900028049,138 253 555,B01,1,1,0,2,3,1,5,,25,1,2019,07:55,2,75,75119,2,1,2,3,AVENUE SIMON BOLIVAR,48.87511,2.382457
1779,201900028050,138 253 554,A01,1,32,0,2,8,13,1,,24,1,2019,20:00,5,75,75119,2,1,1,1,RUE MANIN,48.879787,2.379103
1780,201900028051,138 253 552,A01,1,30,0,1,7,21,3,,24,1,2019,09:10,1,75,75118,2,1,1,6,RUE MONTCALM,48.894148,2.339816
1781,201900028054,138 253 549,A01,2,30,0,0,0,1,1,,26,1,2019,02:00,5,75,75117,2,2,1,7,RUE LA CONDAMINE,48.886972,2.323047
1782,201900028055,138 253 547,A01,1,33,0,2,2,17,1,,24,1,2019,20:00,5,75,75117,2,3,8,3,AVENUE DE VILLIERS,48.884443,2.301262
1783,201900028056,138 253 546,A01,2,30,0,2,3,7,1,,24,1,2019,19:10,5,75,75117,2,1,1,3,BOULEVARD GOUVION SAINT CYR,48.884602,2.290122
1784,201900028057,138 253 544,A01,2,34,0,1,3,1,1,,23,1,2019,11:30,1,75,75117,2,2,8,6,RUE JOUFFROY D ABBANS,48.883819,2.304767
1785,201900028058,138 253 543,A01,0,2,1,0,3,14,1,,26,1,2019,04:45,5,75,75116,2,1,1,6,RUE JEAN DE LA FONTAINE,48.849474,2.267534
1786,201900028059,138 253 542,B01,3,34,0,2,1,1,1,,25,1,2019,18:30,3,75,75116,2,1,2,3,PORTE DES SABLONS,48.877157,2.277906
1787,201900028061,138 253 538,B01,1,2,0,2,3,1,1,,23,1,2019,22:45,5,75,75116,2,3,1,3,AVENUE KLEBER,48.866137,2.289493
1788,201900028062,138 253 536,B01,3,33,0,2,7,21,1,,23,1,2019,19:00,5,75,75116,2,1,1,2,SOUTERRAIN ALMA,48.864211,2.301257
1789,201900028062,138 253 537,A01,3,32,0,2,8,21,1,,23,1,2019,19:00,5,75,75116,2,1,1,2,SOUTERRAIN ALMA,48.864211,2.301257
1790,201900028063,138 253 532,B01,1,32,0,2,6,1,1,,22,1,2019,09:45,1,75,75116,2,1,4,6,ALLEE DU BORD DE L EAU,48.87345,2.244012
1791,201900028064,138 253 528,B01,1,1,0,2,1,1,1,,26,1,2019,17:00,5,75,75115,2,3,2,3,AVENUE DE LA MOTTE PICQUET,48.849943,2.29915
1792,201900028065,138 253 527,A01,1,32,0,0,3,21,1,,26,1,2019,12:20,1,75,75115,2,2,2,7,BOULEVARD VICTOR,48.836012,2.278215
1793,201900028067,138 253 525,B01,1,30,0,2,7,1,1,,25,1,2019,19:55,5,75,75115,2,1,2,2,QUAI ANDRE CITROEN,48.846984,2.278827
1794,201900028068,138 253 523,A01,3,33,0,0,8,1,1,,22,1,2019,05:35,5,75,75115,2,4,2,7,QUAI ANDRE CITROEN,48.840237,2.271979
1795,201900028069,138 253 522,B01,2,33,0,2,1,1,1,,22,1,2019,15:30,1,75,75115,2,2,8,6,BOULEVARD VICTOR,48.836179,2.278296
1796,201900028070,138 253 520,B01,2,2,0,2,7,21,1,,26,1,2019,19:15,5,75,75114,2,1,2,3,AVENUE DU MAINE,48.831638,2.32531
1797,201900028071,138 253 518,A01,1,32,0,0,1,1,1,,23,1,2019,15:50,1,75,75114,2,1,2,7,BOULEVARD ADOLPHE PINARD,48.82448,2.30454
1798,201900028073,138 253 516,C01,2,30,0,2,8,1,1,,26,1,2019,06:00,5,75,75113,2,7,1,4,PLACE D ITALIE,48.831869,2.355816
1799,201900028074,138 253 513,A01,2,33,1,1,1,1,1,,23,1,2019,11:48,1,75,75113,2,2,8,6,RUE DES PEUPLIERS,48.822153,2.352688
1800,201900028075,138 253 512,A01,2,33,0,0,8,1,1,,23,1,2019,09:45,1,75,75113,2,1,9,7,QUAI D AUSTERLITZ,48.840531,2.369793
1801,201900028077,138 253 510,A01,2,43,0,2,1,2,1,,24,1,2019,11:40,1,75,75112,2,4,1,2,RUE ROBERT ETLIN,48.828005,2.390082
1802,201900028078,138 253 508,A01,2,30,1,1,1,1,1,,24,1,2019,08:25,1,75,75112,2,1,1,6,RUE DU SERGENT BAUCHAT,48.84457,2.391029
1803,201900028080,138 253 506,A01,1,2,0,1,1,21,1,,25,1,2019,22:30,5,75,75111,2,2,2,6,BOULEVARD VOLTAIRE,48.865183,2.367737
1804,201900028081,138 253 504,B01,1,32,0,2,8,1,1,,25,1,2019,08:40,1,75,75111,2,2,8,3,RUE AMELOT,48.855918,2.36919
1805,201900028081,138 253 505,A01,2,32,0,2,2,19,1,,25,1,2019,08:40,1,75,75111,2,2,8,3,RUE AMELOT,48.855918,2.36919
1806,201900028082,138 253 502,A01,3,1,0,2,7,19,5,,26,1,2019,18:25,5,75,75110,2,2,2,3,RUE LA FAYETTE,48.877862,2.351663
1807,201900028082,138 253 503,B01,1,32,0,2,1,1,1,,26,1,2019,18:25,5,75,75110,2,2,2,3,RUE LA FAYETTE,48.877862,2.351663
1808,201900028083,138 253 500,B01,2,1,0,2,5,15,5,,25,1,2019,17:55,5,75,75110,2,3,2,3,PLACE DE LA REPUBLIQUE,48.868372,2.362855
1809,201900028602,138 252 533,A01,2,32,0,2,1,12,1,,12,4,2019,11:45,1,75,75114,2,4,1,2,BOULEVARD PERIPHERIQUE,48.82412,2.3076
1810,201900028604,138 252 529,A01,2,33,0,2,1,2,1,,11,4,2019,13:50,1,75,75113,2,1,1,2,BOULEVARD PERIPHERIQUE,48.824117,2.383399
1811,201900028605,138 252 527,A01,1,33,0,2,7,12,1,,10,4,2019,21:55,5,75,75117,2,1,1,3,PORTE DE CLICHY,48.894393,2.305535
1812,201900028606,138 252 525,A01,2,33,0,2,2,3,1,,10,4,2019,17:20,1,75,75113,2,1,1,3,BD PERIPHERIQUE EXTERIEUR,48.817358,2.349466
1813,201900028607,138 252 523,A01,2,34,0,2,1,12,1,,25,3,2019,16:20,1,75,75112,2,1,1,2,PORTE DOREE,48.83401,2.409516
1814,201900028608,138 252 521,Z01,2,34,0,2,0,5,1,,12,4,2019,01:00,5,75,75120,2,4,1,6,AVENUE GAMBETTA,48.864956,2.397235
1815,201900028609,138 252 520,B01,2,33,0,2,8,1,1,,11,4,2019,14:00,1,75,75117,2,7,1,3,BOULEVARD GOUVION SAINT CYR,48.885636,2.291704
1816,201900028610,138 252 518,A01,1,43,0,1,3,1,1,,11,4,2019,12:30,1,75,75107,2,3,1,6,RUE DE VARENNE,48.855438,2.318047
1817,201900028611,138 252 517,B01,1,33,0,2,1,1,1,,10,4,2019,22:44,5,75,75116,2,2,1,3,ROUTE DE LA MUETTE A NEUILLY,48.872525,2.26443
1818,201900028612,138 252 515,Z01,1,32,0,1,0,1,0,,10,4,2019,12:40,1,75,75117,2,1,1,6,BOULEVARD PEREIRE,48.886258,2.299352
1819,201900028614,138 252 512,A01,1,31,0,2,1,15,1,,11,4,2019,12:00,1,75,75105,2,2,1,1,BOULEVARD SAINT MARCEL,48.836809,2.351866
1820,201900028615,138 252 510,A01,2,32,0,2,1,15,1,,11,4,2019,07:05,1,75,75115,2,2,1,3,BOULEVARD DU MONTPARNASSE,48.845091,2.320122
1821,201900028615,138 252 511,B01,2,34,0,2,3,1,1,,11,4,2019,07:05,1,75,75115,2,2,1,3,BOULEVARD DU MONTPARNASSE,48.845091,2.320122
1822,201900028616,138 252 509,A01,1,32,0,1,1,1,1,,12,4,2019,13:15,1,75,75120,2,2,1,6,COURS DE VINCENNES,48.847048,2.411063
1823,201900028617,138 252 507,B01,2,32,0,2,8,1,1,,12,4,2019,13:20,1,75,75120,2,7,1,3,PLACE GAMBETTA,48.865065,2.398321
1824,201900028618,138 252 506,A01,2,30,0,2,3,17,3,,12,4,2019,09:30,1,75,75119,2,3,1,3,RUE DE BELLEVILLE,48.87534,2.393554
1825,201900028619,138 252 504,A01,1,30,0,2,8,1,1,,11,4,2019,20:55,5,75,75120,2,3,1,6,RUE SORBIER,48.865652,2.393112