,Num_Acc,id_vehicule,num_veh,senc,catv,obs,obsm,choc,manv,motor,occutc,jour,mois,an,hrmn,lum,dep,com,agg,int,atm,col,adr,lat,long
1826,201900028621,138 252 501,A01,1,33,0,0,8,17,1,,11,4,2019,12:30,1,75,75120,2,1,1,7,AVENUE BENOIT FRACHON,48.853148,2.415513
1827,201900028624,138 252 497,A01,2,33,0,0,1,14,1,,13,4,2019,19:10,1,75,75117,2,2,1,7,RUE DE ROME,48.884037,2.318522
1828,201900028625,138 252 496,A01,1,30,0,2,1,5,1,,12,4,2019,19:25,1,75,75117,2,3,1,1,RUE FLOREAL,48.899796,2.318957
1829,201900028626,138 252 493,A01,2,31,0,2,1,17,1,,12,4,2019,12:50,1,75,75117,2,3,1,3,AVENUE DE CLICHY,48.888793,2.323333
1830,201900028627,138 252 491,B01,2,32,0,2,4,2,1,,12,4,2019,13:00,1,75,75117,2,1,1,2,AVENUE DE WAGRAM,48.879289,2.299062
1831,201900028627,138 252 492,A01,2,34,0,2,8,2,1,,12,4,2019,13:00,1,75,75117,2,1,1,2,AVENUE DE WAGRAM,48.879289,2.299062
1832,201900028628,138 252 490,A01,1,30,0,1,2,1,1,,12,4,2019,00:01,5,75,75117,2,1,1,6,BOULEVARD BERTHIER,48.889426,2.302875
1833,201900028629,138 252 488,B01,1,1,0,2,3,1,5,,11,4,2019,21:50,5,75,75117,2,3,1,3,AVENUE DE LA PORTE DE CLICHY,48.895411,2.311666
1834,201900028630,138 252 487,B01,2,50,0,2,1,1,3,,11,4,2019,17:50,1,75,75117,2,7,1,3,RUE BIOT,48.883531,2.326861
1835,201900028631,138 252 484,A01,1,31,0,2,1,1,1,,11,4,2019,09:00,1,75,75117,2,3,1,3,BOULEVARD PERSHING,48.881719,2.285358
1836,201900028632,138 252 483,B01,2,34,0,2,3,1,3,,13,4,2019,15:40,1,75,75116,2,5,1,2,RUE D AUTEUIL,48.847959,2.262233
1837,201900028636,138 252 476,B01,1,32,0,2,7,1,1,,10,4,2019,08:55,1,75,75116,2,1,3,3,RUE DE LA TOUR,48.859942,2.28162
1838,201900028637,138 252 474,B01,2,1,0,2,8,1,5,,11,4,2019,20:10,2,75,75115,2,2,1,3,RUE DE LOURMEL,48.843767,2.286365
1839,201900028638,138 252 471,B01,1,43,0,2,8,14,1,,11,4,2019,11:00,1,75,75115,2,3,1,3,BOULEVARD DE GRENELLE,48.848966,2.297797
1840,201900028969,138 251 842,A01,1,33,0,2,1,3,1,,9,3,2019,15:30,1,75,75112,2,1,1,2,PORTE DE VINCENNES,48.844941,2.414035
1841,201900028970,138 251 840,A01,1,33,4,0,8,13,1,,8,3,2019,08:45,1,75,75113,2,1,1,7,PORTE D ITALIE,48.8177568,2.3502885
1842,201900028972,138 251 837,A01,1,33,0,2,1,3,1,,4,3,2019,17:20,1,75,75116,2,1,1,3,BOULEVARD PERIPHERIQUE,48.872794,2.274637
1843,201900028974,138 251 833,B01,2,33,1,2,1,1,1,,9,3,2019,14:45,1,75,75112,2,3,1,3,RUE TAINE,48.83857,2.393169
1844,201900028978,138 251 828,B01,1,31,0,2,3,16,1,,7,3,2019,08:54,1,75,75115,2,3,7,3,BOULEVARD DU MONTPARNASSE,48.844725,2.321278
1845,201900028981,138 251 823,B01,1,2,0,2,1,1,1,,8,3,2019,15:00,1,75,75105,2,1,1,3,RUE SAINT JACQUES,48.841909,2.341274
1846,201900028982,138 251 821,B01,3,32,0,2,1,17,1,,8,3,2019,10:30,1,75,75106,2,2,1,3,RUE DE SEVRES,48.851404,2.32687
1847,201900028983,138 251 819,A01,1,32,0,1,1,7,1,,7,3,2019,00:15,3,75,75106,2,3,3,6,QUAI DE CONTI,48.857695,2.337168
1848,201900028985,138 251 817,A01,2,1,0,0,8,21,5,,9,3,2019,19:00,5,75,75120,2,1,1,7,BOULEVARD DAVOUT,48.858041,2.409896
1849,201900028986,138 251 816,A01,2,1,0,1,1,1,5,,7,3,2019,21:05,5,75,75120,2,3,1,6,RUE DE MENILMONTANT,48.868666,2.389656
1850,201900028987,138 251 815,A01,1,32,0,1,2,17,1,,6,3,2019,17:35,2,75,75120,2,1,2,6,RUE BELGRAND,48.864716,2.403309
1851,201900028988,138 251 814,A01,1,43,0,1,3,1,1,,5,3,2019,10:25,1,75,75120,2,1,1,6,RUE DES PYRENEES,48.864345,2.398919
1852,201900028989,138 251 813,B01,1,31,0,2,5,1,1,,9,3,2019,18:20,1,75,75119,2,2,1,2,RUE DE MOUZAIA,48.880146,2.391975
1853,201900028990,138 251 810,A01,1,31,0,2,8,1,1,,8,3,2019,10:35,1,75,75119,2,4,1,3,BOULEVARD DE LA VILLETTE,48.875163,2.373593
1854,201900028991,138 251 808,B01,2,33,0,2,7,1,1,,7,3,2019,09:40,1,75,75119,2,1,1,3,AVENUE DE LA PORTE D AUBERVILLIERS,48.899593,2.371126
1855,201900028992,138 251 807,A01,2,43,0,0,8,15,1,,4,3,2019,09:50,1,75,75119,2,7,2,7,PLACE DE LA PORTE DE PANTIN,48.88964,2.395741
1856,201900028993,138 251 805,B01,1,2,0,2,2,1,3,,6,3,2019,13:20,1,75,75118,2,3,2,2,RUE MARX DORMOY,48.889056,2.359898
1857,201900029264,138 251 305,A01,1,1,0,2,8,15,5,,11,11,2019,01:10,5,75,75117,2,5,1,6,AVENUE DE SAINT OUEN,48.893004,2.327429
1858,201900029265,138 251 302,A01,1,30,0,2,1,1,1,,11,11,2019,00:50,5,75,75116,2,2,1,3,RUE DE LA POMPE,48.85955,2.275217
1859,201900029267,138 251 298,B01,2,1,0,2,1,17,5,,11,11,2019,17:50,2,75,75111,2,1,1,3,BOULEVARD DE BELLEVILLE,48.870612,2.378354
1860,201900029268,138 251 296,B01,1,32,0,2,2,17,1,,11,11,2019,10:10,1,75,75101,2,3,2,3,RUE DE L AMIRAL DE COLIGNY,48.859013,2.339879
1861,201900029508,138 250 783,A01,1,32,0,2,8,2,1,,19,12,2019,18:20,5,75,75114,2,1,1,2,BD PERIPHERIQUE INTERIEUR,48.820387,2.324441
1862,201900029509,138 250 781,A01,1,32,0,2,1,3,1,,19,12,2019,20:05,5,75,75113,2,1,2,3,BD PERIPHERIQUE INTERIEUR,48.816467,2.34455
1863,201900029510,138 250 779,A01,2,33,0,2,1,3,1,,18,12,2019,17:15,5,75,75116,2,1,1,6,BD PERIPHERIQUE EXTERIEUR,48.8713064,2.2730219
1864,201900029514,138 250 773,A01,2,33,1,0,1,14,1,,19,12,2019,19:23,5,75,75117,2,1,1,6,BOULEVARD DE DOUAUMONT,48.895837,2.30898
1865,201900029515,138 250 772,A01,2,31,0,1,1,17,1,,19,12,2019,15:20,1,75,75117,2,1,1,6,AVENUE DE CLICHY,48.8877818,2.3250708
1866,201900029516,138 250 770,B01,2,2,0,2,8,16,1,,18,12,2019,12:40,1,75,75117,2,2,1,3,AVENUE DES TERNES,48.879989,2.288429
1867,201900029517,138 250 768,A01,1,30,0,2,2,17,1,,17,12,2019,10:10,1,75,75117,2,2,1,3,AVENUE DE VILLIERS,48.8823316,2.3117396
1868,201900029518,138 250 767,A01,2,33,0,1,1,1,1,,19,12,2019,13:45,1,75,75114,2,2,1,6,RUE RAYMOND LOSSERAND,48.831821,2.314138
1869,201900029519,138 250 766,B01,1,80,0,2,1,1,2,,19,12,2019,09:40,1,75,75114,2,3,1,3,BOULEVARD JOURDAN,48.8214887,2.3338295
1870,201900029520,138 250 763,B01,2,1,0,2,2,1,5,,18,12,2019,07:50,1,75,75113,2,3,8,3,QUAI FRANCOIS MAURIAC,48.835683,2.37538
1871,201900029521,138 250 761,B01,2,1,0,2,1,19,5,,19,12,2019,09:20,1,75,75112,2,3,8,3,BOULEVARD PONIATOWSKI,48.834267,2.404724
1872,201900029522,138 250 760,B01,1,2,0,2,2,5,1,,19,12,2019,09:14,1,75,75112,2,1,1,3,AVENUE DE LA PORTE DE CHARENTON,48.830236,2.400161
1873,201900029523,138 250 757,A01,1,33,0,2,7,1,1,,19,12,2019,01:15,5,75,75112,2,2,1,3,RUE DE CHARENTON,48.837309,2.391205
1874,201900029524,138 250 755,B01,2,2,0,2,3,1,1,,19,12,2019,13:25,1,75,75108,2,7,1,3,PLACE DE LA CONCORDE,48.866754,2.322074
1875,201900029527,138 250 751,A01,1,1,0,0,0,1,5,,19,12,2019,19:10,5,75,75107,2,1,1,7,RUE DU BAC,48.852362,2.3236245
1876,201900029528,138 250 750,A01,1,30,12,0,3,13,3,,19,12,2019,15:15,1,75,75107,2,1,8,6,QUAI BRANLY,48.861405,2.29721
1877,201900029529,138 250 749,A01,2,1,0,0,7,16,5,,19,12,2019,11:30,1,75,75104,2,4,8,7,QUAI DES CELESTINS,48.851027,2.361127
1878,201900029531,138 250 746,Z01,2,30,0,1,1,1,1,,18,12,2019,12:40,1,75,75103,2,2,1,6,RUE PAVEE,48.857252,2.361755
1879,201900029559,138 250 696,A01,1,33,0,2,1,14,1,,7,10,2019,20:10,5,75,75106,2,1,1,1,QUAI DE CONTI,48.8568023,2.3392779
1880,201900029559,138 250 697,B01,2,1,0,2,1,8,5,,7,10,2019,20:10,5,75,75106,2,1,1,1,QUAI DE CONTI,48.8568023,2.3392779
1881,201900029560,138 250 695,B01,1,32,0,2,2,17,1,,7,10,2019,16:10,1,75,75120,2,4,1,3,RUE BELGRAND,48.8646095,2.4059702
1882,201900029561,138 250 692,A01,2,30,0,2,4,2,1,,7,10,2019,16:05,1,75,75119,2,1,1,2,RUE DE BELLEVILLE,48.873015,2.380696
1883,201900029561,138 250 693,B01,2,33,0,2,3,2,1,,7,10,2019,16:05,1,75,75119,2,1,1,2,RUE DE BELLEVILLE,48.873015,2.380696
1884,201900029563,138 250 688,A01,1,33,0,1,1,1,1,,7,10,2019,19:15,5,75,75109,2,2,1,6,RUE DE CHATEAUDUN,48.8760866,2.337123
1885,201900029564,138 250 687,B01,3,60,0,2,8,19,5,,7,10,2019,18:54,2,75,75117,2,3,1,3,BOULEVARD BERTHIER,48.890032,2.3041589
1886,201900029565,138 250 685,A01,1,32,0,2,8,15,1,,7,10,2019,17:15,1,75,75117,2,2,1,3,AVENUE DE LA PORTE DE CLICHY,48.8962678,2.3100035
1887,201900029566,138 250 683,A01,2,32,0,0,1,21,1,,7,10,2019,14:45,1,75,75117,2,3,1,7,AVENUE DE CLICHY,48.8940869,2.3141316
1888,201900029567,138 250 681,B01,1,1,0,2,8,1,5,,7,10,2019,10:00,1,75,75117,2,3,1,3,BOULEVARD DES BATIGNOLLES,48.8832241,2.3253237
1889,201900029569,138 250 678,A01,3,43,0,2,1,1,1,,7,10,2019,03:05,5,75,75116,2,2,1,6,ROUTE DE SURESNES,48.866317,2.231573
1890,201900029570,138 250 676,A01,1,32,0,2,1,17,1,,2,10,2019,19:45,3,75,75116,2,2,1,3,ALLEE DE LA REINE MARGUERITE,48.8649259,2.249093
1891,201900029571,138 250 675,B01,3,30,0,2,1,1,1,,7,10,2019,19:00,5,75,75115,2,7,2,3,BOULEVARD VICTOR,48.8361774,2.2782948
1892,201900029572,138 250 672,A01,1,32,0,2,1,1,1,,7,10,2019,17:50,1,75,75114,2,2,8,6,AVENUE DE L OBSERVATOIRE,48.8396771,2.3366506
1893,201900029573,138 250 671,B01,2,32,0,2,7,17,1,,7,10,2019,18:40,1,75,75112,2,2,1,3,AVENUE DAUMESNIL,48.8462767,2.3774856
1894,201900029574,138 250 669,A01,3,1,0,2,4,2,5,,7,10,2019,15:00,1,75,75112,2,7,1,6,CARREFOUR DE PYRAMIDE,48.8339963,2.4455832
1895,201900029576,138 250 665,B01,2,33,1,2,1,1,1,,7,10,2019,10:00,1,75,75116,2,2,1,3,RUE CORTAMBERT,48.860141,2.278113
1896,201900029578,138 250 663,Z01,1,30,0,1,8,16,0,,7,10,2019,17:50,1,75,75102,2,7,1,6,PLACE DES VICTOIRES,48.865855,2.3414598
1897,201900029579,138 250 662,B01,1,32,0,2,3,1,1,,6,10,2019,09:35,1,75,75101,2,1,2,3,QUAI FRANCOIS MITTERRAND,48.859465,2.336126
1898,201900029580,138 250 660,A01,1,1,0,1,8,1,5,,7,10,2019,15:30,1,75,75104,2,3,1,6,RUE DE RIVOLI,48.8554569,2.3600888
1899,201900029694,138 250 451,B01,2,2,0,2,1,1,1,,5,10,2019,19:40,5,75,75116,2,2,1,3,AVENUE THEOPHILE GAUTIER,48.8484834,2.2701727
1900,201900029695,138 250 449,A01,1,30,0,2,8,15,1,,6,10,2019,03:00,5,75,75106,2,3,2,3,QUAI DE CONTI,48.85643,2.3399059
1901,201900029696,138 250 446,B01,1,33,0,2,8,16,1,,6,10,2019,19:30,2,75,75117,2,7,1,3,PLACE DE LA PORTE MAILLOT,48.878966,2.2817874
1902,201900029697,138 250 445,A01,1,33,0,2,1,7,1,,5,10,2019,16:35,1,75,75116,2,1,1,3,AVENUE DE MALAKOFF,48.8759355,2.2837669
1903,201900029699,138 250 442,A01,1,32,0,0,3,15,1,,6,10,2019,03:05,5,75,75115,2,3,2,7,BOULEVARD LEFEBVRE,48.8282901,2.3029747
1904,201900029701,138 250 439,B01,1,50,0,2,8,8,3,,6,10,2019,19:04,5,75,75112,2,2,1,3,RUE DE BERCY,48.8421074,2.3764132
1905,201900029704,138 250 435,B01,1,1,0,2,3,13,5,,5,10,2019,23:20,5,75,75103,2,1,1,3,RUE SAINT MARTIN,48.8670271,2.3544618
1906,201900029724,138 250 402,B01,1,1,0,1,2,1,5,,25,1,2019,15:20,1,75,75110,2,1,8,6,RUE DU CHATEAU D EAU,48.87248,2.355382
1907,201900029727,138 250 398,A01,2,30,0,2,1,21,1,,25,1,2019,08:25,2,75,75109,2,1,8,3,RUE BLANCHE,48.879173,2.331424
1908,201900029728,138 250 396,B01,1,32,0,2,2,1,1,,25,1,2019,20:35,5,75,75109,2,3,2,3,RUE DE CLICHY,48.879879,2.329105
1909,201900029729,138 250 395,A01,1,32,0,2,1,18,1,,24,1,2019,21:30,5,75,75104,2,3,1,3,BOULEVARD HENRI IV,48.852146,2.365711
1910,201900029730,138 250 393,A01,1,43,12,0,2,13,1,,26,1,2019,05:00,5,75,75101,2,3,1,6,RUE DE RIVOLI,48.860065,2.343419
1911,201900029731,138 250 392,A01,1,33,14,0,1,1,1,,25,1,2019,01:00,5,75,75101,2,2,2,6,RUE DE RIVOLI,48.859889,2.343986
1912,201900029732,138 250 391,A01,1,34,0,1,2,1,1,,23,1,2019,14:00,1,75,75101,2,4,8,6,RUE ETIENNE MARCEL,48.864731,2.345399
1913,201900029733,138 250 390,A01,1,43,0,0,7,16,1,,22,1,2019,09:45,1,75,75101,2,4,4,7,RUE SAINT FLORENTIN,48.86636,2.323465
1914,201900030060,138 249 780,B01,2,43,0,2,3,3,1,,4,9,2019,08:50,1,75,75119,2,1,1,4,BOULEVARD PERIPHERIQUE EXTERIEUR,48.895385,2.394802
1915,201900030061,138 249 777,A01,1,33,0,2,1,2,1,,3,9,2019,06:25,2,75,75113,2,4,1,2,BD PERIPHERIQUE INTERIEUR,48.8166856,2.3646103
1916,201900030063,138 249 773,B01,1,30,0,2,1,1,1,,4,9,2019,17:40,1,75,75120,2,2,1,3,RUE DES FRERES FLAVIEN,48.876802,2.411997
1917,201900030064,138 249 772,A01,1,30,1,0,1,14,3,,4,9,2019,14:00,1,75,75120,2,1,1,6,BOULEVARD DE MENILMONTANT,48.859163,2.389336
1918,201900030065,138 249 771,A01,2,1,0,1,1,7,5,,4,9,2019,16:15,1,75,75118,2,2,1,6,BOULEVARD BARBES,48.883852,2.349476
1919,201900030066,138 249 770,B01,1,31,0,2,1,1,1,,3,9,2019,21:58,5,75,75118,2,3,1,3,RUE STEPHENSON,48.886297,2.356543
1920,201900030067,138 249 767,B01,1,50,0,2,8,15,3,,4,9,2019,19:00,2,75,75117,2,3,1,3,RUE CARDINET,48.8911059,2.3180307
1921,201900030067,138 249 768,A01,1,30,0,2,1,17,1,,4,9,2019,19:00,2,75,75117,2,3,1,3,RUE CARDINET,48.8911059,2.3180307
1922,201900030068,138 249 766,A01,1,31,0,0,8,1,1,,4,9,2019,20:00,5,75,75114,2,1,1,7,BD PERIPHERIQUE INTERIEUR,48.82324,2.31165
1923,201900030069,138 249 764,B01,1,1,0,2,4,1,5,,4,9,2019,17:05,1,75,75115,2,7,1,3,PLACE CAMBRONNE,48.8477752,2.3015701
1924,201900030070,138 249 763,A01,2,30,1,0,1,14,1,,3,9,2019,23:40,5,75,75115,2,2,1,6,RUE DE LA CONVENTION,48.8447579,2.2798624
1925,201900030071,138 249 761,A01,2,1,0,2,8,19,5,,3,9,2019,18:35,1,75,75114,2,1,1,3,BOULEVARD BRUNE,48.826513,2.31104
1926,201900030071,138 249 762,B01,2,32,0,2,1,1,1,,3,9,2019,18:35,1,75,75114,2,1,1,3,BOULEVARD BRUNE,48.826513,2.31104
1927,201900030072,138 249 759,A01,2,1,0,2,6,13,5,,4,9,2019,17:00,1,75,75113,2,2,1,3,RUE DE TOLBIAC,48.8284661,2.3729348
1928,201900030072,138 249 760,B01,2,33,0,2,1,17,1,,4,9,2019,17:00,1,75,75113,2,2,1,3,RUE DE TOLBIAC,48.8284661,2.3729348
1929,201900030073,138 249 757,A01,2,1,0,2,7,1,5,,4,9,2019,07:47,1,75,75113,2,3,1,3,AVENUE D ITALIE,48.8267561,2.3570893
1930,201900030074,138 249 755,B01,2,1,0,2,1,18,5,,4,9,2019,14:30,1,75,75111,2,3,1,3,RUE DE MONTREUIL,48.85046,2.392937
1931,201900030075,138 249 754,A01,1,32,0,1,8,1,1,,4,9,2019,19:30,1,75,75110,2,1,1,6,BOULEVARD DE MAGENTA,48.882304,2.350665
1932,201900030077,138 249 751,A01,2,30,0,2,1,17,1,,4,9,2019,14:40,1,75,75108,2,2,1,3,BOULEVARD HAUSSMANN,48.8748167,2.3059278
1933,201900030078,138 249 750,B01,1,1,0,2,7,1,5,,4,9,2019,15:45,1,75,75107,2,1,1,3,RUE DE GRENELLE,48.857884,2.31589
1934,201900030079,138 249 748,A01,1,30,11,0,3,13,1,,4,9,2019,01:30,5,75,75104,2,3,1,6,RUE DE RIVOLI,48.8565164,2.3555924
1935,201900030110,138 249 682,A01,2,33,0,2,8,21,1,,23,6,2019,22:45,5,75,75118,2,1,1,3,PORTE DE LA CHAPELLE,48.900926,2.358867
1936,201900030112,138 249 680,A01,1,30,0,1,1,1,0,,26,6,2019,18:20,1,75,75118,2,4,1,6,RUE DES TROIS FRERES,48.885695,2.337969
1937,201900030114,138 249 678,Z01,2,60,0,1,0,1,5,,26,6,2019,08:40,1,75,75115,2,2,1,6,RUE CAMBRONNE,48.841817,2.30326
1938,201900030115,138 249 676,B01,1,43,0,2,4,1,1,,26,6,2019,19:25,1,75,75113,2,4,1,6,BOULEVARD PERIPHERIQUE INTERIEUR SUD,48.82076,2.376549
1939,201900030115,138 249 677,A01,1,33,0,2,1,1,1,,26,6,2019,19:25,1,75,75113,2,4,1,6,BOULEVARD PERIPHERIQUE INTERIEUR SUD,48.82076,2.376549
1940,201900030117,138 249 673,B01,2,32,0,2,8,1,1,,25,6,2019,13:55,1,75,75112,2,4,1,3,BOULEVARD SOULT,48.838918,2.408457
1941,201900030118,138 249 672,A01,1,1,0,2,1,17,5,,26,6,2019,12:45,1,75,75111,2,1,2,1,BOULEVARD VOLTAIRE,48.861404,2.374093
1942,201900030119,138 249 670,B01,2,1,0,2,7,17,5,,26,6,2019,08:55,1,75,75111,2,1,1,2,RUE RICHARD LENOIR,48.854281,2.369945
1943,201900030120,138 249 667,A01,2,30,0,2,7,16,1,,26,6,2019,20:10,1,75,75110,2,3,1,3,QUAI DE VALMY,48.876307,2.364217
1944,201900030120,138 249 668,B01,2,80,0,2,1,1,3,,26,6,2019,20:10,1,75,75110,2,3,1,3,QUAI DE VALMY,48.876307,2.364217
1945,201900030121,138 249 666,A01,2,30,0,0,8,1,1,,26,6,2019,20:18,1,75,75108,2,2,1,7,RUE ROQUEPINE,48.873403,2.319562
1946,201900030122,138 249 665,B01,2,1,0,2,4,17,5,,26,6,2019,19:40,1,75,75108,2,1,1,3,BOULEVARD DE COURCELLES,48.878279,2.299069
1947,201900030123,138 249 663,A01,2,1,0,2,1,19,5,,25,6,2019,23:30,5,75,75107,2,2,1,3,QUAI D ORSAY,48.86259,2.310428
1948,201900030124,138 249 661,A01,2,32,0,2,8,18,1,,26,6,2019,08:00,1,75,75104,2,1,1,3,BOULEVARD BEAUMARCHAIS,48.854558,2.368795
1949,201900030262,138 249 378,A01,1,1,12,2,5,18,5,,11,4,2019,11:10,1,75,75115,2,2,1,3,RUE DUTOT,48.83824,2.308355
1950,201900030263,138 249 375,A01,1,32,0,2,1,17,1,,13,4,2019,20:40,5,75,75114,2,2,1,2,AVENUE GEORGES LAFENESTRE,48.825111,2.311185
1951,201900030264,138 249 373,B01,1,31,0,2,8,18,1,,12,4,2019,20:20,2,75,75114,2,7,1,3,PLACE DE CATALOGNE,48.837416,2.318581
1952,201900030266,138 249 371,B01,1,33,0,2,8,1,1,,12,4,2019,13:50,1,75,75113,2,1,1,3,BOULEVARD DU GENERAL JEAN SIMON,48.826226,2.383413
1953,201900030268,138 249 367,A01,2,30,0,2,2,17,1,,12,4,2019,09:22,1,75,75112,2,2,1,2,BOULEVARD DIDEROT,48.847609,2.389064
1954,201900030269,138 249 364,A01,2,32,0,2,3,1,1,,11,4,2019,16:00,1,75,75112,2,1,1,6,BOULEVARD DIDEROT,48.846647,2.380744
1955,201900030271,138 249 358,A01,3,33,0,2,2,3,1,,10,4,2019,16:40,1,75,75112,2,1,1,4,SOUTERRAIN QUAI DE BERCY,48.830454,2.386217
1956,201900030272,138 249 355,A01,2,50,0,1,1,1,3,,12,4,2019,10:35,1,75,75111,2,1,1,6,RUE SAINT SEBASTIEN,48.861114,2.369121
1957,201900030273,138 249 354,A01,1,31,0,1,1,1,1,,11,4,2019,19:25,1,75,75111,2,2,1,6,AVENUE DE LA REPUBLIQUE,48.864011,2.3812
1958,201900030274,138 249 353,B01,1,80,0,2,7,1,3,,11,4,2019,09:00,1,75,75111,2,3,1,3,BOULEVARD VOLTAIRE,48.855309,2.384295
1959,201900030275,138 249 350,A01,2,30,1,2,1,5,1,,10,4,2019,23:00,5,75,75111,2,2,1,3,RUE CHANZY,48.85252,2.383246
1960,201900030275,138 249 351,B01,1,1,0,2,1,1,5,,10,4,2019,23:00,5,75,75111,2,2,1,3,RUE CHANZY,48.85252,2.383246
1961,201900030276,138 249 348,B01,2,1,0,2,1,1,5,,13,4,2019,09:19,1,75,75110,2,2,1,3,QUAI DE VALMY,48.872903,2.363739
1962,201900030277,138 249 346,A01,1,30,0,2,2,1,1,,11,4,2019,21:30,5,75,75110,2,1,1,3,BOULEVARD SAINT DENIS,48.869445,2.353724
1963,201900030279,138 249 344,B01,1,43,0,2,4,2,1,,12,4,2019,21:00,5,75,75108,2,2,1,2,AVENUE DE FRIEDLAND,48.873977,2.29729
1964,201900030280,138 249 342,B01,1,2,0,2,7,1,1,,12,4,2019,13:50,1,75,75108,2,1,1,3,RUE DE COURCELLES,48.876696,2.307503
1965,201900030282,138 249 338,A01,1,33,0,1,1,1,1,,11,4,2019,16:50,1,75,75108,2,2,1,6,AVENUE GEORGE V,48.871927,2.30084
1966,201900030283,138 249 337,A01,2,32,0,0,0,1,1,,12,4,2019,11:45,1,75,75107,2,7,1,7,BOULEVARD DES INVALIDES,48.850728,2.314685
1967,201900030284,138 249 336,A01,1,30,11,0,3,17,1,,12,4,2019,08:20,1,75,75104,2,1,1,6,RUE SAINT ANTOINE,48.854951,2.361967
1968,201900030285,138 249 335,B01,2,33,0,2,3,15,1,,11,4,2019,08:50,1,75,75103,2,7,1,3,PLACE DE LA REPUBLIQUE,48.867343,2.363378
1969,201900030286,138 249 333,A01,2,2,0,2,3,5,3,,10,4,2019,23:55,5,75,75103,2,7,1,1,BOULEVARD SAINT MARTIN,48.867952,2.362385
1970,201900030287,138 249 330,A01,1,43,0,2,1,1,1,,12,4,2019,14:50,1,75,75101,2,7,1,1,RUE DE L AMIRAL DE COLIGNY,48.86039,2.340581
1971,201900030287,138 249 331,B01,2,1,0,2,1,17,5,,12,4,2019,14:50,1,75,75101,2,7,1,1,RUE DE L AMIRAL DE COLIGNY,48.86039,2.340581
1972,201900030452,138 249 052,B01,2,2,0,2,2,17,3,,5,3,2019,15:30,1,75,75118,2,2,1,3,RUE ORDENER,48.891562,2.349598
1973,201900030453,138 249 051,A01,1,32,0,2,3,18,1,,7,3,2019,09:05,1,75,75117,2,1,1,3,BOULEVARD DE DOUAUMONT,48.894941,2.305684
1974,201900030454,138 249 048,A01,1,1,0,2,1,16,5,,5,3,2019,14:20,1,75,75117,2,3,1,3,RUE MILNE EDWARDS,48.882646,2.29259
1975,201900030455,138 249 047,B01,2,31,0,2,2,17,1,,9,3,2019,11:30,1,75,75116,2,2,1,3,AVENUE DE SAINT CLOUD,48.838603,2.252256
1976,201900030458,138 249 040,A01,1,34,0,2,2,2,0,,7,3,2019,16:30,1,75,75116,2,4,2,2,AVENUE DE LA PORTE DE SAINT CLOUD,48.83854,2.25329
1977,201900030459,138 249 038,A01,1,32,12,0,6,13,1,,7,3,2019,01:00,5,75,75116,2,1,3,6,AVENUE DU PRESIDENT KENNEDY,48.857733,2.287682
1978,201900030462,138 249 035,A01,1,32,0,2,0,21,1,,9,3,2019,02:50,5,75,75115,2,2,2,6,PONT DE BIR HAKEIM,48.854574,2.288858
1979,201900030464,138 249 031,A01,2,43,0,2,2,1,1,,8,3,2019,00:40,5,75,75115,2,3,1,3,RUE DE LA CROIX NIVERT,48.845229,2.29768
1980,201900030465,138 249 029,B01,2,31,0,2,1,1,1,,7,3,2019,20:10,5,75,75115,2,2,1,3,AVENUE EMILE ZOLA,48.846516,2.285412
1981,201900030466,138 249 028,A01,2,1,0,0,0,21,5,,7,3,2019,09:35,1,75,75115,2,2,1,7,RUE DE LA CONVENTION,48.845351,2.278579
1982,201900030467,138 249 026,B01,3,32,0,2,1,18,1,,6,3,2019,08:30,1,75,75115,2,2,8,3,PONT MIRABEAU,48.846217,2.276629
1983,201900030468,138 249 024,B01,3,60,0,2,7,19,5,,5,3,2019,13:25,1,75,75115,2,2,8,3,RUE GINOUX,48.848714,2.285205
1984,201900030469,138 249 022,B01,3,30,0,2,1,1,1,,9,3,2019,02:45,5,75,75114,2,2,8,3,RUE D ALESIA,48.832737,2.311536
1985,201900030470,138 249 020,A01,1,33,0,2,1,3,1,,8,3,2019,12:45,1,75,75114,2,1,1,3,AVENUE PAUL VAILLANT COUTURIER,48.816725,2.334524
1986,201900030472,138 249 018,A01,2,1,0,2,2,1,5,,7,3,2019,16:30,1,75,75114,2,3,2,3,RUE JULES GUESDE,48.837487,2.320207
1987,201900030474,138 249 014,B01,2,1,0,2,1,1,5,,4,3,2019,09:55,1,75,75115,2,7,2,3,BOULEVARD PASTEUR,48.840358,2.314897
1988,201900030475,138 249 012,A01,2,33,1,2,0,1,1,,9,3,2019,07:30,2,75,75112,2,3,1,3,AVENUE DAUMESNIL,48.839956,2.432169
1989,201900030476,138 249 011,A01,1,1,0,1,1,1,5,,7,3,2019,18:30,2,75,75112,2,3,2,6,BOULEVARD DIDEROT,48.845682,2.372678
1990,201900030477,138 249 010,B01,1,33,0,2,1,15,1,,7,3,2019,14:40,1,75,75112,2,1,1,2,ROUTE DE CEINTURE DU LAC DAUMESNIL,48.831424,2.416865
1991,201900030478,138 249 008,A01,2,80,0,1,2,1,3,,6,3,2019,10:45,1,75,75112,2,2,1,6,BOULEVARD DIDEROT,48.846445,2.378944