,Num_Acc,id_vehicule,num_veh,senc,catv,obs,obsm,choc,manv,motor,occutc,jour,mois,an,hrmn,lum,dep,com,agg,int,atm,col,adr,lat,long
1992,201900030479,138 249 006,A01,1,30,0,2,1,1,1,,8,3,2019,12:20,1,75,75111,2,3,1,2,BOULEVARD RICHARD LENOIR,48.857053,2.371208
1993,201900030480,138 249 005,A01,2,32,0,1,1,1,1,,7,3,2019,10:30,1,75,75111,2,2,1,6,BOULEVARD VOLTAIRE,48.863772,2.370117
1994,201900030481,138 249 003,A01,2,1,0,2,1,7,5,,6,3,2019,13:40,1,75,75111,2,3,8,3,BOULEVARD BEAUMARCHAIS,48.859476,2.367605
1995,201900030482,138 249 002,B01,2,1,0,2,6,1,5,,5,3,2019,09:30,1,75,75111,2,2,1,6,RUE MORAND,48.868841,2.376308
1996,201900030483,138 248 999,B01,2,1,0,2,3,1,5,,9,3,2019,14:40,1,75,75110,2,2,1,3,RUE LUCIEN SAMPAIX,48.874275,2.362625
1997,201900030483,138 249 000,A01,2,32,0,2,2,1,1,,9,3,2019,14:40,1,75,75110,2,2,1,3,RUE LUCIEN SAMPAIX,48.874275,2.362625
1998,201900030484,138 248 998,A01,2,31,0,2,1,1,1,,8,3,2019,23:45,5,75,75110,2,1,2,6,BOULEVARD DE MAGENTA,48.878076,2.354462
1999,201900030485,138 248 996,B01,1,32,0,2,1,1,1,,8,3,2019,14:30,1,75,75110,2,1,1,1,RUE DU HUIT MAI 1945,48.876016,2.3592
2000,201900030486,138 248 994,B01,2,31,0,2,2,17,1,,8,3,2019,21:30,5,75,75109,2,2,1,3,RUE DE CHATEAUDUN,48.876198,2.335355
2001,201900030488,138 248 991,A01,2,30,0,1,1,7,1,,6,3,2019,18:50,5,75,75109,2,7,2,6,BOULEVARD DE CLICHY,48.88221,2.337706
2002,201900030489,138 248 989,B01,1,1,0,2,0,7,5,,6,3,2019,18:20,3,75,75109,2,1,2,6,RUE LA FAYETTE,48.876201,2.345143
2003,201900030490,138 248 988,A01,1,1,0,1,1,1,5,,6,3,2019,17:11,1,75,75102,2,7,8,6,PLACE DE L OPERA,48.870692,2.332526
2004,201900030491,138 248 987,A01,1,34,0,0,7,14,1,,8,3,2019,16:48,1,75,75108,2,3,1,7,AVENUE GEORGE V,48.866152,2.30135
2005,201900030492,138 248 985,A01,3,33,0,2,1,1,1,,8,3,2019,14:40,1,75,75108,2,7,8,3,PLACE DE LA CONCORDE,48.866863,2.322019
2006,201900030493,138 248 982,A01,2,33,0,2,7,16,1,,7,3,2019,12:20,1,75,75108,2,2,1,6,BOULEVARD HAUSSMANN,48.875035,2.309197
2007,201900030493,138 248 983,B01,2,43,0,2,8,1,1,,7,3,2019,12:20,1,75,75108,2,2,1,6,BOULEVARD HAUSSMANN,48.875035,2.309197
2008,201900030494,138 248 981,B01,3,32,0,2,8,1,1,,6,3,2019,17:50,2,75,75108,2,7,2,3,PLACE DE LA CONCORDE,48.866663,2.322017
2009,201900030495,138 248 978,A01,1,30,0,2,1,1,1,,7,3,2019,00:20,5,75,75115,2,2,3,3,RUE SAINT CHARLES,48.844763,2.2839
2010,201900030496,138 248 977,B01,1,1,4,2,7,17,5,,6,3,2019,09:30,1,75,75107,2,1,1,3,PLACE HENRY DE MONTHERLANT,48.860593,2.325954
2011,201900030497,138 248 974,B01,1,31,0,2,7,17,1,,5,3,2019,12:32,1,75,75107,2,2,8,5,RUE DE SOLFERINO,48.860337,2.323597
2012,201900030498,138 248 972,B01,1,1,0,2,2,19,5,,4,3,2019,14:10,1,75,75107,2,7,8,3,PLACE DE FONTENOY,48.850351,2.306859
2013,201900030499,138 248 969,B01,1,50,0,2,2,1,3,,25,2,2019,09:46,1,75,75107,2,1,1,3,PORT DE SOLFERINO,48.860618,2.326643
2014,201900030500,138 248 968,A01,2,34,0,1,3,1,3,,8,3,2019,08:20,1,75,75104,2,2,1,6,QUAI DES CELESTINS,48.853318,2.35781
2015,201900030501,138 248 967,A01,1,33,14,0,1,13,1,,9,3,2019,21:00,5,75,75104,2,2,1,6,RUE DE RIVOLI,48.857886,2.350203
2016,201900030502,138 248 965,A01,1,32,0,2,2,17,1,,7,3,2019,10:00,1,75,75102,2,4,1,3,RUE NOTRE DAME DES VICTOIRES,48.870207,2.342631
2017,201900030503,138 248 963,A01,1,31,0,2,2,5,1,,5,3,2019,10:00,1,75,75102,2,3,1,5,BOULEVARD MONTMARTRE,48.87172,2.341622
2018,201900030504,138 248 960,A01,2,2,0,2,1,1,1,,4,3,2019,23:10,3,75,75102,2,3,1,3,RUE SAINT AUGUSTIN,48.868885,2.334369
2019,201900030649,138 248 713,A01,1,30,15,0,0,13,1,,27,7,2019,01:21,5,75,75115,2,2,3,6,QUAI BRANLY,48.8545916,2.2888391
2020,201900030650,138 248 711,A01,1,30,0,2,1,2,1,,26,7,2019,14:35,1,75,75115,2,4,1,2,RUE CAMBRONNE,48.842746,2.302607
2021,201900030652,138 248 707,A01,3,34,0,2,1,1,1,,24,7,2019,17:34,1,75,75116,2,2,1,3,ALLEE DE LONGCHAMP,48.872517,2.264428
2022,201900030653,138 248 704,B01,1,50,0,2,4,9,3,,23,7,2019,16:02,1,75,75101,2,2,7,2,RUE DE RIVOLI,48.863726,2.332132
2023,201900030654,138 248 701,A01,2,30,0,2,1,1,1,,27,7,2019,00:20,5,75,75106,2,2,3,3,RUE DE SEINE,48.851467,2.337064
2024,201900030655,138 248 700,Z01,2,30,0,2,3,2,1,,25,7,2019,23:21,5,75,75105,2,2,1,6,RUE MONGE,48.840853,2.351881
2025,201900030656,138 248 697,A01,2,32,0,2,1,2,1,,26,7,2019,08:35,1,75,75120,2,2,1,2,AVENUE GAMBETTA,48.8769855,2.4064654
2026,201900030656,138 248 698,B01,2,1,0,2,4,2,5,,26,7,2019,08:35,1,75,75120,2,2,1,2,AVENUE GAMBETTA,48.8769855,2.4064654
2027,201900030657,138 248 695,B01,1,1,0,2,6,1,5,,25,7,2019,00:05,5,75,75120,2,2,1,3,RUE D AVRON,48.852707,2.406129
2028,201900030657,138 248 696,A01,1,30,0,2,2,17,1,,25,7,2019,00:05,5,75,75120,2,2,1,3,RUE D AVRON,48.852707,2.406129
2029,201900030658,138 248 694,A01,3,32,0,0,7,21,1,,27,7,2019,09:30,1,75,75119,2,7,2,7,PLACE SKANDERBEG,48.9004057,2.371517
2030,201900030659,138 248 691,B01,3,60,0,2,0,19,5,,24,7,2019,16:20,1,75,75119,2,1,1,3,RUE ARMAND CARREL,48.882722,2.377635
2031,201900030659,138 248 692,A01,2,30,0,2,7,17,1,,24,7,2019,16:20,1,75,75119,2,1,1,3,RUE ARMAND CARREL,48.882722,2.377635
2032,201900030660,138 248 690,B01,2,2,0,2,1,1,1,,27,7,2019,16:57,1,75,75118,2,2,1,3,BOULEVARD BARBES,48.885541,2.349543
2033,201900030661,138 248 688,A01,2,1,0,2,1,1,5,,27,7,2019,00:20,5,75,75118,2,2,3,3,RUE ORDENER,48.892408,2.344999
2034,201900030662,138 248 685,A01,1,32,0,2,3,1,1,,26,7,2019,20:20,1,75,75118,2,2,1,3,RUE DE LA CHAPELLE,48.890252,2.359928
2035,201900030662,138 248 686,B01,2,30,0,2,1,15,1,,26,7,2019,20:20,1,75,75118,2,2,1,3,RUE DE LA CHAPELLE,48.890252,2.359928
2036,201900030664,138 248 683,A01,2,31,0,1,8,7,1,,26,7,2019,16:10,1,75,75117,2,3,1,6,AVENUE DE SAINT OUEN,48.894049,2.327779
2037,201900030665,138 248 682,B01,1,43,0,2,1,15,1,,25,7,2019,09:30,1,75,75117,2,2,1,3,AVENUE DES TERNES,48.87865,2.294236
2038,201900030667,138 248 676,B01,2,50,0,2,8,13,3,,26,7,2019,19:10,1,75,75116,2,2,1,3,RUE DE LA POMPE,48.862796,2.276341
2039,201900030667,138 248 677,A01,2,33,0,2,7,17,1,,26,7,2019,19:10,1,75,75116,2,2,1,3,RUE DE LA POMPE,48.862796,2.276341
2040,201900030668,138 248 675,Z01,1,30,0,1,1,1,0,,26,7,2019,14:15,1,75,75116,2,5,1,6,RUE DES BELLES FEUILLES,48.867872,2.281089
2041,201900030669,138 248 673,A01,2,50,0,2,7,1,3,,27,7,2019,12:45,1,75,75115,2,2,8,3,RUE LECOURBE,48.841568,2.299125
2042,201900030670,138 248 672,B01,2,30,0,2,7,1,1,,25,7,2019,18:00,1,75,75115,2,3,1,3,AVENUE ALBERT BARTHOLOME,48.829215,2.292328
2043,201900030672,138 248 667,Z01,1,32,0,2,4,12,1,,24,7,2019,21:36,5,75,75112,2,5,1,6,RUE ABEL,48.845888,2.37431
2044,201900030672,138 248 668,A01,1,32,0,2,1,1,1,,24,7,2019,21:36,5,75,75112,2,5,1,6,RUE ABEL,48.845888,2.37431
2045,201900030673,138 248 665,A01,2,30,0,2,2,15,1,,27,7,2019,15:45,1,75,75111,2,2,1,3,AVENUE DE LA REPUBLIQUE,48.863986,2.3811214
2046,201900030673,138 248 666,B01,1,30,0,2,1,1,1,,27,7,2019,15:45,1,75,75111,2,2,1,3,AVENUE DE LA REPUBLIQUE,48.863986,2.3811214
2047,201900030674,138 248 663,B01,2,32,0,2,3,1,1,,27,7,2019,11:45,1,75,75111,2,7,2,3,AVENUE DE TAILLEBOURG,48.849137,2.397031
2048,201900030676,138 248 659,B01,1,1,0,2,7,1,5,,27,7,2019,13:59,1,75,75108,2,2,1,3,RUE PIERRE CHARRON,48.87052,2.305286
2049,201900030676,138 248 660,A01,1,30,0,2,8,13,1,,27,7,2019,13:59,1,75,75108,2,2,1,3,RUE PIERRE CHARRON,48.87052,2.305286
2050,201900030678,138 248 656,A01,3,30,0,2,8,1,1,,25,7,2019,17:45,1,75,75108,2,2,1,7,AVENUE WINSTON CHURCHILL,48.86499,2.313711
2051,201900030679,138 248 655,A01,3,1,8,0,1,21,5,,24,7,2019,09:15,1,75,75108,2,2,1,6,PONT ALEXANDRE III,48.864686,2.313657
2052,201900030681,138 248 649,B01,1,2,0,2,1,5,1,,26,7,2019,06:00,5,75,75103,2,2,1,3,RUE VIEILLE DU TEMPLE,48.85869,2.358778
2053,201900030682,138 248 646,B01,2,1,0,2,6,1,5,,26,7,2019,18:30,1,75,75102,2,2,1,3,RUE DU QUATRE SEPTEMBRE,48.8689211,2.3400825
2054,201900031026,138 248 004,B01,1,33,0,2,4,3,1,,9,11,2019,11:15,1,75,75120,2,1,1,4,BD PERIPHERIQUE INTERIEUR,48.860823,2.413832
2055,201900031026,138 248 005,A01,1,33,0,2,1,3,1,,9,11,2019,11:15,1,75,75120,2,1,1,4,BD PERIPHERIQUE INTERIEUR,48.860823,2.413832
2056,201900031027,138 248 000,A01,1,32,0,2,4,11,1,,8,11,2019,09:15,1,75,75112,2,1,1,3,BD PERIPHERIQUE INTERIEUR,48.826635,2.388995
2057,201900031027,138 248 001,B01,1,43,0,2,1,3,1,,8,11,2019,09:15,1,75,75112,2,1,1,3,BD PERIPHERIQUE INTERIEUR,48.826635,2.388995
2058,201900031028,138 247 998,B01,1,32,0,2,2,1,1,,10,11,2019,14:10,1,75,75119,2,1,2,3,RUE MEYNADIER,48.883613,2.383491
2059,201900031031,138 247 993,B01,2,34,0,2,7,1,1,,9,11,2019,18:20,5,75,75117,2,7,1,3,AVENUE DE VILLIERS,48.884249,2.302656
2060,201900031032,138 247 990,A01,2,1,0,1,1,1,5,,9,11,2019,12:00,1,75,75109,2,4,1,6,RUE DU FAUBOURG MONTMARTRE,48.8766588,2.3394497
2061,201900031090,138 247 889,A01,2,33,0,2,2,11,1,,10,11,2019,21:48,5,75,75112,1,1,1,6,A4,48.8251658,2.463727
2062,201900031132,138 247 803,A01,1,32,0,2,3,2,1,,9,11,2019,16:00,1,75,75117,2,1,1,2,BD PERIPHERIQUE INTERIEUR,48.899685,2.31964
2063,201900031135,138 247 794,B01,2,43,0,2,2,3,1,,8,11,2019,18:25,5,75,75115,2,1,1,3,BD PERIPHERIQUE EXTERIEUR,48.8262209,2.2976751
2064,201900031136,138 247 792,A01,1,32,0,2,1,1,1,,7,11,2019,23:20,5,75,75118,2,4,1,3,AVENUE DE LA PORTE DE CLIGNANCOURT,48.9007427,2.34424
2065,201900031137,138 247 790,B01,2,32,0,2,3,1,1,,8,11,2019,23:10,5,75,75120,2,2,2,3,RUE PELLEPORT,48.8707809,2.3992265
2066,201900031137,138 247 791,A01,1,30,0,2,3,15,1,,8,11,2019,23:10,5,75,75120,2,2,2,3,RUE PELLEPORT,48.8707809,2.3992265
2067,201900031139,138 247 787,B01,2,50,0,2,8,1,3,,6,11,2019,13:00,1,75,75116,2,4,1,3,ROUTE DE SURESNES,48.871119,2.272366
2068,201900031141,138 247 783,A01,2,32,0,2,1,18,1,,9,11,2019,20:10,5,75,75114,2,1,2,3,AVENUE DENFERT ROCHEREAU,48.8350446,2.3330678
2069,201900031142,138 247 780,A01,1,30,0,2,7,16,1,,9,11,2019,18:50,2,75,75114,2,4,1,3,AVENUE DU MAINE,48.8290741,2.3263764
2070,201900031143,138 247 779,A01,2,50,12,0,1,15,3,,9,11,2019,18:45,5,75,75103,2,1,1,6,RUE SAINT MARTIN,48.866579,2.354148
2071,201900031289,138 247 501,B01,1,33,0,2,2,2,1,,16,12,2019,05:50,5,75,75114,2,1,2,4,BD PERIPHERIQUE INTERIEUR,48.820387,2.324441
2072,201900031290,138 247 498,B01,2,43,0,2,1,1,1,,16,12,2019,12:00,1,75,75112,2,1,2,5,QUAI DE LA RAPEE,48.840999,2.373495
2073,201900031291,138 247 495,B01,1,33,0,2,3,1,1,,16,12,2019,20:09,5,75,75106,2,2,1,3,RUE SAINT SULPICE,48.851472,2.33706
2074,201900031292,138 247 494,A01,2,30,0,1,1,1,1,,16,12,2019,08:35,1,75,75105,2,1,2,6,AVENUE DES GOBELINS,48.837061,2.351678
2075,201900031294,138 247 491,A01,1,50,0,2,3,1,3,,15,12,2019,15:50,1,75,75106,2,2,1,6,RUE DE VAUGIRARD,48.847843,2.329584
2076,201900031295,138 247 490,A01,1,1,8,0,1,1,5,,16,12,2019,07:20,5,75,75120,2,1,3,6,BOULEVARD DAVOUT,48.861179,2.409347
2077,201900031296,138 247 489,B01,1,1,0,2,7,7,5,,16,12,2019,07:30,5,75,75117,2,7,3,3,BOULEVARD BERTHIER,48.887323,2.297886
2078,201900031298,138 247 486,A01,1,50,0,2,2,19,3,,16,12,2019,05:30,5,75,75116,2,7,2,3,PLACE DE VARSOVIE,48.8604269,2.2909337
2079,201900031300,138 247 483,A01,1,33,1,2,8,18,1,,16,12,2019,09:50,1,75,75114,2,1,8,3,AVENUE JEAN MOULIN,48.824928,2.320154
2080,201900031301,138 247 481,A01,1,30,0,2,1,5,1,,15,12,2019,22:30,5,75,75114,2,4,1,3,AVENUE DU MAINE,48.8302627,2.3258819
2081,201900031302,138 247 478,A01,1,30,0,2,1,2,1,,16,12,2019,14:25,1,75,75113,2,1,1,2,RUE ALBERT EINSTEIN,48.826845,2.381828
2082,201900031303,138 247 476,A01,2,32,0,2,7,17,1,,16,12,2019,20:15,5,75,75111,2,1,1,3,AVENUE LEDRU ROLLIN,48.851621,2.376327
2083,201900031497,138 247 132,A01,2,30,0,0,7,1,1,,5,10,2019,16:55,1,75,75119,2,2,1,6,AVENUE SIMON BOLIVAR,48.8784154,2.3742508
2084,201900031498,138 247 130,A01,1,1,0,2,1,5,5,,5,10,2019,03:30,5,75,75118,2,3,1,3,RUE DU DEPARTEMENT,48.8857448,2.3649831
2085,201900031500,138 247 127,A01,1,30,0,0,0,1,1,,5,10,2019,11:30,1,75,75117,2,7,2,7,PLACE PAUL LEAUTAUD,48.8872261,2.2979709
2086,201900031501,138 247 125,A01,2,34,0,2,1,15,1,,5,10,2019,00:30,5,75,75117,2,5,1,3,AVENUE DE SAINT OUEN,48.8930158,2.3274198
2087,201900031502,138 247 123,B01,2,32,1,2,3,18,1,,4,10,2019,17:05,1,75,75118,2,7,1,3,AVENUE DE CLICHY,48.8836704,2.3273641
2088,201900031503,138 247 121,A01,1,30,0,2,2,25,1,,5,10,2019,20:35,5,75,75116,2,3,1,3,RUE DU DOCTEUR BLANCHE,48.853976,2.2654454
2089,201900031504,138 247 120,A01,1,30,0,2,1,2,1,,5,10,2019,15:20,1,75,75115,2,2,8,2,AVENUE EMILE ZOLA,48.8467055,2.2889048
2090,201900031505,138 247 117,A01,2,30,0,2,2,1,1,,4,10,2019,23:00,5,75,75114,2,2,1,3,RUE RAYMOND LOSSERAND,48.8309409,2.3123159
2091,201900031505,138 247 118,B01,2,30,0,2,0,1,1,,4,10,2019,23:00,5,75,75114,2,2,1,3,RUE RAYMOND LOSSERAND,48.8309409,2.3123159
2092,201900031508,138 247 112,A01,1,32,0,0,8,16,1,,5,10,2019,13:00,1,75,75108,2,7,1,7,PLACE CHARLES DE GAULLE,48.8735345,2.2958382
2093,201900031509,138 247 111,A01,1,30,0,0,0,1,1,,5,10,2019,07:40,2,75,75103,2,7,2,7,PLACE DE LA REPUBLIQUE,48.8673638,2.3633477
2094,201900031686,138 246 788,A01,1,43,0,2,1,3,1,,22,1,2019,11:30,1,75,75114,2,1,4,2,PORTE D ORLEANS,48.819228,2.329614
2095,201900031687,138 246 787,B01,1,33,0,2,3,1,1,,15,1,2019,15:20,1,75,75119,2,1,1,3,BOULEVARD PERIPHERIQUE,48.895318,2.394566
2096,201900031688,138 246 785,A01,3,33,14,0,1,13,1,,21,1,2019,22:10,5,75,75116,2,3,1,6,AVENUE DE VERSAILLES,48.849673,2.276019
2097,201900031689,138 246 783,B01,1,33,0,2,8,1,1,,21,1,2019,10:54,1,75,75115,2,2,1,3,BOULEVARD LEFEBVRE,48.828483,2.301379
2098,201900031692,138 246 778,A01,2,32,0,0,1,1,1,,21,1,2019,12:35,1,75,75119,2,3,1,7,AVENUE DE LA PORTE D AUBERVILLIERS,48.899089,2.370309
2099,201900031695,138 246 773,A01,1,32,0,2,1,7,1,,22,1,2019,09:05,1,75,75108,2,2,4,3,RUE ROYALE,48.86838,2.323265
2100,201900031698,138 246 767,A01,1,32,0,2,1,2,1,,21,1,2019,11:40,1,75,75101,2,4,1,2,RUE SAINT HONORE,48.86209,2.339692
2101,201900031788,138 246 608,A01,1,30,0,2,1,9,1,,24,6,2019,16:08,1,75,75105,2,2,1,5,BOULEVARD DE PORT ROYAL,48.83769,2.3455
2102,201900031788,138 246 609,B01,1,30,0,2,8,9,1,,24,6,2019,16:08,1,75,75105,2,2,1,5,BOULEVARD DE PORT ROYAL,48.83769,2.3455
2103,201900031789,138 246 604,C01,1,1,0,2,1,1,5,,25,6,2019,19:00,1,75,75118,2,1,1,4,AVENUE DE SAINT OUEN,48.889983,2.326457
2104,201900031790,138 246 603,A01,3,30,0,5,1,1,1,,25,6,2019,17:25,1,75,75116,2,1,1,6,ROUTE DE SURESNES,48.867142,2.257234
2105,201900031791,138 246 601,Z01,1,30,0,2,4,17,0,,24,6,2019,19:30,1,75,75115,2,1,1,6,RUE BRANCION,48.831869,2.302862
2106,201900031791,138 246 602,A01,1,30,0,2,1,1,1,,24,6,2019,19:30,1,75,75115,2,1,1,6,RUE BRANCION,48.831869,2.302862
2107,201900031792,138 246 600,B01,1,32,0,2,4,2,1,,25,6,2019,08:25,1,75,75113,2,3,1,2,QUAI PANHARD ET LEVASSOR,48.829229,2.383545
2108,201900031793,138 246 598,A01,2,32,0,2,8,1,1,,25,6,2019,11:20,1,75,75112,2,2,1,3,AVENUE DAUMESNIL,48.847292,2.375326
2109,201900031795,138 246 595,B01,1,31,0,2,1,1,1,,25,6,2019,14:55,1,75,75110,2,1,1,3,AVENUE PARMENTIER,48.870354,2.370794
2110,201900031796,138 246 592,Z01,2,33,0,2,2,14,1,,25,6,2019,15:00,1,75,75111,2,4,1,6,RUE RAMPON,48.866479,2.368127
2111,201900031798,138 246 589,A01,2,30,0,2,7,1,1,,25,6,2019,01:00,5,75,75111,2,2,1,3,BOULEVARD VOLTAIRE,48.863784,2.370066
2112,201900031800,138 246 585,A01,1,1,0,0,7,13,5,,25,6,2019,09:10,1,75,75108,2,1,1,7,AVENUE DE WAGRAM,48.876197,2.296894
2113,201900031801,138 246 582,A01,3,1,0,1,1,1,5,,25,6,2019,16:20,1,75,75107,2,1,1,6,ALLEE JEAN PAULHAN,48.858966,2.296043
2114,201900031803,138 246 581,A01,2,30,11,0,1,13,3,,25,6,2019,05:40,1,75,75107,2,1,1,6,BOULEVARD DES INVALIDES,48.851946,2.314526
2115,201900031805,138 246 578,A01,1,30,1,0,1,14,3,,25,6,2019,02:10,5,75,75107,2,1,1,6,BOULEVARD RASPAIL,48.853964,2.326012
2116,201900031942,138 246 326,A01,1,32,0,2,5,9,1,,2,9,2019,18:30,1,75,75116,1,4,1,3,A13Y,48.8484046,2.2469945
2117,201900032072,138 246 043,B01,1,30,0,2,1,1,1,,1,9,2019,20:10,5,75,75116,2,1,1,3,AVENUE HENRI MARTIN,48.864287,2.276018
2118,201900032074,138 246 040,A01,1,31,0,0,1,1,1,,4,8,2019,20:25,1,75,75118,2,1,1,7,BD PERIPHERIQUE INTERIEUR,48.900868,2.342645
2119,201900032077,138 246 035,Z01,2,50,0,1,3,25,3,,3,9,2019,12:10,1,75,75120,2,2,1,6,BOULEVARD DAVOUT,48.8534841,2.4105162
2120,201900032078,138 246 034,B01,2,31,0,2,4,2,1,,3,9,2019,18:15,1,75,75119,2,3,1,2,BOULEVARD MACDONALD,48.898785,2.374122
2121,201900032080,138 246 028,B01,1,33,0,2,3,1,1,,3,9,2019,13:53,1,75,75118,2,1,1,3,RUE CORTOT,48.8876343,2.3407296
2122,201900032081,138 246 027,A01,1,32,1,0,7,1,1,,26,7,2019,06:30,5,75,75118,2,4,1,6,RUE TRISTAN TZARA,48.8950912,2.3635609
2123,201900032082,138 246 025,A01,2,33,0,2,1,17,1,,3,9,2019,09:20,1,75,75117,2,3,1,3,BOULEVARD DU BOIS LE PRETRE,48.8997498,2.3191284
2124,201900032083,138 246 024,B01,2,33,0,2,8,1,1,,2,9,2019,13:35,1,75,75117,2,2,1,3,RUE JOUFFROY D ABBANS,48.885956,2.309538
2125,201900032084,138 246 021,B01,2,33,0,2,2,1,1,,2,9,2019,15:00,1,75,75116,2,1,1,3,AVENUE DE SAINT CLOUD,48.850752,2.24503
2126,201900032085,138 246 020,A01,1,33,0,1,3,18,1,,2,9,2019,10:00,1,75,75116,2,1,1,6,RUE SPONTINI,48.870244,2.27852
2127,201900032086,138 246 018,B01,1,33,0,2,1,1,1,,3,9,2019,15:35,1,75,75114,2,1,1,3,AVENUE DU GENERAL LECLERC,48.8284772,2.3274158
2128,201900032086,138 246 019,A01,1,1,0,2,8,19,5,,3,9,2019,15:35,1,75,75114,2,1,1,3,AVENUE DU GENERAL LECLERC,48.8284772,2.3274158
2129,201900032087,138 246 017,A01,2,30,0,2,1,2,3,,2,9,2019,14:55,1,75,75113,2,1,1,2,RUE DE LA GLACIERE,48.833467,2.344715
2130,201900032088,138 246 014,B01,2,43,1,2,8,1,1,,3,9,2019,15:20,1,75,75112,2,7,1,3,RUE FABRE D EGLANTINE,48.847318,2.3957242
2131,201900032089,138 246 013,B01,1,33,0,2,7,1,1,,3,9,2019,18:35,1,75,75111,2,1,1,3,BOULEVARD RICHARD LENOIR,48.8542674,2.3699384
2132,201900032092,138 246 008,B01,2,33,0,2,4,23,1,,3,9,2019,09:00,1,75,75108,2,3,7,2,AVENUE DES CHAMPS ELYSEES,48.8720428,2.30045
2133,201900032093,138 246 005,B01,1,33,0,2,2,20,1,,3,9,2019,15:57,1,75,75107,2,3,1,3,AVENUE CHARLES FLOQUET,48.8566823,2.293561
2134,201900032344,138 245 502,B01,2,33,0,2,0,26,1,,11,4,2019,21:25,3,75,75112,1,1,1,6,A4,48.822731,2.462672
2135,201900032439,138 245 323,B01,1,33,0,2,8,3,1,,10,4,2019,09:30,1,75,75116,2,1,2,3,PORTE DAUPHINE,48.871993,2.27402
2136,201900032441,138 245 321,B01,1,1,0,2,1,1,5,,10,4,2019,22:15,5,75,75119,2,3,1,3,BOULEVARD DE LA VILLETTE,48.884341,2.366869
2137,201900032442,138 245 318,A01,2,30,0,2,1,17,1,,10,4,2019,16:40,1,75,75119,2,1,2,3,RUE GASTON TESSIER,48.896032,2.374171
2138,201900032442,138 245 319,B01,1,1,0,2,3,19,5,,10,4,2019,16:40,1,75,75119,2,1,2,3,RUE GASTON TESSIER,48.896032,2.374171
2139,201900032443,138 245 316,A01,1,2,0,2,4,1,1,,10,4,2019,22:50,5,75,75118,2,5,1,2,RUE DE CLIGNANCOURT,48.888411,2.347994
2140,201900032443,138 245 317,B01,1,2,0,2,4,1,1,,10,4,2019,22:50,5,75,75118,2,5,1,2,RUE DE CLIGNANCOURT,48.888411,2.347994
2141,201900032444,138 245 314,A01,2,2,0,2,7,17,1,,10,4,2019,11:40,1,75,75118,2,5,2,2,RUE ORDENER,48.893642,2.336379
2142,201900032447,138 245 310,A01,3,32,0,2,1,1,1,,10,4,2019,07:45,1,75,75116,2,7,2,2,PLACE DU MARECHAL DE LATTRE DE TASSIGNY,48.871281,2.274304
2143,201900032448,138 245 308,A01,0,50,0,2,1,1,3,,10,4,2019,02:35,5,75,75115,2,2,1,3,PONT DE GRENELLE,48.849344,2.281612
2144,201900032449,138 245 305,A01,1,32,0,2,2,21,1,,9,4,2019,19:15,1,75,75114,2,1,1,3,AVENUE DE LA PORTE DE CHATILLON,48.823412,2.316484
2145,201900032450,138 245 303,B01,2,32,0,2,8,23,1,,8,4,2019,17:09,1,75,75113,2,2,1,3,RUE DE TOLBIAC,48.827673,2.371377
2146,201900032451,138 245 301,A01,1,60,0,2,1,19,5,,9,4,2019,18:20,1,75,75112,2,2,1,3,RUE DE PICPUS,48.842718,2.397455
2147,201900032453,138 245 298,B01,2,34,0,2,7,17,1,,10,4,2019,13:05,1,75,75110,2,2,8,3,RUE LA FAYETTE,48.879727,2.358669
2148,201900032454,138 245 296,B01,2,33,0,2,2,1,1,,10,4,2019,09:10,1,75,75110,2,1,2,1,AVENUE PARMENTIER,48.871027,2.370277
2149,201900032455,138 245 293,B01,1,50,0,2,1,1,3,,9,4,2019,21:50,5,75,75110,2,1,1,2,BOULEVARD DE MAGENTA,48.872176,2.359747
2150,201900032456,138 245 292,A01,1,33,0,1,1,1,1,,9,4,2019,21:25,5,75,75110,2,1,1,6,QUAI DE JEMMAPES,48.869094,2.367398
2151,201900032457,138 245 290,A01,2,30,0,2,1,1,1,,10,4,2019,17:35,1,75,75108,2,2,1,2,BOULEVARD MALESHERBES,48.873522,2.320819
2152,201900032457,138 245 291,B01,2,30,0,2,4,1,1,,10,4,2019,17:35,1,75,75108,2,2,1,2,BOULEVARD MALESHERBES,48.873522,2.320819
2153,201900032458,138 245 288,Z01,2,50,0,2,7,5,3,,9,4,2019,15:30,1,75,75108,2,2,1,6,RUE DE L ARCADE,48.873309,2.324306
2154,201900032458,138 245 289,B01,1,33,0,2,8,9,1,,9,4,2019,15:30,1,75,75108,2,2,1,6,RUE DE L ARCADE,48.873309,2.324306
2155,201900032460,138 245 286,B01,2,1,0,2,2,7,5,,8,4,2019,21:36,5,75,75101,2,3,1,3,AVENUE DE L OPERA,48.866549,2.334075
2156,201900032863,138 244 470,B01,2,30,0,2,3,18,1,,28,6,2019,23:00,5,75,75110,2,2,1,3,RUE DU FAUBOURG SAINT MARTIN,48.873697,2.358316
2157,201900033015,138 244 166,A01,1,33,7,0,1,1,1,,15,12,2019,06:05,2,75,75114,2,3,2,6,AVENUE DU GENERAL LECLERC,48.8322098,2.3306679
2158,201900033016,138 244 164,A01,1,30,0,1,2,1,1,,15,12,2019,23:25,5,75,75120,2,1,1,6,RUE DE MENILMONTANT,48.868828,2.390311