,Num_Acc,id_vehicule,num_veh,senc,catv,obs,obsm,choc,manv,motor,occutc,jour,mois,an,hrmn,lum,dep,com,agg,int,atm,col,adr,lat,long
2159,201900033018,138 244 162,A01,2,1,0,1,1,1,5,,15,12,2019,16:10,1,75,75116,2,1,1,6,ROUTE DES TRIBUNES,48.8578254,2.2288065
2160,201900033020,138 244 159,A01,1,33,0,2,0,5,1,,14,12,2019,23:40,5,75,75116,2,1,2,3,AVENUE DU PRESIDENT KENNEDY,48.857384,2.287214
2161,201900033022,138 244 156,A01,2,34,0,2,8,18,1,,15,12,2019,17:30,5,75,75114,2,1,1,3,BOULEVARD EDGAR QUINET,48.8405629,2.3263997
2162,201900033024,138 244 152,B01,2,31,0,2,0,1,1,,15,12,2019,18:45,5,75,75112,2,4,1,3,BOULEVARD DE REUILLY,48.8395856,2.3975235
2163,201900033025,138 244 148,B01,2,31,0,2,2,14,1,,8,11,2019,17:40,2,75,75120,2,1,1,4,BD PERIPHERIQUE INTERIEUR,48.865153,2.413215
2164,201900033026,138 244 145,B01,1,30,0,2,7,1,1,,15,12,2019,18:20,2,75,75112,2,1,1,3,AVENUE DE NOGENT,48.83949,2.458342
2165,201900033027,138 244 143,C01,2,32,0,2,1,2,1,,8,11,2019,15:45,2,75,75116,2,1,1,4,BOULEVARD PERIPHERIQUE EXTERIEUR,48.8636624,2.265951
2166,201900033028,138 244 142,B01,1,30,0,2,7,1,3,,15,12,2019,14:35,1,75,75112,2,3,1,3,BOULEVARD DE BERCY,48.8400942,2.3815367
2167,201900033029,138 244 140,B01,2,33,0,2,3,3,1,,6,11,2019,17:30,4,75,75119,2,1,1,3,BD PERIPHERIQUE EXTERIEUR,48.881514,2.402691
2168,201900033031,138 244 137,A01,1,33,0,2,7,16,1,,8,11,2019,12:22,1,75,75104,2,2,1,3,BOULEVARD DE SEBASTOPOL,48.8605787,2.3493791
2169,201900033033,138 244 134,B01,1,33,0,2,2,8,1,,8,11,2019,06:28,2,75,75106,2,5,1,3,BOULEVARD SAINT GERMAIN,48.8503445,2.3426086
2170,201900033034,138 244 131,B01,1,1,0,2,3,18,5,,8,11,2019,16:30,1,75,75106,2,4,1,3,RUE DE RENNES,48.850279,2.329938
2171,201900033036,138 244 129,B01,1,1,0,2,1,1,5,,7,11,2019,10:30,1,75,75106,2,4,1,2,RUE NOTRE DAME DES CHAMPS,48.8418703,2.3322345
2172,201900033037,138 244 125,A01,1,1,0,1,1,25,5,,8,11,2019,13:40,1,75,75120,2,1,1,6,RUE VITRUVE,48.859151,2.40646
2173,201900033038,138 244 124,A01,2,30,0,1,1,17,1,,8,11,2019,17:45,2,75,75119,2,4,1,6,AVENUE JEAN JAURES,48.883102,2.371471
2174,201900033039,138 244 123,B01,1,33,0,2,3,2,1,,8,11,2019,09:55,1,75,75119,2,1,1,2,AVENUE DE LA PORTE DE LA VILLETTE,48.8994696,2.3874235
2175,201900033040,138 244 121,A01,2,80,0,1,1,1,2,,7,11,2019,13:00,1,75,75119,2,4,1,6,RUE MANIN,48.8847539,2.3922281
2176,201900033044,138 244 115,B01,1,34,0,2,7,17,1,,8,11,2019,08:30,1,75,75118,2,1,1,4,AVENUE DE LA PORTE DES POISSONNIERS,48.8986471,2.3524662
2177,201900033045,138 244 110,B01,1,33,0,2,1,1,1,,8,11,2019,16:10,1,75,75116,2,1,1,3,ROUTE DE SURESNES,48.864641,2.235173
2178,201900033046,138 244 108,A01,1,1,0,1,1,5,5,,8,11,2019,16:10,1,75,75116,2,3,1,6,RUE DE PASSY,48.8579035,2.2807574
2179,201900033050,138 244 099,A01,2,33,0,2,7,17,1,,7,11,2019,12:15,1,75,75116,2,3,8,3,ROUTE DE LA MUETTE A NEUILLY,48.873861,2.264109
2180,201900033051,138 244 097,B01,2,1,0,2,8,18,5,,8,11,2019,12:02,1,75,75115,2,2,1,3,RUE EMERIAU,48.849624,2.286154
2181,201900033053,138 244 095,A01,2,1,0,0,1,21,5,,7,11,2019,09:15,1,75,75115,2,1,1,7,BOULEVARD LEFEBVRE,48.83223,2.2896
2182,201900033055,138 244 089,A01,1,33,0,2,2,17,1,,8,11,2019,14:50,1,75,75120,2,4,1,3,RUE BELGRAND,48.864625,2.405646
2183,201900033058,138 244 087,B01,2,1,0,2,1,5,5,,8,11,2019,10:56,1,75,75109,2,1,1,3,RUE DE DOUAI,48.8814238,2.3356149
2184,201900033058,138 244 088,A01,1,30,0,2,0,15,1,,8,11,2019,10:56,1,75,75109,2,1,1,3,RUE DE DOUAI,48.8814238,2.3356149
2185,201900033061,138 244 083,B01,1,33,0,2,6,17,1,,8,11,2019,15:00,1,75,75108,2,1,1,3,RUE LA BOETIE,48.8724108,2.3096778
2186,201900033062,138 244 078,A01,1,50,0,0,0,1,3,,8,11,2019,22:25,5,75,75107,2,4,1,7,AVENUE DE LA BOURDONNAIS,48.859233,2.297677
2187,201900033063,138 244 077,A01,1,33,0,1,1,1,1,,6,11,2019,19:05,5,75,75104,2,1,2,6,BOULEVARD DU PALAIS,48.8549511,2.345537
2188,201900033064,138 244 076,A01,1,32,0,0,7,1,1,,8,11,2019,12:05,1,75,75103,2,2,1,7,RUE SAINT GILLES,48.8577168,2.3673742
2189,201900033327,138 243 575,B01,2,43,0,2,8,3,1,,3,10,2019,18:30,1,75,75116,2,1,1,3,BD PERIPHERIQUE EXTERIEUR,48.8682436,2.2697657
2190,201900033328,138 243 573,A01,2,33,0,0,8,0,1,,3,10,2019,10:20,1,75,75119,2,4,1,7,ECHANGEUR PANTIN,48.8886212,2.3966699
2191,201900033330,138 243 569,B01,1,32,0,2,8,3,1,,1,10,2019,19:25,5,75,75117,2,1,1,3,BD PERIPHERIQUE INTERIEUR,48.8896745,2.2973612
2192,201900033331,138 243 568,A01,2,80,0,2,1,2,2,,3,10,2019,14:15,1,75,75103,2,4,1,2,RUE DE TURENNE,48.8636199,2.3646791
2193,201900033332,138 243 564,B01,1,1,0,2,3,1,5,,4,10,2019,12:15,1,75,75120,2,4,8,3,RUE DE LA JUSTICE,48.8690599,2.4088319
2194,201900033333,138 243 562,A01,1,32,0,2,0,2,1,,4,10,2019,09:20,1,75,75119,2,1,1,6,AVENUE SECRETAN,48.8821852,2.3710607
2195,201900033334,138 243 559,B01,1,50,0,2,1,18,3,,3,10,2019,12:15,1,75,75117,2,1,1,3,RUE AMPERE,48.885205,2.305939
2196,201900033335,138 243 558,A01,1,30,0,1,1,1,2,,4,10,2019,19:39,5,75,75116,2,2,1,6,RUE PIERRE GUERIN,48.8475692,2.2663278
2197,201900033338,138 243 555,A01,2,33,0,2,8,1,1,,3,10,2019,20:22,5,75,75116,2,4,1,6,AVENUE DE NEW YORK,48.8623943,2.2935458
2198,201900033339,138 243 552,A01,1,1,0,2,8,13,5,,4,10,2019,18:45,1,75,75115,2,3,1,3,BOULEVARD GENERAL MARTIAL VALIN,48.8383398,2.2707986
2199,201900033339,138 243 553,B01,1,1,0,2,7,17,5,,4,10,2019,18:45,1,75,75115,2,3,1,3,BOULEVARD GENERAL MARTIAL VALIN,48.8383398,2.2707986
2200,201900033340,138 243 550,A01,2,32,0,2,1,2,1,,3,10,2019,13:00,1,75,75106,2,1,1,2,BOULEVARD DU MONTPARNASSE,48.8409079,2.3330965
2201,201900033341,138 243 549,A01,1,1,0,1,2,1,5,,4,10,2019,16:15,1,75,75113,2,1,1,6,BOULEVARD KELLERMANN,48.8208509,2.3555582
2202,201900033342,138 243 548,B01,2,30,0,2,2,17,3,,4,10,2019,11:39,1,75,75113,2,1,2,3,RUE DE TOLBIAC,48.8261189,2.3560198
2203,201900033343,138 243 545,A01,2,31,0,2,1,2,1,,4,10,2019,11:00,1,75,75113,2,3,1,2,QUAI D AUSTERLITZ,48.8386634,2.3723591
2204,201900033344,138 243 544,B01,2,30,0,2,8,18,3,,4,10,2019,17:30,1,75,75120,2,3,1,3,BOULEVARD DE CHARONNE,48.8530327,2.3971827
2205,201900033345,138 243 541,A01,1,33,0,2,7,1,1,,4,10,2019,02:45,5,75,75111,2,3,2,1,RUE DU FAUBOURG SAINT ANTOINE,48.8505553,2.3793861
2206,201900033346,138 243 540,Z01,1,31,0,1,1,1,0,,4,10,2019,00:12,5,75,75111,2,3,1,6,RUE DE LA ROQUETTE,48.8547875,2.3727421
2207,201900033347,138 243 539,A01,2,30,0,2,1,1,1,,4,10,2019,06:30,5,75,75110,2,2,8,3,QUAI DE VALMY,48.872916,2.363738
2208,201900033348,138 243 537,A01,1,33,0,0,8,17,1,,4,10,2019,09:00,1,75,75116,2,5,1,7,AVENUE DU PRESIDENT WILSON,48.8651556,2.2998497
2209,201900033349,138 243 536,A01,1,30,0,2,2,1,1,,4,10,2019,12:00,1,75,75107,2,3,1,3,QUAI D ORSAY,48.8627886,2.3116666
2210,201900033350,138 243 534,A01,2,43,0,2,0,21,1,,4,10,2019,16:30,1,75,75104,2,3,8,7,BOULEVARD BOURDON,48.8508909,2.3672955
2211,201900033432,138 243 370,A01,1,34,1,0,2,14,1,,23,6,2019,03:48,5,75,75117,2,7,1,6,PLACE DE LA PORTE MAILLOT,48.878158,2.284131
2212,201900033433,138 243 369,A01,3,43,0,2,6,2,1,,24,6,2019,08:50,1,75,75120,2,6,1,3,COURS DE VINCENNES,48.847087,2.411472
2213,201900033434,138 243 367,B01,1,32,0,2,1,1,1,,24,6,2019,19:10,1,75,75118,2,1,7,3,BOULEVARD ORNANO,48.896979,2.345167
2214,201900033438,138 243 361,A01,2,32,0,1,2,1,1,,24,6,2019,10:05,1,75,75114,2,1,1,6,RUE D ALESIA,48.829385,2.322313
2215,201900033441,138 243 357,A01,1,1,0,1,1,1,5,,24,6,2019,19:30,1,75,75111,2,1,1,6,BOULEVARD VOLTAIRE,48.864228,2.369337
2216,201900033442,138 243 356,A01,1,30,0,0,8,1,1,,24,6,2019,09:47,1,75,75108,2,2,1,7,RUE ROYALE,48.868383,2.323281
2217,201900033443,138 243 354,A01,2,30,0,2,2,16,1,,23,6,2019,19:55,1,75,75108,2,2,1,3,BOULEVARD MALESHERBES,48.878426,2.315599
2218,201900033445,138 243 350,B01,2,1,0,2,2,1,5,,24,6,2019,14:07,1,75,75104,2,1,1,3,BOULEVARD BOURDON,48.850015,2.366872
2219,201900033448,138 243 347,B01,3,33,0,2,8,1,1,,24,6,2019,17:55,1,75,75101,2,3,1,3,PONT NEUF,48.85685,2.341137
2220,201900033449,138 243 345,B01,1,32,0,2,8,18,1,,22,6,2019,01:15,5,75,75101,2,7,1,3,RUE DE RIVOLI,48.863713,2.332277
2221,201900033633,138 243 006,B01,1,43,0,2,1,3,1,,21,1,2019,07:30,1,75,75120,2,1,1,3,PORTE DE MONTREUIL,48.855447,2.413826
2222,201900033634,138 243 003,A01,1,32,0,2,1,2,1,,21,1,2019,06:55,5,75,75120,2,1,1,2,PORTE DE BAGNOLET,48.868742,2.413252
2223,201900033635,138 243 001,B01,1,33,0,2,8,2,1,,20,1,2019,19:30,5,75,75117,2,1,1,3,BOULEVARD PERIPHERIQUE EXTERIEUR OUEST,48.878892,2.280333
2224,201900033638,138 242 993,B01,1,33,0,2,8,3,1,,18,1,2019,21:00,5,75,75120,2,1,1,3,BOULEVARD PERIPHERIQUE,48.850995,2.415213
2225,201900033640,138 242 991,A01,2,30,0,1,1,1,1,,21,1,2019,17:53,5,75,75119,2,3,1,6,BOULEVARD MACDONALD,48.898805,2.37628
2226,201900033641,138 242 989,B01,1,32,0,2,1,17,1,,20,1,2019,22:50,5,75,75118,2,1,1,3,AVENUE DE LA PORTE DES POISSONNIERS,48.900471,2.352191
2227,201900033642,138 242 988,A01,1,30,0,0,0,1,1,,21,1,2019,15:15,1,75,75117,2,2,1,7,RUE DE ROME,48.887347,2.314132
2228,201900033643,138 242 986,A01,1,2,0,2,7,1,1,,16,1,2019,13:20,1,75,75115,2,2,1,3,BOULEVARD GENERAL MARTIAL VALIN,48.836929,2.274309
2229,201900033644,138 242 984,B01,3,1,0,2,5,1,5,,21,1,2019,20:45,5,75,75113,2,7,1,2,PLACE D ITALIE,48.831271,2.356264
2230,201900033645,138 242 982,A01,2,1,0,2,1,9,5,,21,1,2019,14:20,1,75,75113,2,1,1,3,RUE DE SAINTE HELENE,48.818589,2.352493
2231,201900033646,138 242 980,B01,1,32,0,2,8,1,1,,20,1,2019,22:20,5,75,75111,2,3,1,3,RUE ANTOINE VOLLON,48.851036,2.377226
2232,201900033647,138 242 979,A01,1,33,0,1,1,1,1,,20,1,2019,13:20,1,75,75112,2,7,1,6,AVENUE DU TRONE,48.848111,2.397488
2233,201900033648,138 242 977,B01,3,1,0,2,1,1,5,,21,1,2019,17:20,2,75,75101,2,5,1,3,RUE DE SEZE,48.869912,2.328007
2234,201900033649,138 242 975,A01,1,32,0,2,1,17,1,,21,1,2019,12:15,1,75,75107,2,1,1,3,RUE DE L UNIVERSITE,48.861149,2.304083
2235,201900033650,138 242 973,B01,1,30,0,2,8,1,1,,21,1,2019,19:45,5,75,75102,2,2,1,3,BOULEVARD SAINT DENIS,48.869329,2.35424
2236,201900033651,138 242 971,A01,3,33,2,2,3,7,1,,21,1,2019,08:45,1,75,75101,2,1,1,3,QUAI DES TUILERIES,48.863383,2.322238
2237,201900033851,138 242 580,A01,2,33,4,0,2,14,1,,31,8,2019,16:54,1,75,75116,2,1,1,6,BD PERIPHERIQUE INTERIEUR,48.838751,2.254358
2238,201900033853,138 242 577,A01,1,32,0,2,1,1,1,,2,9,2019,16:10,1,75,75117,2,2,1,3,BOULEVARD DE COURCELLES,48.879146,2.303111
2239,201900033855,138 242 574,B01,1,30,0,2,7,17,1,,2,9,2019,16:10,1,75,75114,2,2,1,3,AVENUE DU MAINE,48.8368144,2.3232503
2240,201900033856,138 242 572,B01,2,30,0,2,3,1,1,,2,9,2019,21:20,5,75,75113,2,2,1,3,BOULEVARD ARAGO,48.835725,2.348548
2241,201900033857,138 242 569,B01,1,50,0,2,1,1,3,,2,9,2019,18:20,1,75,75113,2,1,1,3,BOULEVARD ARAGO,48.834908,2.343676
2242,201900033857,138 242 570,A01,1,30,0,2,2,16,1,,2,9,2019,18:20,1,75,75113,2,1,1,3,BOULEVARD ARAGO,48.834908,2.343676
2243,201900033858,138 242 567,A01,1,32,0,2,3,1,1,,2,9,2019,13:25,1,75,75113,2,5,1,6,RUE DE TOLBIAC,48.8266283,2.3636758
2244,201900033859,138 242 565,B01,2,32,0,2,8,1,1,,2,9,2019,22:10,5,75,75111,2,2,1,6,AVENUE DE LA REPUBLIQUE,48.865116,2.375333
2245,201900033859,138 242 566,A01,1,32,0,2,2,1,1,,2,9,2019,22:10,5,75,75111,2,2,1,6,AVENUE DE LA REPUBLIQUE,48.865116,2.375333
2246,201900033860,138 242 563,A01,1,32,0,1,1,1,1,,2,9,2019,09:10,1,75,75111,2,3,1,6,AVENUE DE BOUVINES,48.849757,2.396216
2247,201900033861,138 242 562,A01,2,31,0,1,1,1,1,,2,9,2019,15:52,1,75,75109,2,5,1,6,RUE DE LA CHAUSSEE D ANTIN,48.8729525,2.3332423
2248,201900033862,138 242 561,B01,2,32,0,2,4,23,1,,2,9,2019,10:40,1,75,75108,2,2,1,2,BOULEVARD MALESHERBES,48.8734869,2.3208565
2249,201900033863,138 242 559,B01,1,43,0,2,6,1,1,,31,8,2019,12:45,1,75,75107,2,2,1,3,RUE D ESTREES,48.851764,2.313864
2250,201900033943,138 242 416,Z01,2,30,0,2,1,13,0,,4,3,2019,09:20,1,75,75118,2,4,8,6,BOULEVARD ORNANO,48.893663,2.347949
2251,201900033943,138 242 417,A01,2,1,0,2,4,1,5,,4,3,2019,09:20,1,75,75118,2,4,8,6,BOULEVARD ORNANO,48.893663,2.347949
2252,201900033944,138 242 415,B01,3,34,0,2,2,17,1,,3,3,2019,21:15,5,75,75116,2,1,2,3,AVENUE DU MAHATMA GANDHI,48.875598,2.261274
2253,201900033945,138 242 411,A01,1,1,0,2,2,17,5,,3,3,2019,18:05,2,75,75114,2,2,1,3,RUE JULIA BARTET,48.825458,2.302308
2254,201900033946,138 242 409,A01,2,32,0,2,7,1,1,,4,3,2019,20:15,5,75,75111,2,2,1,3,RUE SEDAINE,48.855692,2.371667
2255,201900033949,138 242 406,A01,1,31,0,0,0,21,1,,3,3,2019,01:40,5,75,75102,2,1,1,7,BOULEVARD MONTMARTRE,48.87155,2.342675
2256,201900034265,138 241 779,A01,2,32,0,2,5,2,1,,24,7,2019,15:30,1,75,75117,2,4,1,2,BD PERIPHERIQUE EXTERIEUR,48.893302,2.303343
2257,201900034266,138 241 776,B01,1,32,0,2,8,3,1,,23,7,2019,10:55,1,75,75112,2,1,1,3,BD PERIPHERIQUE INTERIEUR,48.827258,2.390884
2258,201900034267,138 241 774,A01,1,32,0,2,1,2,1,,23,7,2019,09:30,1,75,75113,2,1,1,2,BD PERIPHERIQUE INTERIEUR,48.821718,2.379015
2259,201900034268,138 241 773,B01,2,33,0,2,1,3,1,,9,7,2019,21:32,2,75,75112,2,1,1,3,BOULEVARD PERIPHERIQUE,48.832021,2.404875
2260,201900034269,138 241 771,A01,1,34,0,2,5,9,1,,24,7,2019,20:55,1,75,75117,2,2,1,6,RUE DE TOCQUEVILLE,48.8850198,2.3107246
2261,201900034270,138 241 768,A01,2,30,0,2,1,1,3,,24,7,2019,01:08,5,75,75117,2,2,1,3,RUE LA CONDAMINE,48.88577,2.321649
2262,201900034271,138 241 767,A01,1,2,0,2,2,17,1,,22,7,2019,22:06,5,75,75117,2,2,1,3,AVENUE DE WAGRAM,48.88032,2.299807
2263,201900034272,138 241 764,A01,2,33,0,1,1,17,1,,22,7,2019,13:05,1,75,75116,2,3,1,6,AVENUE KLEBER,48.866139,2.289496
2264,201900034273,138 241 762,B01,2,31,0,2,1,1,1,,23,7,2019,12:00,1,75,75115,2,2,1,3,QUAI DE GRENELLE,48.854442,2.28868
2265,201900034274,138 241 761,A01,1,1,0,0,0,1,5,,23,7,2019,10:00,1,75,75115,2,3,1,7,QUAI DE GRENELLE,48.853699,2.287678
2266,201900034276,138 241 758,A01,2,1,0,2,1,1,5,,24,7,2019,10:20,1,75,75109,2,7,1,3,PLACE KOSSUTH,48.876042,2.340208
2267,201900034277,138 241 757,A01,1,32,0,2,1,1,1,,24,7,2019,16:18,1,75,75108,2,3,1,3,AVENUE CESAR CAIRE,48.876182,2.319461
2268,201900034278,138 241 755,A01,1,32,12,0,1,14,1,,24,7,2019,14:02,1,75,75108,2,7,1,6,AVENUE DES CHAMPS ELYSEES,48.867749,2.313968
2269,201900034643,138 241 066,B01,1,31,0,2,6,3,1,,13,12,2019,19:20,5,75,75119,2,1,1,3,BD PERIPHERIQUE INTERIEUR,48.880637,2.404913
2270,201900034644,138 241 063,B01,1,33,4,2,1,17,1,,13,12,2019,16:30,2,75,75120,2,1,1,3,ECHANGEUR BAGNOLET,48.8662309,2.4127119
2271,201900034645,138 241 062,B01,1,43,0,2,1,1,1,,14,12,2019,10:00,1,75,75120,2,5,1,3,RUE DES FRERES FLAVIEN,48.874085,2.413055
2272,201900034647,138 241 058,A01,1,33,0,2,2,17,1,,14,12,2019,07:30,5,75,75120,2,3,1,3,RUE BELGRAND,48.864565,2.407213
2273,201900034649,138 241 054,B01,2,43,0,2,3,16,1,,14,12,2019,08:50,1,75,75118,2,4,1,3,BOULEVARD BARBES,48.8855311,2.3495078
2274,201900034651,138 241 051,B01,1,33,0,2,8,16,1,,14,12,2019,21:05,5,75,75116,2,7,1,3,AVENUE DE LA GRANDE ARMEE,48.87442,2.292994
2275,201900034652,138 241 050,A01,1,33,0,2,3,2,1,,14,12,2019,00:01,5,75,75116,2,5,3,2,ROUTE DE SEVRES A NEUILLY,48.8744033,2.2486968
2276,201900034653,138 241 047,B01,1,30,0,2,1,1,1,,13,12,2019,23:35,5,75,75116,2,2,2,3,AVENUE FOCH,48.873164,2.284454
2277,201900034654,138 241 046,A01,2,30,0,2,3,1,1,,13,12,2019,19:20,5,75,75116,2,2,1,6,AVENUE FOCH,48.8714052,2.2775066
2278,201900034657,138 241 041,A01,1,33,0,2,1,15,1,,14,12,2019,13:36,1,75,75113,2,3,1,3,QUAI D AUSTERLITZ,48.838664,2.372376
2279,201900034658,138 241 039,A01,1,33,0,2,1,2,1,,14,12,2019,15:10,1,75,75112,2,1,1,2,COURS DE VINCENNES,48.8479531,2.4007324
2280,201900034658,138 241 040,B01,1,33,0,2,4,2,1,,14,12,2019,15:10,1,75,75112,2,1,1,2,COURS DE VINCENNES,48.8479531,2.4007324
2281,201900034659,138 241 038,B01,1,32,0,2,3,1,1,,13,12,2019,11:15,1,75,75112,2,7,1,3,PLACE FELIX EBOUE,48.839687,2.396119
2282,201900034661,138 241 034,B01,2,32,0,2,1,1,1,,14,12,2019,14:48,1,75,75111,2,1,8,3,BOULEVARD DE MENILMONTANT,48.859431,2.388947
2283,201900034662,138 241 033,A01,1,30,0,1,2,1,1,,14,12,2019,02:05,5,75,75108,2,2,2,6,BOULEVARD MALESHERBES,48.878374,2.315548
2284,201900034663,138 241 032,Z01,1,1,0,1,1,1,5,,14,12,2019,20:00,5,75,75114,2,7,1,6,BOULEVARD ARAGO,48.83445,2.333443
2285,201900034951,138 240 441,B01,1,43,0,2,3,3,1,,7,11,2019,17:20,2,75,75112,2,1,1,4,BD PERIPHERIQUE INTERIEUR,48.843158,2.413707
2286,201900034952,138 240 438,A01,1,33,0,2,1,3,1,,7,11,2019,09:40,1,75,75120,2,4,8,2,ECHANGEUR MONTREUIL,48.8521305,2.4150455
2287,201900034953,138 240 436,B01,2,32,0,2,7,3,1,,5,11,2019,09:20,1,75,75114,2,1,1,4,BD PERIPHERIQUE EXTERIEUR,48.824579,2.305068
2288,201900034953,138 240 437,A01,2,33,0,2,8,11,1,,5,11,2019,09:20,1,75,75114,2,1,1,4,BD PERIPHERIQUE EXTERIEUR,48.824579,2.305068
2289,201900034955,138 240 428,B01,2,1,0,2,3,1,5,,6,11,2019,13:44,1,75,75118,2,2,1,3,PLACE PAUL ELUARD,48.8902718,2.3599148
2290,201900034955,138 240 429,A01,1,32,0,2,1,1,1,,6,11,2019,13:44,1,75,75118,2,2,1,3,PLACE PAUL ELUARD,48.8902718,2.3599148
2291,201900034956,138 240 425,A01,1,30,0,2,1,1,1,,7,11,2019,20:30,5,75,75113,2,3,2,6,AVENUE D ITALIE,48.8274356,2.3568749
2292,201900034957,138 240 423,Z01,1,30,0,1,1,1,1,,7,11,2019,20:10,5,75,75113,2,2,2,6,AVENUE D ITALIE,48.8197893,2.3592624
2293,201900034958,138 240 422,A01,1,30,0,1,8,17,1,,7,11,2019,09:50,1,75,75111,2,3,8,6,BOULEVARD VOLTAIRE,48.855334,2.38428
2294,201900034960,138 240 420,A01,1,30,0,2,1,13,1,,7,11,2019,14:25,1,75,75108,2,1,1,1,AVENUE DES CHAMPS ELYSEES,48.8720838,2.3003238
2295,201900034961,138 240 418,A01,1,33,0,1,3,1,1,,7,11,2019,14:50,1,75,75108,2,1,1,6,AVENUE WINSTON CHURCHILL,48.8661185,2.3138272
2296,201900034996,138 240 347,B01,1,32,0,2,7,1,1,,23,6,2019,18:45,1,75,75112,2,4,1,3,ECHANGEUR BERCY,48.827137,2.391988
2297,201900034997,138 240 344,B01,1,33,0,2,6,3,1,,23,6,2019,18:20,1,75,75117,2,1,1,4,PORTE D ASNIERES,48.889591,2.297417
2298,201900034999,138 240 341,A01,1,32,0,2,7,17,1,,23,6,2019,11:21,1,75,75120,2,1,1,6,AVENUE GAMBETTA,48.869427,2.402411
2299,201900035000,138 240 338,B01,2,34,0,2,2,3,1,,22,6,2019,12:30,1,75,75120,2,1,1,2,ECHANGEUR BAGNOLET,48.865742,2.412432
2300,201900035002,138 240 335,B01,1,34,0,2,6,1,1,,22,6,2019,23:45,5,75,75119,2,7,1,3,PLACE DE LA PORTE DE PANTIN,48.889877,2.396622
2301,201900035004,138 240 332,A01,3,33,0,2,1,17,1,,23,6,2019,15:00,1,75,75117,2,7,1,3,PLACE DE LA PORTE MAILLOT,48.878579,2.28224
2302,201900035006,138 240 330,A01,3,30,0,2,8,2,1,,23,6,2019,12:15,1,75,75116,2,1,1,2,VOIE GEORGES POMPIDOU,48.850121,2.277905
2303,201900035007,138 240 327,B01,2,2,0,2,7,1,1,,22,6,2019,20:45,1,75,75116,2,1,1,6,QUAI LOUIS BLERIOT,48.845067,2.272467
2304,201900035008,138 240 325,B01,3,33,0,2,0,1,1,,23,6,2019,18:50,1,75,75115,2,1,1,3,QUAI ANDRE CITROEN,48.844794,2.27587
2305,201900035009,138 240 324,B01,1,30,0,2,8,15,1,,22,6,2019,11:00,1,75,75115,2,3,1,3,RUE CASTAGNARY,48.830702,2.306225
2306,201900035012,138 240 319,A01,1,1,0,2,1,9,5,,23,6,2019,08:10,1,75,75112,2,1,1,5,AVENUE DE NOGENT,48.844343,2.441665
2307,201900035013,138 240 316,A01,2,30,0,2,3,18,1,,23,6,2019,21:15,2,75,75111,2,3,1,3,BOULEVARD VOLTAIRE,48.852743,2.388608
2308,201900035310,138 239 747,B01,1,50,0,2,1,1,3,,3,10,2019,14:20,1,75,75120,2,3,1,3,BOULEVARD DE MENILMONTANT,48.8660437,2.3840015
2309,201900035311,138 239 744,B01,1,50,0,2,7,19,3,,3,10,2019,18:25,1,75,75119,2,1,1,3,AVENUE DE FLANDRE,48.8895977,2.3756544
2310,201900035313,138 239 742,A01,2,32,0,2,2,17,1,,3,10,2019,11:05,1,75,75117,2,4,1,3,AVENUE DE VILLIERS,48.8817081,2.3147062
2311,201900035315,138 239 737,B01,2,33,0,2,1,1,1,,3,10,2019,10:13,1,75,75116,2,2,1,3,AVENUE VICTOR HUGO,48.866964,2.278976
2312,201900035316,138 239 735,B01,2,32,0,2,1,1,1,,1,10,2019,21:00,5,75,75116,2,1,2,3,PONT DE SURESNES,48.8667339,2.2300537
2313,201900035317,138 239 733,A01,2,32,0,0,1,7,1,,2,10,2019,10:55,1,75,75114,2,3,1,3,AVENUE DU GENERAL LECLERC,48.8287765,2.3276934
2314,201900035318,138 239 731,B01,1,1,0,2,1,1,5,,2,10,2019,12:35,1,75,75114,2,2,1,3,RUE D ALESIA,48.8293008,2.322665
2315,201900035319,138 239 730,A01,1,30,0,2,6,1,1,,3,10,2019,03:50,5,75,75109,2,7,1,3,PLACE DE CLICHY,48.8833406,2.3271751
2316,201900035320,138 239 728,A01,1,1,0,1,1,16,5,,3,10,2019,08:55,1,75,75108,2,7,1,6,RUE DE CONSTANTINOPLE,48.8790604,2.3232349
2317,201900035321,138 239 727,B01,2,1,0,2,2,25,5,,3,10,2019,00:01,5,75,75107,2,1,1,3,BOULEVARD SAINT GERMAIN,48.857547,2.3240402
2318,201900035322,138 239 724,B01,2,32,0,2,3,7,1,,2,10,2019,23:00,5,75,75103,2,4,1,3,BOULEVARD DU TEMPLE,48.8630998,2.3667333
2319,201900035569,138 239 233,B01,1,30,0,2,7,5,1,,1,9,2019,13:00,1,75,75118,2,1,1,3,RUE DE LA CHAPELLE,48.8941444,2.359491
2320,201900035570,138 239 232,B01,2,43,0,2,3,1,1,,1,9,2019,18:25,1,75,75113,2,4,1,3,AVENUE DE LA PORTE D IVRY,48.8197149,2.3729235
2321,201900035571,138 239 229,B01,1,30,0,2,1,2,1,,30,8,2019,15:01,1,75,75102,2,3,1,4,BOULEVARD POISSONNIERE,48.8709976,2.3459713
2322,201900035850,138 238 682,B01,2,31,0,2,8,1,1,,9,4,2019,14:35,1,75,75118,2,1,1,3,PORTE D AUBERVILLIERS,48.900892,2.365568