,Num_Acc,id_vehicule,num_veh,senc,catv,obs,obsm,choc,manv,motor,occutc,jour,mois,an,hrmn,lum,dep,com,agg,int,atm,col,adr,lat,long
2656,201900038301,138 234 074,B01,2,33,0,2,8,1,1,,3,5,2019,09:35,1,75,75116,2,2,1,3,AVENUE DU PRESIDENT WILSON,48.863925,2.290511
2657,201900038302,138 234 071,B01,2,2,0,2,8,1,1,,2,5,2019,17:45,1,75,75116,2,7,2,3,PLACE DU TROCADERO ET DU 11 NOVEMBRE,48.862969,2.286478
2658,201900038304,138 234 068,B01,1,30,0,2,0,1,1,,2,5,2019,12:40,1,75,75116,2,2,2,3,RUE DE LA POMPE,48.859549,2.275199
2659,201900038305,138 234 065,B01,1,2,0,2,1,1,1,,30,4,2019,21:50,5,75,75116,2,3,1,3,AVENUE VICTOR HUGO,48.870664,2.287692
2660,201900038306,138 234 064,A01,1,50,6,0,1,21,3,,30,4,2019,19:15,2,75,75116,2,1,1,6,AVENUE RAYMOND POINCARE,48.864982,2.286545
2661,201900038307,138 234 063,A01,2,30,0,2,3,7,1,,30,4,2019,15:10,1,75,75116,2,4,1,3,AVENUE KLEBER,48.867295,2.290342
2662,201900038308,138 234 061,A01,1,31,0,2,1,2,1,,29,4,2019,20:25,1,75,75116,2,4,1,2,AVENUE INGRES,48.858366,2.270369
2663,201900038316,138 234 048,A01,1,30,0,2,1,5,1,,20,5,2019,20:00,1,75,75115,2,2,1,3,RUE DU THEATRE,48.850232,2.284902
2664,201900038317,138 234 046,A01,1,34,0,0,0,21,1,,20,5,2019,08:20,1,75,75115,2,4,2,7,RUE DE LOURMEL,48.838972,2.282233
2665,201900038318,138 234 044,A01,1,32,0,2,1,1,1,,20,5,2019,00:40,5,75,75115,2,3,1,3,QUAI BRANLY,48.857488,2.291011
2666,201900038319,138 234 043,Z01,1,30,0,1,2,5,0,,17,5,2019,20:20,1,75,75115,2,4,1,6,RUE MADEMOISELLE,48.843544,2.293389
2667,201900038321,138 234 041,B01,1,32,0,2,4,23,1,,14,5,2019,17:50,1,75,75115,2,7,1,2,BOULEVARD PASTEUR,48.840491,2.314714
2668,201900038322,138 234 038,Z01,1,30,0,2,1,2,0,,13,5,2019,15:00,1,75,75115,2,2,1,6,RUE DE LA CONVENTION,48.838029,2.294682
2669,201900038322,138 234 039,A01,1,50,0,2,4,23,3,,13,5,2019,15:00,1,75,75115,2,2,1,6,RUE DE LA CONVENTION,48.838029,2.294682
2670,201900038323,138 234 036,A01,1,32,0,2,8,1,1,,13,5,2019,13:58,1,75,75115,2,7,1,6,AVENUE DE SUFFREN,48.851178,2.300909
2671,201900038324,138 234 035,A01,1,33,15,0,2,7,1,,11,5,2019,20:00,1,75,75115,2,2,1,6,RUE DE VOUILLE,48.834725,2.305194
2672,201900038325,138 234 033,A01,1,33,0,2,1,1,3,,10,5,2019,08:40,1,75,75115,2,2,1,3,RUE DES QUATRE FRERES PEIGNOT,48.847276,2.283841
2673,201900038325,138 234 034,B01,2,1,0,2,2,19,5,,10,5,2019,08:40,1,75,75115,2,2,1,3,RUE DES QUATRE FRERES PEIGNOT,48.847276,2.283841
2674,201900038326,138 234 032,A01,2,30,0,1,1,1,3,,8,5,2019,10:20,1,75,75115,2,2,3,6,RUE DE VAUGIRARD,48.837936,2.297747
2675,201900038327,138 234 030,B01,2,32,0,2,1,1,1,,4,5,2019,19:30,1,75,75115,2,1,2,3,AVENUE FELIX FAURE,48.841254,2.288299
2676,201900038328,138 234 029,A01,1,30,0,0,8,1,1,,4,5,2019,14:20,1,75,75115,2,3,2,7,RUE DE LA CONVENTION,48.83595,2.300853
2677,201900038329,138 234 028,A01,1,32,0,0,2,21,1,,2,5,2019,09:05,1,75,75115,2,2,1,7,RUE LECOURBE,48.841551,2.299074
2678,201900038330,138 234 026,B01,2,50,0,2,1,1,3,,2,5,2019,08:27,1,75,75115,2,1,1,3,BOULEVARD LEFEBVRE,48.829508,2.297359
2679,201900038331,138 234 025,B01,2,60,0,2,0,19,5,,1,5,2019,19:00,1,75,75115,2,2,1,3,BOULEVARD DE GRENELLE,48.8498,2.296005
2680,201900038332,138 234 022,A01,2,1,0,2,1,1,5,,30,4,2019,14:35,1,75,75115,2,1,1,3,RUE DE LA PORTE D ISSY,48.832518,2.281369
2681,201900038333,138 234 020,A01,1,43,0,2,1,17,1,,30,4,2019,14:30,1,75,75115,2,3,1,2,RUE LECOURBE,48.839127,2.291458
2682,201900038334,138 234 019,A01,2,33,0,0,8,0,1,,28,5,2019,08:50,1,75,75105,2,1,2,7,RUE GAY LUSSAC,48.846708,2.34086
2683,201900038335,138 234 017,A01,1,1,0,2,1,1,5,,27,5,2019,16:25,1,75,75114,2,2,1,3,RUE JULIA BARTET,48.825457,2.30231
2684,201900038335,138 234 018,B01,3,32,0,2,6,16,1,,27,5,2019,16:25,1,75,75114,2,2,1,3,RUE JULIA BARTET,48.825457,2.30231
2685,201900038336,138 234 015,A01,2,34,0,2,3,5,1,,26,5,2019,20:40,1,75,75114,2,2,1,3,RUE D ALESIA,48.827812,2.332546
2686,201900038337,138 234 014,A01,2,50,0,1,1,1,3,,25,5,2019,10:40,1,75,75114,2,1,1,6,RUE DU MONTPARNASSE,48.841591,2.325147
2687,201900038338,138 234 013,A01,1,32,0,2,7,17,1,,25,5,2019,01:00,5,75,75114,2,7,1,3,PLACE DE LA PORTE DE CHATILLON,48.824533,2.31921
2688,201900038340,138 234 009,A01,3,33,0,2,7,16,1,,24,5,2019,18:15,1,75,75114,2,2,1,3,BOULEVARD ROMAIN ROLLAND,48.819858,2.325504
2689,201900038340,138 234 010,B01,3,33,0,2,8,1,1,,24,5,2019,18:15,1,75,75114,2,2,1,3,BOULEVARD ROMAIN ROLLAND,48.819858,2.325504
2690,201900038341,138 234 008,A01,2,43,0,2,8,3,1,,18,5,2019,11:10,1,75,75114,2,2,1,4,AVENUE DU GENERAL LECLERC,48.829604,2.328415
2691,201900038342,138 234 004,A01,1,30,0,2,1,25,1,,17,5,2019,15:00,1,75,75114,2,3,1,3,RUE CAMPAGNE PREMIERE,48.838707,2.33085
2692,201900038343,138 234 003,A01,1,32,1,0,2,14,1,,16,5,2019,23:38,5,75,75114,2,1,8,6,BOULEVARD ADOLPHE PINARD,48.823552,2.308704
2693,201900038344,138 234 001,A01,2,43,0,2,3,18,1,,16,5,2019,19:13,1,75,75115,2,4,1,3,BOULEVARD GARIBALDI,48.845746,2.309547
2694,201900038345,138 234 000,A01,2,32,0,1,3,17,1,,15,5,2019,14:15,1,75,75114,2,3,1,6,RUE D ALESIA,48.829838,2.321173
2695,201900038346,138 233 999,A01,1,1,0,0,0,15,5,,15,5,2019,07:42,1,75,75114,2,3,1,7,AVENUE DU GENERAL LECLERC,48.831368,2.329928
2696,201900038347,138 233 998,A01,1,50,0,1,1,25,3,,14,5,2019,15:15,1,75,75114,2,1,1,6,AVENUE RENE COTY,48.82604,2.335395
2697,201900038348,138 233 996,B01,1,43,0,2,1,1,1,,14,5,2019,08:15,1,75,75114,2,1,1,3,RUE VERCINGETORIX,48.832373,2.310931
2698,201900038348,138 233 997,A01,1,50,0,2,4,9,3,,14,5,2019,08:15,1,75,75114,2,1,1,3,RUE VERCINGETORIX,48.832373,2.310931
2699,201900038351,138 233 993,A01,1,30,0,2,7,15,1,,11,5,2019,17:55,1,75,75114,2,2,3,3,RUE DE LA SABLIERE,48.832069,2.322226
2700,201900038352,138 233 990,A01,1,33,0,2,7,2,1,,8,5,2019,00:38,5,75,75114,2,2,2,2,AVENUE RENE COTY,48.830746,2.333588
2701,201900038353,138 233 988,B01,2,1,0,2,8,1,5,,6,5,2019,08:50,1,75,75114,2,1,1,3,RUE FROIDEVAUX,48.83648,2.326263
2702,201900038353,138 233 989,A01,2,1,0,2,7,12,5,,6,5,2019,08:50,1,75,75114,2,1,1,3,RUE FROIDEVAUX,48.83648,2.326263
2703,201900038354,138 233 987,A01,1,1,0,0,8,21,5,,4,5,2019,16:25,1,75,75115,2,2,2,7,RUE SAINT CHARLES,48.844764,2.283903
2704,201900038355,138 233 986,A01,2,32,0,0,8,1,1,,3,5,2019,19:30,1,75,75114,2,1,8,7,RUE DAREAU,48.831814,2.338967
2705,201900038357,138 233 982,B01,1,1,0,2,4,1,5,,2,5,2019,09:20,1,75,75115,2,1,2,2,BOULEVARD DE VAUGIRARD,48.841282,2.317324
2706,201900038359,138 233 979,A01,1,33,0,1,1,1,1,,30,4,2019,18:50,1,75,75114,2,3,1,6,BOULEVARD BRUNE,48.825653,2.314941
2707,201900038360,138 233 977,A01,2,31,0,2,7,17,1,,29,4,2019,08:50,1,75,75114,2,1,1,3,RUE D ALESIA,48.831432,2.31583
2708,201900038361,138 233 975,B01,1,1,0,2,1,1,5,,28,5,2019,10:20,1,75,75113,2,1,1,3,QUAI D AUSTERLITZ,48.840134,2.370364
2709,201900038362,138 233 973,A01,1,1,0,2,7,15,5,,25,5,2019,15:00,1,75,75105,2,2,2,3,RUE CLAUDE BERNARD,48.840282,2.346039
2710,201900038362,138 233 974,B01,1,30,0,2,1,1,3,,25,5,2019,15:00,1,75,75105,2,2,2,3,RUE CLAUDE BERNARD,48.840282,2.346039
2711,201900038364,138 233 971,A01,2,30,12,0,1,1,1,,24,5,2019,03:40,5,75,75113,2,1,1,6,BOULEVARD AUGUSTE BLANQUI,48.82959,2.350342
2712,201900038365,138 233 969,B01,2,33,0,2,1,1,1,,23,5,2019,22:35,5,75,75113,2,2,1,3,BOULEVARD AUGUSTE BLANQUI,48.831112,2.344234
2713,201900038365,138 233 970,A01,1,30,0,2,8,1,1,,23,5,2019,22:35,5,75,75113,2,2,1,3,BOULEVARD AUGUSTE BLANQUI,48.831112,2.344234
2714,201900038383,138 233 939,A01,2,30,0,0,0,21,1,,21,6,2019,09:30,1,75,75116,2,4,1,7,PORTE DAUPHINE,48.874785,2.276021
2715,201900038384,138 233 938,B01,2,33,0,2,8,3,1,,21,6,2019,08:20,1,75,75119,2,1,1,3,PORTE DE PANTIN,48.895385,2.394802
2716,201900038385,138 233 936,A01,2,33,0,2,7,12,1,,20,6,2019,19:10,1,75,75113,2,4,1,3,PORTE D ITALIE,48.817614,2.353978
2717,201900038386,138 233 934,A01,1,33,0,2,3,2,1,,20,6,2019,08:35,1,75,75117,2,1,2,2,PORTE DE CLICHY,48.894393,2.305535
2718,201900038387,138 233 929,A01,1,33,0,2,3,2,1,,19,6,2019,09:15,1,75,75113,2,1,1,2,PORTE DE GENTILLY,48.817045,2.348402
2719,201900038388,138 233 927,B01,1,32,0,2,1,1,1,,19,6,2019,08:50,1,75,75116,2,1,1,3,PORTE D AUTEUIL,48.843233,2.254509
2720,201900038389,138 233 924,A01,1,33,0,2,8,11,1,,19,6,2019,07:45,1,75,75120,2,1,1,4,PORTE DE MONTREUIL,48.854457,2.413835
2721,201900038389,138 233 925,B01,1,32,0,2,7,3,1,,19,6,2019,07:45,1,75,75120,2,1,1,4,PORTE DE MONTREUIL,48.854457,2.413835
2722,201900038390,138 233 922,A01,2,32,0,2,1,18,1,,18,6,2019,09:00,1,75,75117,2,1,1,3,BOULEVARD PERIPHERIQUE EXTERIEUR OUEST,48.896126,2.308709
2723,201900038392,138 233 917,A01,1,32,0,2,8,1,1,,11,6,2019,16:20,1,75,75120,2,1,1,6,PORTE DE BAGNOLET,48.85993,2.413982
2724,201900038393,138 233 915,A01,1,32,0,2,1,2,1,,8,6,2019,13:25,1,75,75118,2,1,1,2,PORTE DE CLIGNANCOURT,48.901041,2.350764
2725,201900038394,138 233 914,A01,0,31,6,1,1,26,1,,20,6,2019,18:00,1,75,75115,2,1,1,6,RUE ANDRE GIDE,48.83728,2.313209
2726,201900038395,138 233 913,A01,2,32,0,1,8,8,1,,20,6,2019,16:16,1,75,75117,2,3,1,6,AVENUE DE SAINT OUEN,48.895876,2.328409
2727,201900038396,138 233 912,A01,1,33,0,2,7,17,1,,19,6,2019,16:30,1,75,75113,2,3,1,6,RUE LIARD,48.821311,2.342668
2728,201900038403,138 233 902,A01,2,30,0,1,0,17,1,,20,6,2019,16:40,1,75,75120,2,1,1,6,RUE DES PYRENEES,48.853278,2.405944
2729,201900038405,138 233 899,A01,3,43,0,2,2,1,1,,14,6,2019,19:20,1,75,75119,2,1,1,6,PORTE DE PANTIN,48.88343,2.399739
2730,201900038407,138 233 897,A01,2,50,0,0,0,1,3,,22,6,2019,12:55,1,75,75102,2,3,1,7,RUE DES PETITS CARREAUX,48.867597,2.347356
2731,201900038409,138 233 895,A01,2,50,0,1,8,1,3,,21,6,2019,16:27,1,75,75118,2,2,1,6,BOULEVARD BARBES,48.883859,2.349474
2732,201900038411,138 233 891,A01,2,32,0,0,0,1,1,,20,6,2019,18:30,1,75,75117,2,4,1,7,AVENUE DE CLICHY,48.89125,2.319069
2733,201900038412,138 233 890,A01,1,34,0,1,1,1,1,,20,6,2019,21:20,2,75,75117,2,2,1,6,RUE DE ROME,48.885668,2.316817
2734,201900038413,138 233 888,A01,1,1,0,2,1,7,5,,20,6,2019,08:10,1,75,75117,2,4,2,6,AVENUE MAC MAHON,48.878341,2.294293
2735,201900038414,138 233 886,A01,2,2,0,2,2,1,1,,13,6,2019,13:25,1,75,75117,2,3,1,3,RUE PIERRE DEMOURS,48.884438,2.301255
2736,201900038415,138 233 885,A01,1,50,0,2,8,1,3,,22,6,2019,21:00,1,75,75116,2,3,1,6,AVENUE DU PRESIDENT KENNEDY,48.851317,2.278466
2737,201900038418,138 233 880,B01,2,30,0,2,4,14,1,,20,6,2019,09:45,1,75,75116,2,1,1,5,AVENUE MOZART,48.850406,2.267039
2738,201900038420,138 233 877,A01,1,43,0,0,1,1,1,,22,6,2019,01:50,5,75,75115,2,3,1,7,RUE DE VAUGIRARD,48.841277,2.307187
2739,201900038421,138 233 875,A01,3,2,0,2,1,18,1,,21,6,2019,09:30,1,75,75107,2,3,1,3,PONT D IENA,48.858934,2.293004
2740,201900038422,138 233 874,A01,2,50,0,0,0,1,3,,20,6,2019,12:30,1,75,75115,2,3,1,7,RUE DU THEATRE,48.848513,2.2891
2741,201900038423,138 233 872,A01,2,32,0,2,2,2,1,,20,6,2019,14:15,1,75,75114,2,1,1,2,BOULEVARD BRUNE,48.827069,2.307823
2742,201900038424,138 233 871,A01,1,43,0,1,2,5,1,,20,6,2019,08:55,1,75,75114,2,1,2,6,BOULEVARD ARAGO,48.83453,2.335673
2743,201900038425,138 233 870,A01,1,31,0,2,4,17,1,,19,6,2019,13:45,1,75,75114,2,3,1,5,RUE D ALESIA,48.83224,2.312835
2744,201900038426,138 233 867,A01,2,1,0,2,4,1,5,,21,6,2019,19:30,1,75,75113,2,3,1,2,RUE BOBILLOT,48.830366,2.354566
2745,201900038427,138 233 865,B01,2,32,0,2,1,1,1,,21,6,2019,18:30,1,75,75113,2,3,1,1,AVENUE DES GOBELINS,48.83394,2.35382
2746,201900038428,138 233 862,B01,2,1,0,2,3,7,5,,21,6,2019,17:40,1,75,75105,2,2,1,3,BOULEVARD DE PORT ROYAL,48.837111,2.349008
2747,201900038429,138 233 861,A01,2,30,0,1,1,1,1,,20,6,2019,15:45,1,75,75113,2,1,1,6,RUE DE LA COLONIE,48.823932,2.350924
2748,201900038430,138 233 860,A01,2,1,0,1,1,1,5,,20,6,2019,11:30,1,75,75113,2,1,1,6,RUE DUNOIS,48.830692,2.369895
2749,201900038432,138 233 857,B01,2,32,0,2,0,1,1,,21,6,2019,17:00,1,75,75112,2,7,1,6,PLACE FELIX EBOUE,48.839417,2.396084
2750,201900038433,138 233 855,B01,1,33,0,2,1,1,1,,21,6,2019,07:00,1,75,75112,2,1,1,3,RUE DE CHARENTON,48.833975,2.394272
2751,201900038434,138 233 853,A01,2,30,0,2,8,11,1,,20,6,2019,20:30,1,75,75112,2,2,8,3,AVENUE DAUMESNIL,48.848634,2.37254
2752,201900038435,138 233 851,A01,1,33,8,2,3,18,1,,20,6,2019,11:30,1,75,75112,2,7,1,3,AVENUE DE LA PORTE DE VINCENNES,48.846552,2.413881
2753,201900038436,138 233 849,A01,2,31,0,2,0,17,1,,20,6,2019,10:17,1,75,75112,2,2,2,3,AVENUE LEDRU ROLLIN,48.848597,2.372474
2754,201900038437,138 233 847,B01,3,31,0,2,3,1,1,,20,6,2019,08:15,1,75,75112,2,1,1,3,QUAI DE BERCY,48.827383,2.390093
2755,201900038438,138 233 842,A01,1,2,0,2,1,17,1,,21,6,2019,19:30,1,75,75111,2,1,1,3,BOULEVARD VOLTAIRE,48.857046,2.381434
2756,201900038438,138 233 843,B01,1,2,0,2,4,15,1,,21,6,2019,19:30,1,75,75111,2,1,1,3,BOULEVARD VOLTAIRE,48.857046,2.381434
2757,201900038439,138 233 840,B01,2,50,0,2,2,1,3,,21,6,2019,16:17,1,75,75111,2,3,1,3,RUE DE LA FOLIE REGNAULT,48.86018,2.386432
2758,201900038439,138 233 841,A01,1,1,0,2,1,1,5,,21,6,2019,16:17,1,75,75111,2,3,1,3,RUE DE LA FOLIE REGNAULT,48.86018,2.386432
2759,201900038441,138 233 837,A01,2,32,0,2,4,1,1,,20,6,2019,13:15,1,75,75111,2,4,1,6,BOULEVARD RICHARD LENOIR,48.858609,2.371304
2760,201900038442,138 233 834,A01,1,32,0,2,7,17,1,,20,6,2019,09:10,1,75,75111,2,3,8,3,RUE DE CHARONNE,48.853305,2.378743
2761,201900038443,138 233 832,B01,1,32,0,2,2,1,1,,22,6,2019,19:20,1,75,75109,2,2,1,3,RUE LA FAYETTE,48.879408,2.348586
2762,201900038444,138 233 830,B01,2,32,0,2,1,17,1,,22,6,2019,18:00,1,75,75116,2,3,2,3,ALLEE DU BORD DE L EAU,48.862195,2.229428
2763,201900038445,138 233 829,A01,2,1,0,2,1,1,5,,21,6,2019,18:39,1,75,75108,2,3,1,3,AVENUE DE FRIEDLAND,48.874198,2.299726
2764,201900038446,138 233 827,A01,3,30,0,0,7,21,1,,21,6,2019,15:40,1,75,75108,2,7,1,7,PLACE DE LA CONCORDE,48.866782,2.322111
2765,201900038447,138 233 826,A01,2,30,0,2,1,8,1,,21,6,2019,07:55,1,75,75108,2,2,1,1,AVENUE MARCEAU,48.868681,2.299004
2766,201900038448,138 233 823,B01,1,32,0,2,4,23,1,,21,6,2019,08:05,1,75,75108,2,7,1,4,BOULEVARD MALESHERBES,48.869981,2.323257
2767,201900038448,138 233 824,A01,1,43,0,2,3,2,1,,21,6,2019,08:05,1,75,75108,2,7,1,4,BOULEVARD MALESHERBES,48.869981,2.323257
2768,201900038449,138 233 821,B01,1,2,0,2,1,1,1,,21,6,2019,23:30,5,75,75115,2,2,1,3,RUE DE LA CONVENTION,48.840008,2.290352
2769,201900038450,138 233 819,A01,2,30,0,2,7,17,1,,21,6,2019,09:35,1,75,75107,2,3,1,3,QUAI D ORSAY,48.862514,2.309197
2770,201900038451,138 233 817,A01,1,2,0,1,1,1,1,,21,6,2019,21:30,2,75,75103,2,1,1,6,RUE NOTRE DAME DE NAZARETH,48.867229,2.359767
2771,201900038452,138 233 815,B01,2,43,0,2,1,17,1,,20,6,2019,17:15,1,75,75109,2,1,1,3,BOULEVARD DES ITALIENS,48.871848,2.339283
2772,201900038453,138 233 813,B01,1,1,0,2,1,1,5,,20,6,2019,09:30,1,75,75103,2,1,1,3,RUE DU TEMPLE,48.861044,2.355854
2773,201900038455,138 233 811,A01,1,1,0,1,2,1,5,,22,6,2019,18:30,1,75,75103,2,2,1,6,BOULEVARD DE SEBASTOPOL,48.863403,2.350951
2774,201900038456,138 233 809,B01,1,1,0,2,1,1,5,,21,6,2019,13:30,1,75,75102,2,2,1,3,BOULEVARD MONTMARTRE,48.871485,2.343044
2775,201900038457,138 233 807,B01,1,30,0,2,1,1,1,,20,6,2019,09:30,1,75,75103,2,4,2,3,RUE DE TURBIGO,48.866825,2.361937
2776,201900038694,138 233 359,A01,1,31,0,2,3,1,1,,31,10,2019,07:00,2,75,75113,2,4,2,6,ECHANGEUR ITALIE,48.8165712,2.3568624
2777,201900038696,138 233 354,A01,1,31,6,0,1,13,1,,1,11,2019,07:14,1,75,75112,2,1,3,6,QUAI DE LA RAPEE,48.845653,2.3664807
2778,201900038697,138 233 353,A01,3,31,11,0,1,14,1,,31,10,2019,23:46,5,75,75104,2,7,1,6,PLACE DE LA BASTILLE,48.8529266,2.3684284
2779,201900038698,138 233 352,B01,1,1,0,2,7,1,5,,30,10,2019,11:35,1,75,75103,2,2,1,3,RUE ETIENNE MARCEL,48.8634,2.350945
2780,201900038699,138 233 349,B01,2,33,0,2,1,11,1,,14,10,2019,20:10,5,75,75112,2,1,2,3,BD PERIPHERIQUE EXTERIEUR,48.84315,2.413922
2781,201900038700,138 233 348,A01,1,33,0,1,8,1,1,,31,10,2019,15:40,1,75,75106,2,7,1,6,PLACE SAINT ANDRE DES ARTS,48.853173,2.343194
2782,201900038704,138 233 341,B01,1,32,0,2,2,1,1,,1,11,2019,12:10,1,75,75120,2,2,2,3,RUE DUPONT DE L EURE,48.86809,2.400161
2783,201900038705,138 233 340,B01,2,1,0,2,7,5,0,,30,10,2019,08:30,1,75,75120,2,3,8,3,RUE DE BELLEVILLE,48.8733868,2.3826038
2784,201900038706,138 233 337,B01,2,2,0,2,0,18,1,,1,11,2019,18:30,5,75,75118,2,2,2,3,RUE D AUBERVILLIERS,48.8855513,2.3657861
2785,201900038707,138 233 335,B01,1,1,0,2,1,1,5,,1,11,2019,13:10,1,75,75119,2,1,8,3,BOULEVARD DE LA VILLETTE,48.8797822,2.3704239
2786,201900038710,138 233 331,A01,2,1,0,1,7,1,5,,30,10,2019,15:30,1,75,75118,2,1,1,6,RUE DE LA CHAPELLE,48.8965729,2.359242
2787,201900038711,138 233 329,Z01,1,1,0,2,1,9,5,,31,10,2019,09:30,1,75,75117,2,1,1,6,RUE LEGENDRE,48.890379,2.3243691
2788,201900038711,138 233 330,A01,1,1,0,2,1,1,5,,31,10,2019,09:30,1,75,75117,2,1,1,6,RUE LEGENDRE,48.890379,2.3243691
2789,201900038712,138 233 327,B01,1,32,0,2,8,1,1,,28,10,2019,19:45,5,75,75117,2,2,1,3,RUE DE ROME,48.88222,2.32039
2790,201900038713,138 233 325,A01,1,34,0,2,1,1,1,,29,10,2019,17:10,5,75,75116,2,2,1,6,ROUTE DE LA MUETTE A NEUILLY,48.8698328,2.2645029
2791,201900038714,138 233 324,B01,2,33,0,2,1,1,1,,31,10,2019,12:35,1,75,75114,2,7,1,3,BOULEVARD BRUNE,48.82441,2.31966
2792,201900038716,138 233 317,B01,2,30,0,2,1,1,1,,31,10,2019,09:35,1,75,75113,2,3,8,3,BOULEVARD KELLERMANN,48.8202,2.34801
2793,201900038717,138 233 315,A01,2,30,0,2,1,1,1,,30,10,2019,21:20,5,75,75113,2,3,1,3,RUE DE TOLBIAC,48.8257471,2.3465878
2794,201900038718,138 233 314,A01,2,43,0,0,2,1,1,,30,10,2019,12:40,1,75,75113,2,3,1,7,AVENUE DES GOBELINS,48.8346336,2.3533601
2795,201900038720,138 233 311,B01,2,33,0,2,1,1,1,,2,11,2019,14:55,1,75,75112,2,2,1,3,BOULEVARD DIDEROT,48.846444,2.378969
2796,201900038722,138 233 309,B01,1,32,0,2,2,17,1,,30,10,2019,12:00,1,75,75112,2,1,1,3,BOULEVARD DE BERCY,48.839505,2.384913
2797,201900038725,138 233 304,A01,1,30,0,2,1,17,1,,30,10,2019,21:50,5,75,75111,2,3,1,3,AVENUE PHILIPPE AUGUSTE,48.8523646,2.3934378
2798,201900038726,138 233 303,A01,2,31,0,0,7,3,1,,30,10,2019,11:10,1,75,75110,2,1,8,7,RUE DE DUNKERQUE,48.880723,2.35163
2799,201900038727,138 233 301,B01,1,34,0,2,2,13,1,,30,10,2019,10:50,1,75,75110,2,3,8,3,RUE DU FAUBOURG SAINT MARTIN,48.8825366,2.3669269
2800,201900038728,138 233 299,A01,1,30,1,0,1,21,3,,1,11,2019,12:00,1,75,75109,2,4,2,6,RUE DU FAUBOURG MONTMARTRE,48.8747763,2.3413565
2801,201900038729,138 233 298,A01,1,30,0,1,3,1,3,,1,11,2019,19:20,1,75,75108,2,4,2,6,AVENUE GEORGE V,48.8699243,2.3010093
2802,201900038730,138 233 297,B01,2,2,0,2,1,1,1,,1,11,2019,13:20,1,75,75108,2,1,2,3,RUE DU FAUBOURG SAINT HONORE,48.877335,2.299801
2803,201900038732,138 233 293,A01,2,2,0,2,3,10,1,,1,11,2019,02:00,3,75,75108,2,2,1,3,AVENUE DES CHAMPS ELYSEES,48.872358,2.299513
2804,201900038735,138 233 288,A01,2,31,0,2,1,1,1,,31,10,2019,17:10,2,75,75104,2,2,1,3,RUE MORNAY,48.8495,2.36563
2805,201900038737,138 233 285,A01,1,30,0,0,0,16,3,,1,11,2019,00:50,5,75,75104,2,2,1,7,QUAI DES CELESTINS,48.8511832,2.362569
2806,201900038738,138 233 284,A01,1,1,0,1,1,1,5,,2,11,2019,16:55,1,75,75101,2,2,1,6,RUE DE RIVOLI,48.859089,2.346445
2807,201900038739,138 233 283,B01,1,42,0,2,5,2,1,,2,11,2019,09:40,1,75,75101,2,7,8,2,PLACE DU CHATELET,48.8572232,2.3471029
2808,201900038753,138 233 255,A01,1,33,0,2,1,3,1,,2,10,2019,18:25,1,75,75112,2,1,1,4,BD PERIPHERIQUE INTERIEUR,48.839578,2.413246
2809,201900038754,138 233 252,A01,2,33,0,0,8,12,1,,2,10,2019,07:00,5,75,75120,2,4,2,7,ECHANGEUR BAGNOLET,48.8668829,2.4134264
2810,201900038755,138 233 251,A01,1,33,8,1,1,1,1,,2,10,2019,10:10,1,75,75112,2,2,1,6,AVENUE DE NOGENT,48.840868,2.452848
2811,201900038756,138 233 249,B01,1,32,0,2,3,1,1,,2,10,2019,21:10,5,75,75119,2,4,1,3,AVENUE SECRETAN,48.8824769,2.3703847
2812,201900038756,138 233 250,A01,2,1,0,2,2,19,5,,2,10,2019,21:10,5,75,75119,2,4,1,3,AVENUE SECRETAN,48.8824769,2.3703847
2813,201900038758,138 233 246,B01,1,32,0,2,5,23,1,,1,10,2019,20:54,5,75,75118,2,2,2,2,BOULEVARD NEY,48.8980665,2.3441474
2814,201900038760,138 233 242,B01,1,33,0,2,1,17,1,,1,10,2019,15:05,1,75,75116,2,1,1,3,AVENUE FOCH,48.8720574,2.2788344
2815,201900038761,138 233 241,A01,2,50,0,1,7,1,3,,2,10,2019,07:30,1,75,75114,2,7,1,6,PLACE DU VINGT CINQ AOUT 1944,48.8230518,2.3254809
2816,201900038762,138 233 239,A01,1,34,14,2,1,17,1,,1,10,2019,22:25,5,75,75110,2,2,2,3,RUE LA FAYETTE,48.8785341,2.3540453
2817,201900038763,138 233 238,A01,2,30,0,1,8,1,3,,1,10,2019,14:15,1,75,75108,2,3,8,6,RUE DE COURCELLES,48.8754061,2.30882
2818,201900038764,138 233 237,A01,1,30,11,0,1,21,3,,2,10,2019,02:15,5,75,75107,2,3,2,6,QUAI D ORSAY,48.8626457,2.3190681
2819,201900038765,138 233 236,B01,1,30,0,2,1,1,1,,2,10,2019,07:30,2,75,75101,2,2,1,3,RUE DE L ECHELLE,48.8638201,2.3342402
2820,201900039260,138 232 273,B01,2,33,0,2,1,3,1,,29,8,2019,09:00,1,75,75118,2,1,1,3,BD PERIPHERIQUE EXTERIEUR,48.900899,2.361608
2821,201900039261,138 232 271,B01,2,33,0,2,7,3,1,,28,8,2019,17:30,1,75,75115,2,1,1,3,BD PERIPHERIQUE EXTERIEUR,48.834762,2.265418
2822,201900039262,138 232 269,A01,1,31,0,2,1,2,1,,26,8,2019,07:00,1,75,75114,2,1,1,2,BD PERIPHERIQUE INTERIEUR,48.819808,2.327024