,Num_Acc,id_vehicule,num_veh,senc,catv,obs,obsm,choc,manv,motor,occutc,jour,mois,an,hrmn,lum,dep,com,agg,int,atm,col,adr,lat,long
2823,201900039263,138 232 267,A01,1,31,0,2,7,3,1,,30,8,2019,15:15,1,75,75115,2,4,1,3,BD PERIPHERIQUE EXTERIEUR,48.8349236,2.2734846
2824,201900039265,138 232 263,A01,2,1,0,1,0,7,5,,31,8,2019,17:37,1,75,75105,2,2,1,6,BOULEVARD SAINT GERMAIN,48.851388,2.343183
2825,201900039266,138 232 262,A01,1,1,0,1,1,1,5,,28,8,2019,12:30,1,75,75106,2,5,1,6,RUE DE L ANCIENNE COMEDIE,48.853668,2.3383981
2826,201900039268,138 232 260,A01,3,32,0,0,8,1,1,,26,8,2019,21:10,5,75,75105,2,1,1,7,PONT DE SULLY,48.8497599,2.3579315
2827,201900039270,138 232 258,A01,2,1,0,0,1,1,5,,27,8,2019,15:15,1,75,75120,2,3,1,7,RUE DE MENILMONTANT,48.868764,2.390046
2828,201900039271,138 232 257,B01,2,31,0,2,7,17,1,,26,8,2019,18:10,1,75,75120,2,2,1,3,RUE DE MENILMONTANT,48.870781,2.39922
2829,201900039272,138 232 255,Z01,3,1,0,1,1,5,5,,29,8,2019,19:33,1,75,75119,2,2,1,6,AVENUE DE FLANDRE,48.89055,2.376876
2830,201900039274,138 232 252,B01,1,1,0,2,6,18,5,,28,8,2019,08:00,1,75,75120,2,3,1,3,RUE DE BELLEVILLE,48.8743999,2.3862904
2831,201900039277,138 232 248,Z01,2,30,0,1,0,1,0,,26,8,2019,16:34,1,75,75117,2,3,1,6,BOULEVARD MALESHERBES,48.884727,2.307824
2832,201900039278,138 232 246,A01,2,30,0,2,2,1,1,,26,8,2019,13:15,1,75,75117,2,2,1,3,RUE TRUFFAUT,48.885757,2.321656
2833,201900039279,138 232 244,A01,1,33,12,0,3,13,1,,26,8,2019,01:30,5,75,75116,2,1,1,6,VOIE GEORGES POMPIDOU,48.852721,2.281543
2834,201900039280,138 232 243,A01,1,34,12,0,1,14,1,,30,8,2019,00:20,5,75,75115,2,1,1,6,AVENUE ERNEST RENAN,48.831016,2.285682
2835,201900039281,138 232 242,A01,1,33,0,1,2,1,1,,28,8,2019,14:30,1,75,75107,2,3,1,6,AVENUE DE SUFFREN,48.8537037,2.2969607
2836,201900039282,138 232 241,A01,2,32,0,0,8,21,1,,27,8,2019,20:45,2,75,75115,2,2,1,7,RUE DE LA CONVENTION,48.839255,2.291969
2837,201900039285,138 232 236,A01,1,1,12,0,0,14,5,,26,8,2019,12:20,1,75,75115,2,1,1,6,BOULEVARD VICTOR,48.835188,2.281551
2838,201900039287,138 232 233,A01,2,34,8,2,1,7,1,,27,8,2019,09:10,1,75,75114,2,4,1,3,BOULEVARD RASPAIL,48.8377858,2.3311659
2839,201900039341,138 232 139,A01,2,43,0,2,7,14,1,,28,2,2019,14:00,1,75,75120,2,1,1,5,PORTE DE MONTREUIL,48.854377,2.414079
2840,201900039342,138 232 137,A01,3,33,0,2,8,1,1,,27,2,2019,16:15,1,75,75112,2,1,1,3,ECHANGEUR BERCY,48.826727,2.391036
2841,201900039343,138 232 135,B01,2,43,0,2,2,3,1,,26,2,2019,17:50,1,75,75116,2,1,1,4,BOULEVARD PERIPHERIQUE,48.834928,2.262709
2842,201900039344,138 232 133,A01,2,43,0,0,2,1,1,,25,2,2019,00:01,5,75,75119,2,1,1,7,BOULEVARD PERIPHERIQUE,48.900327,2.379367
2843,201900039345,138 232 131,B01,1,33,0,2,8,3,1,,24,2,2019,19:15,5,75,75117,2,1,1,6,PORTE D ASNIERES,48.891988,2.301459
2844,201900039346,138 232 130,A01,1,32,1,0,7,13,1,,3,3,2019,09:26,1,75,75120,2,3,8,6,BOULEVARD DAVOUT,48.851314,2.411116
2845,201900039347,138 232 128,A01,1,30,0,2,1,1,1,,28,2,2019,14:10,1,75,75112,2,4,1,2,AVENUE DE SAINT MAURICE,48.828818,2.419679
2846,201900039348,138 232 127,A01,1,2,8,0,1,5,1,,26,2,2019,22:25,5,75,75120,2,1,1,6,RUE VICTOR LETALLE,48.867158,2.385312
2847,201900039349,138 232 125,B01,2,1,0,2,4,5,5,,26,2,2019,13:10,1,75,75117,2,1,1,2,RUE NICOLAS CHUQUET,48.888643,2.303407
2848,201900039350,138 232 123,B01,1,31,0,2,1,3,1,,26,2,2019,09:52,1,75,75118,2,1,1,3,BOULEVARD PERIPHERIQUE,48.900993,2.341275
2849,201900039351,138 232 121,A01,1,30,0,2,1,1,1,,25,2,2019,06:31,5,75,75115,2,2,1,3,RUE DE LA CROIX NIVERT,48.842902,2.29507
2850,201900039354,138 232 117,B01,1,33,0,2,1,3,1,,21,2,2019,17:15,2,75,75112,2,1,1,4,BOULEVARD PERIPHERIQUE,48.83957,2.413477
2851,201900039355,138 232 114,A01,1,50,0,2,8,1,3,,16,1,2019,07:28,5,75,75107,2,2,1,3,BOULEVARD DES INVALIDES,48.851806,2.314493
2852,201900039355,138 232 115,B01,2,34,0,2,1,1,1,,16,1,2019,07:28,5,75,75107,2,2,1,3,BOULEVARD DES INVALIDES,48.851806,2.314493
2853,201900039356,138 232 113,B01,1,43,0,2,8,1,1,,28,2,2019,14:30,1,75,75105,2,2,1,3,RUE SAINT JACQUES,48.843353,2.341552
2854,201900039357,138 232 110,B01,2,50,0,2,1,1,3,,25,2,2019,13:10,1,75,75105,2,3,7,3,RUE BERTHOLLET,48.838263,2.345621
2855,201900039360,138 232 104,A01,1,31,0,2,2,1,1,,25,2,2019,14:20,1,75,75120,2,3,1,3,RUE DES PYRENEES,48.853994,2.405727
2856,201900039365,138 232 098,A01,1,31,0,2,0,17,1,,1,3,2019,09:55,1,75,75119,2,3,2,3,RUE DE BELLEVILLE,48.872538,2.378552
2857,201900039366,138 232 097,B01,2,1,0,2,1,19,5,,28,2,2019,12:05,1,75,75119,2,3,1,3,BOULEVARD MACDONALD,48.898772,2.374105
2858,201900039367,138 232 095,A01,1,30,0,2,1,2,1,,26,2,2019,11:50,1,75,75119,2,1,1,2,RUE ARMAND CARREL,48.882693,2.378029
2859,201900039368,138 232 092,A01,1,1,0,2,1,1,5,,26,2,2019,08:35,1,75,75119,2,1,1,3,AVENUE DE FLANDRE,48.891465,2.377986
2860,201900039369,138 232 091,A01,2,1,0,2,1,19,5,,25,2,2019,14:00,1,75,75119,2,1,1,3,BOULEVARD MACDONALD,48.898874,2.379562
2861,201900039370,138 232 088,B01,1,32,0,2,1,17,1,,2,3,2019,10:30,1,75,75118,2,1,8,1,AVENUE DE LA PORTE DE MONTMARTRE,48.898326,2.336983
2862,201900039373,138 232 085,A01,1,32,0,2,7,13,1,,27,2,2019,18:50,1,75,75118,2,7,1,3,BOULEVARD DE LA CHAPELLE,48.884531,2.359338
2863,201900039374,138 232 082,A01,2,1,0,2,3,1,5,,27,2,2019,15:30,1,75,75118,2,3,1,3,RUE DE LA CHAPELLE,48.892709,2.359729
2864,201900039375,138 232 081,B01,1,33,0,2,8,1,1,,3,3,2019,14:15,1,75,75117,2,2,1,3,RUE DE COURCELLES,48.887548,2.294721
2865,201900039377,138 232 076,A01,2,30,0,2,2,17,1,,1,3,2019,13:25,1,75,75117,2,7,2,3,BOULEVARD DE COURCELLES,48.880397,2.30878
2866,201900039378,138 232 074,B01,1,32,0,2,3,1,1,,1,3,2019,10:30,1,75,75117,2,1,2,3,RUE DES MOINES,48.889641,2.320178
2867,201900039380,138 232 071,B01,1,1,0,2,4,2,5,,26,2,2019,10:50,1,75,75117,2,7,1,2,PLACE PAUL LEAUTAUD,48.887228,2.297968
2868,201900039381,138 232 070,A01,2,34,0,1,1,1,1,,25,2,2019,10:30,1,75,75117,2,2,1,6,BOULEVARD MALESHERBES,48.88277,2.310191
2869,201900039382,138 232 069,A01,3,30,14,0,1,13,1,,3,3,2019,02:55,5,75,75116,2,4,1,6,AVENUE DE LA PORTE D AUTEUIL,48.847954,2.253254
2870,201900039383,138 232 068,B01,2,1,0,2,3,1,5,,1,3,2019,12:35,1,75,75116,2,2,1,3,AVENUE THEOPHILE GAUTIER,48.849939,2.272204
2871,201900039384,138 232 066,A01,1,30,0,2,1,1,1,,1,3,2019,12:40,1,75,75116,2,2,1,3,RUE CORTAMBERT,48.861208,2.279314
2872,201900039387,138 232 060,B01,1,2,0,2,1,1,1,,27,2,2019,04:35,5,75,75116,2,3,1,3,RUE JEAN DE LA FONTAINE,48.851632,2.273474
2873,201900039388,138 232 058,B01,1,1,0,2,5,19,5,,26,2,2019,18:45,2,75,75116,2,1,1,3,CARREFOUR DES CASCADES,48.861168,2.239832
2874,201900039389,138 232 057,A01,3,1,1,0,2,14,5,,25,2,2019,12:30,1,75,75116,2,1,1,6,ROUTE DE SEVRES A NEUILLY,48.862942,2.23879
2875,201900039390,138 232 056,A01,2,32,0,2,2,17,1,,25,2,2019,11:45,1,75,75116,2,3,1,3,BOULEVARD MURAT,48.844414,2.257087
2876,201900039391,138 232 053,B01,3,33,0,2,4,23,1,,28,2,2019,08:05,1,75,75115,2,2,1,2,RUE DE LA PORTE D ISSY,48.8321,2.28093
2877,201900039392,138 232 051,B01,1,2,0,2,2,1,1,,27,2,2019,20:05,5,75,75115,2,1,1,3,PONT DE GRENELLE,48.84996,2.280635
2878,201900039393,138 232 048,B01,2,32,0,2,2,17,1,,27,2,2019,15:50,1,75,75115,2,2,1,3,PLACE FERNAND FOREST,48.849348,2.281617
2879,201900039396,138 232 043,B01,1,30,0,2,1,1,1,,24,2,2019,17:55,1,75,75115,2,2,1,3,RUE MARMONTEL,48.837183,2.300145
2880,201900039398,138 232 040,A01,1,30,14,0,1,1,1,,1,3,2019,23:39,5,75,75114,2,3,1,6,AVENUE DU MAINE,48.831463,2.325373
2881,201900039399,138 232 039,A01,1,33,0,1,1,1,1,,1,3,2019,14:14,1,75,75114,2,7,8,6,BOULEVARD BRUNE,48.823051,2.325488
2882,201900039401,138 232 036,A01,2,34,0,2,1,1,1,,28,2,2019,09:35,1,75,75114,2,1,1,3,AVENUE DENFERT ROCHEREAU,48.835536,2.333461
2883,201900039402,138 232 035,A01,1,30,1,0,2,14,1,,28,2,2019,03:20,5,75,75114,2,1,1,6,BOULEVARD SAINT JACQUES,48.832621,2.338728
2884,201900039403,138 232 034,B01,2,50,0,2,0,25,3,,28,2,2019,12:10,1,75,75113,2,1,1,3,BOULEVARD VINCENT AURIOL,48.831717,2.359138
2885,201900039405,138 232 030,B01,1,1,0,2,1,7,5,,26,2,2019,12:20,1,75,75105,2,1,1,3,BOULEVARD DE PORT ROYAL,48.838216,2.342908
2886,201900039406,138 232 028,A01,3,1,0,2,4,2,5,,25,2,2019,21:10,5,75,75113,2,7,1,6,PLACE D ITALIE,48.830977,2.355558
2887,201900039408,138 232 023,A01,2,43,0,1,3,1,1,,28,2,2019,19:05,5,75,75112,2,2,2,6,AVENUE DAUMESNIL,48.848649,2.372555
2888,201900039409,138 232 022,A01,2,1,0,2,1,1,5,,28,2,2019,01:50,5,75,75111,2,2,1,2,RUE DU FAUBOURG SAINT ANTOINE,48.851301,2.376141
2889,201900039411,138 232 017,A01,1,1,0,2,8,19,5,,27,2,2019,16:25,1,75,75112,2,1,1,3,BOULEVARD SOULT,48.844024,2.410076
2890,201900039411,138 232 018,Z01,2,2,0,2,0,1,0,,27,2,2019,16:25,1,75,75112,2,1,1,3,BOULEVARD SOULT,48.844024,2.410076
2891,201900039412,138 232 016,B01,1,1,1,2,4,1,5,,26,2,2019,15:40,1,75,75112,2,1,1,3,AVENUE EMILE LAURENT,48.841175,2.412339
2892,201900039413,138 232 013,A01,2,32,0,2,8,18,1,,26,2,2019,16:00,1,75,75112,2,7,1,3,RUE DE LYON,48.852827,2.369092
2893,201900039414,138 232 012,B01,2,30,0,2,2,1,1,,26,2,2019,13:30,1,75,75112,2,1,1,3,BOULEVARD DIDEROT,48.847493,2.388079
2894,201900039415,138 232 010,A01,2,30,0,2,1,5,1,,24,2,2019,20:45,5,75,75112,2,1,1,3,RUE DE REUILLY,48.849525,2.385066
2895,201900039416,138 232 008,A01,2,30,0,2,1,2,1,,3,3,2019,02:20,5,75,75111,2,3,1,2,AVENUE DE LA REPUBLIQUE,48.863584,2.383383
2896,201900039417,138 232 006,A01,1,50,0,2,0,1,3,,28,2,2019,19:45,5,75,75111,2,2,2,6,RUE ALEXANDRE DUMAS,48.854309,2.395912
2897,201900039418,138 232 004,A01,1,34,12,2,0,21,1,,27,2,2019,15:00,1,75,75111,2,4,1,7,RUE RICHARD LENOIR,48.857369,2.380849
2898,201900039419,138 232 003,B01,2,2,0,2,1,17,1,,26,2,2019,11:40,1,75,75111,2,2,1,3,BOULEVARD BEAUMARCHAIS,48.855806,2.368489
2899,201900039420,138 232 000,B01,2,1,0,2,1,1,5,,26,2,2019,09:00,1,75,75111,2,3,1,3,RUE AMELOT,48.86124,2.367715
2900,201900039421,138 231 998,B01,1,1,0,2,2,1,5,,25,2,2019,19:20,5,75,75111,2,2,1,3,AVENUE DE LA REPUBLIQUE,48.864009,2.381194
2901,201900039422,138 231 997,Z01,2,2,0,1,1,1,0,,28,2,2019,20:10,5,75,75110,2,1,2,6,RUE DU FAUBOURG SAINT MARTIN,48.882148,2.366438
2902,201900039424,138 231 994,A01,1,33,8,0,3,13,1,,26,2,2019,16:15,1,75,75110,2,1,1,6,QUAI DE JEMMAPES,48.879722,2.36825
2903,201900039426,138 231 992,A01,1,32,0,1,1,1,1,,25,2,2019,15:40,1,75,75110,2,2,1,6,RUE LA FAYETTE,48.879729,2.35867
2904,201900039427,138 231 990,A01,1,31,0,2,1,1,1,,1,3,2019,14:35,1,75,75109,2,3,2,3,RUE DES MARTYRS,48.879383,2.340027
2905,201900039429,138 231 987,A01,1,33,0,2,7,17,1,,24,2,2019,14:00,1,75,75109,2,3,1,3,RUE DE LA CHAUSSEE D ANTIN,48.871662,2.333823
2906,201900039431,138 231 984,A01,2,32,0,2,1,21,1,,1,3,2019,14:05,1,75,75108,2,1,2,2,BOULEVARD HAUSSMANN,48.875179,2.316674
2907,201900039432,138 231 983,B01,2,43,0,2,1,1,1,,28,2,2019,13:45,1,75,75108,2,1,1,3,RUE ROYALE,48.867699,2.322762
2908,201900039434,138 231 978,A01,1,31,0,2,2,3,1,,26,2,2019,10:55,1,75,75108,2,2,1,3,AVENUE DES CHAMPS ELYSEES,48.87109,2.303489
2909,201900039436,138 231 975,B01,2,2,0,2,2,17,1,,3,3,2019,01:30,5,75,75107,2,3,1,3,AVENUE BOSQUET,48.85984,2.30287
2910,201900039437,138 231 974,A01,3,31,0,0,0,1,1,,1,3,2019,11:20,1,75,75101,2,2,2,7,PONT AU CHANGE,48.857241,2.347117
2911,201900039438,138 231 972,Z01,1,2,0,2,1,1,0,,25,2,2019,22:35,5,75,75104,2,2,1,6,BOULEVARD HENRI IV,48.850824,2.361429
2912,201900039438,138 231 973,A01,1,1,0,2,4,1,5,,25,2,2019,22:35,5,75,75104,2,2,1,6,BOULEVARD HENRI IV,48.850824,2.361429
2913,201900039439,138 231 970,B01,1,2,0,2,2,1,1,,23,2,2019,20:35,5,75,75104,2,2,1,3,QUAI DE GESVRES,48.856708,2.348921
2914,201900039441,138 231 968,Z01,1,30,0,1,0,16,0,,26,2,2019,21:20,5,75,75102,2,7,1,6,RUE DU QUATRE SEPTEMBRE,48.87031,2.332621
2915,201900039628,138 231 614,B01,1,33,0,2,1,21,1,,5,4,2019,14:05,1,75,75112,2,1,1,6,PORTE DE CHARENTON,48.833671,2.408099
2916,201900039629,138 231 611,A01,2,33,0,2,1,21,1,,5,4,2019,12:00,1,75,75120,2,1,1,2,BOULEVARD PERIPHERIQUE,48.872526,2.412676
2917,201900039630,138 231 608,B01,1,33,0,2,1,3,1,,4,4,2019,19:00,1,75,75116,2,1,1,4,PORTE D AUTEUIL,48.848924,2.252872
2918,201900039631,138 231 605,A01,2,32,0,2,3,12,1,,4,4,2019,16:35,1,75,75113,2,1,1,3,PORTE D IVRY,48.825675,2.386693
2919,201900039632,138 231 601,A01,1,34,0,2,3,11,1,,4,4,2019,15:35,1,75,75120,2,1,1,5,PORTE DE MONTREUIL,48.851873,2.414958
2920,201900039632,138 231 602,B01,1,33,0,2,2,3,1,,4,4,2019,15:35,1,75,75120,2,1,1,5,PORTE DE MONTREUIL,48.851873,2.414958
2921,201900039635,138 231 595,A01,2,32,0,2,1,3,1,,4,4,2019,09:10,1,75,75117,2,1,1,2,PORTE DE SAINT OUEN,48.900704,2.327514
2922,201900039636,138 231 593,B01,1,33,0,2,4,1,1,,3,4,2019,23:26,5,75,75116,2,1,1,4,PORTE DAUPHINE,48.869067,2.27085
2923,201900039637,138 231 591,B01,2,33,0,2,4,23,1,,4,4,2019,01:50,5,75,75113,2,1,1,2,BD PERIPHERIQUE EXTERIEUR,48.823513,2.382394
2924,201900039639,138 231 587,A01,1,33,0,2,1,11,1,,2,4,2019,12:45,1,75,75117,2,1,1,4,PORTE D ASNIERES,48.889237,2.296154
2925,201900039642,138 231 580,A01,1,32,0,1,2,1,1,,6,4,2019,15:50,1,75,75105,2,3,1,6,RUE MONGE,48.841653,2.351988
2926,201900039643,138 231 579,B01,3,33,0,2,1,1,1,,6,4,2019,14:21,1,75,75112,2,1,1,3,BOULEVARD DE BERCY,48.839798,2.383246
2927,201900039644,138 231 576,B01,3,43,0,2,8,1,1,,6,4,2019,13:21,1,75,75107,2,2,1,3,QUAI ANATOLE FRANCE,48.859554,2.32929
2928,201900039645,138 231 575,Z01,2,30,0,1,2,1,1,,5,4,2019,11:15,1,75,75114,2,3,1,6,AVENUE DU GENERAL LECLERC,48.829606,2.328417
2929,201900039647,138 231 572,B01,1,32,0,2,1,1,1,,4,4,2019,09:28,1,75,75108,2,2,1,3,AVENUE WINSTON CHURCHILL,48.867739,2.313988
2930,201900039649,138 231 568,A01,1,30,0,2,3,9,1,,6,4,2019,15:30,1,75,75120,2,1,1,6,AVENUE GAMBETTA,48.863586,2.39027
2931,201900039649,138 231 569,B01,2,30,0,2,1,1,0,,6,4,2019,15:30,1,75,75120,2,1,1,6,AVENUE GAMBETTA,48.863586,2.39027
2932,201900039650,138 231 567,B01,1,2,0,2,7,1,1,,6,4,2019,08:55,1,75,75120,2,2,1,3,RUE LE BUA,48.867809,2.403575
2933,201900039651,138 231 564,A01,2,32,8,2,1,1,1,,4,4,2019,00:40,5,75,75112,2,2,1,6,RUE TAINE,48.837313,2.391208
2934,201900039653,138 231 561,Z01,1,30,0,1,8,1,0,,6,4,2019,20:25,5,75,75118,2,2,1,6,BOULEVARD BARBES,48.887434,2.349572
2935,201900039654,138 231 559,B01,1,34,0,2,1,1,1,,5,4,2019,23:20,5,75,75118,2,3,1,3,RUE MARX DORMOY,48.886105,2.359489
2936,201900039655,138 231 558,A01,1,34,0,1,2,1,1,,5,4,2019,14:25,1,75,75118,2,3,1,6,RUE DES TROIS FRERES,48.884966,2.340481
2937,201900039656,138 231 556,B01,3,32,0,2,7,3,1,,23,3,2019,19:30,3,75,75118,2,1,1,5,BOULEVARD PERIPHERIQUE,48.900646,2.331722
2938,201900039657,138 231 553,B01,1,1,0,2,3,2,5,,5,4,2019,18:20,1,75,75117,2,2,1,3,AVENUE DES TERNES,48.880101,2.287881
2939,201900039659,138 231 550,B01,2,32,0,2,8,1,1,,4,4,2019,12:05,1,75,75117,2,2,1,3,RUE LEMERCIER,48.888605,2.320215
2940,201900039660,138 231 547,A01,2,30,1,2,1,18,1,,5,4,2019,23:15,5,75,75116,2,1,1,2,AVENUE KLEBER,48.864787,2.288512
2941,201900039662,138 231 542,A01,1,1,0,2,7,17,5,,4,4,2019,12:00,1,75,75116,2,1,1,3,ROUTE DE SEVRES A NEUILLY,48.856603,2.23751
2942,201900039662,138 231 543,B01,1,1,0,2,8,1,5,,4,4,2019,12:00,1,75,75116,2,1,1,3,ROUTE DE SEVRES A NEUILLY,48.856603,2.23751
2943,201900039664,138 231 540,B01,3,33,0,2,7,1,1,,3,4,2019,19:45,2,75,75116,2,1,1,3,ALLEE DE LA REINE MARGUERITE,48.855789,2.243049
2944,201900039959,138 230 958,A01,2,32,0,0,7,1,1,,10,12,2019,18:00,2,75,75116,2,4,1,7,BD PERIPHERIQUE EXTERIEUR,48.851105,2.2519428
2945,201900039961,138 230 955,B01,2,33,0,2,8,3,1,,10,12,2019,07:20,1,75,75117,2,1,1,3,BD PERIPHERIQUE EXTERIEUR,48.899447,2.318284
2946,201900039963,138 230 950,B01,1,2,0,2,8,1,1,,11,12,2019,11:00,1,75,75105,2,2,1,3,RUE MONGE,48.842185,2.352069
2947,201900039965,138 230 947,A01,1,30,0,2,2,14,3,,11,12,2019,18:30,5,75,75120,2,1,8,6,BOULEVARD DE MENILMONTANT,48.8639386,2.3863986
2948,201900039966,138 230 946,A01,1,30,0,1,1,1,1,,11,12,2019,11:45,1,75,75120,2,1,8,6,RUE BELGRAND,48.864572,2.406805
2949,201900039968,138 230 942,A01,1,30,0,1,3,1,1,,11,12,2019,06:39,5,75,75117,2,7,2,6,AVENUE DE LA PORTE DES TERNES,48.881056,2.28389
2950,201900039969,138 230 941,A01,1,33,0,1,2,17,1,,10,12,2019,13:40,1,75,75118,2,1,1,6,AVENUE DE SAINT OUEN,48.8887148,2.3260081
2951,201900039970,138 230 940,A01,1,60,0,2,6,1,5,,10,12,2019,13:05,1,75,75116,2,2,1,3,RUE DE LA TOUR,48.863363,2.274398
2952,201900039971,138 230 937,A01,1,1,0,2,8,1,5,,11,12,2019,21:57,3,75,75113,2,2,8,3,RUE DE LA GLACIERE,48.834168,2.344854
2953,201900039972,138 230 935,A01,1,30,0,2,2,16,1,,11,12,2019,19:20,5,75,75113,2,7,2,3,PLACE D ITALIE,48.8312706,2.3562241
2954,201900039973,138 230 934,B01,1,32,0,2,4,2,1,,11,12,2019,06:50,5,75,75114,2,2,3,2,AVENUE PIERRE DE COUBERTIN,48.8193334,2.3445672
2955,201900039974,138 230 932,A01,2,30,0,1,2,1,1,,11,12,2019,08:50,1,75,75111,2,2,2,6,BOULEVARD VOLTAIRE,48.8660275,2.3663306
2956,201900039975,138 230 931,A01,1,43,0,1,1,1,1,,11,12,2019,15:45,1,75,75108,2,1,1,6,RUE DE SAINT PETERSBOURG,48.882863,2.326523
2957,201900039976,138 230 930,B01,2,1,0,2,1,1,5,,11,12,2019,10:40,1,75,75108,2,5,8,3,RUE DU ROCHER,48.878239,2.319837
2958,201900039978,138 230 926,A01,1,33,0,2,4,2,1,,11,12,2019,00:39,5,75,75107,2,2,1,2,QUAI D ORSAY,48.862825,2.313456
2959,201900039979,138 230 924,A01,1,30,0,2,4,2,1,,11,12,2019,00:15,5,75,75108,2,1,1,6,BOULEVARD DES BATIGNOLLES,48.8813261,2.317242
2960,201900039980,138 230 923,A01,1,1,0,1,8,1,5,,11,12,2019,19:00,5,75,75107,2,1,1,6,BOULEVARD DES INVALIDES,48.854678,2.314847
2961,201900039981,138 230 922,B01,1,1,0,2,0,1,5,,8,12,2019,14:50,1,75,75101,2,1,1,3,RUE DES PYRAMIDES,48.864097,2.332362
2962,201900039982,138 230 920,A01,1,30,8,0,0,7,3,,11,12,2019,16:10,1,75,75103,2,3,1,6,RUE SALOMON DE CAUS,48.8676181,2.3533055
2963,201900040019,138 230 864,B01,1,2,0,2,1,1,1,,20,5,2019,20:08,1,75,75113,2,2,1,1,RUE DE TOLBIAC,48.826183,2.357287
2964,201900040020,138 230 862,A01,2,33,0,2,3,15,1,,20,5,2019,18:20,1,75,75113,2,5,1,3,RUE DE TOLBIAC,48.825816,2.350372
2965,201900040021,138 230 861,B01,1,31,0,2,8,17,1,,19,5,2019,13:45,1,75,75113,2,2,1,3,BOULEVARD AUGUSTE BLANQUI,48.830384,2.352794
2966,201900040022,138 230 858,B01,2,1,0,2,1,17,5,,17,5,2019,12:35,1,75,75105,2,4,1,3,BOULEVARD DE L HOPITAL,48.83999,2.36174
2967,201900040023,138 230 857,B01,2,32,0,2,3,1,1,,17,5,2019,12:00,1,75,75113,2,3,1,3,AVENUE D IVRY,48.823716,2.364895
2968,201900040024,138 230 854,B01,2,32,8,2,0,1,1,,16,5,2019,20:30,1,75,75113,2,1,1,6,RUE TITIEN,48.836082,2.358248
2969,201900040026,138 230 850,B01,2,33,0,2,3,1,1,,15,5,2019,19:10,1,75,75113,2,3,1,3,AVENUE D ITALIE,48.826803,2.357075
2970,201900040027,138 230 848,A01,1,31,0,2,1,9,1,,14,5,2019,16:45,1,75,75113,2,3,1,3,RUE DUPUY DE LOME,48.821354,2.370787
2971,201900040027,138 230 849,B01,1,31,0,2,1,1,1,,14,5,2019,16:45,1,75,75113,2,3,1,3,RUE DUPUY DE LOME,48.821354,2.370787
2972,201900040028,138 230 847,A01,1,2,0,0,0,16,3,,9,5,2019,16:30,1,75,75113,2,3,2,7,RUE DU BANQUIER,48.834353,2.353558
2973,201900040029,138 230 845,A01,1,33,0,2,1,1,1,,7,5,2019,21:23,5,75,75113,2,2,1,3,RUE DE PATAY,48.824176,2.376797
2974,201900040030,138 230 844,A01,2,50,0,1,1,14,3,,7,5,2019,19:55,1,75,75113,2,1,1,6,BOULEVARD MASSENA,48.819106,2.361273
2975,201900040031,138 230 843,B01,1,2,0,2,8,1,1,,7,5,2019,16:05,1,75,75113,2,2,1,3,QUAI PANHARD ET LEVASSOR,48.832236,2.379772
2976,201900040033,138 230 839,B01,2,32,0,2,1,1,1,,1,5,2019,18:20,1,75,75113,2,2,1,3,RUE NEUVE TOLBIAC,48.831042,2.377598
2977,201900040035,138 230 836,B01,2,1,0,2,3,17,5,,29,5,2019,09:45,1,75,75112,2,1,1,3,RUE TAINE,48.838243,2.392689
2978,201900040036,138 230 832,B01,1,32,0,2,7,1,1,,27,5,2019,20:45,2,75,75112,2,1,1,3,QUAI DE BERCY,48.831297,2.385165
2979,201900040037,138 230 831,B01,3,1,0,2,1,1,5,,25,5,2019,19:05,1,75,75112,2,1,1,3,AVENUE DE LA PORTE DE CHARENTON,48.829921,2.400672
2980,201900040038,138 230 829,B01,1,32,0,2,3,1,1,,25,5,2019,16:05,1,75,75111,2,5,8,3,RUE DU FAUBOURG SAINT ANTOINE,48.8513,2.376134
2981,201900040039,138 230 827,B01,1,33,0,2,3,7,1,,23,5,2019,23:50,5,75,75112,2,2,1,3,BOULEVARD DIDEROT,48.847342,2.386778
2982,201900040041,138 230 822,A01,1,50,0,2,1,5,3,,23,5,2019,12:25,1,75,75112,2,1,1,1,RUE DU CHAROLAIS,48.843419,2.382236
2983,201900040042,138 230 820,A01,3,33,0,2,1,17,1,,22,5,2019,19:00,1,75,75112,2,1,1,5,AVENUE DE SAINT MAURICE,48.825474,2.419961
2984,201900040043,138 230 816,B01,1,33,0,2,1,17,1,,21,5,2019,07:20,1,75,75112,2,1,1,3,ROUTE DU PARC,48.826123,2.420067
2985,201900040044,138 230 814,B01,1,2,0,2,1,1,1,,21,5,2019,00:10,5,75,75112,2,2,1,3,RUE DE CHARENTON,48.837308,2.391208
2986,201900040047,138 230 810,A01,1,2,0,2,2,15,3,,17,5,2019,19:40,1,75,75112,2,2,1,3,RUE DE REUILLY,48.844209,2.390274
2987,201900040049,138 230 807,B01,3,33,0,2,7,3,1,,15,5,2019,17:50,1,75,75112,2,1,1,3,AVENUE DE SAINT MAURICE,48.825639,2.419948
2988,201900040050,138 230 804,B01,2,43,1,2,7,17,1,,15,5,2019,10:45,1,75,75112,2,1,1,3,AVENUE DE SAINT MAURICE,48.832093,2.420514