,Num_Acc,id_vehicule,num_veh,senc,catv,obs,obsm,choc,manv,motor,occutc,jour,mois,an,hrmn,lum,dep,com,agg,int,atm,col,adr,lat,long
2989,201900040052,138 230 802,B01,1,34,0,2,4,2,1,,14,5,2019,15:45,1,75,75112,2,4,1,2,AVENUE DE GRAVELLE,48.819816,2.436193
2990,201900040053,138 230 799,B01,1,33,0,2,1,1,1,,12,5,2019,19:15,1,75,75111,2,3,1,3,RUE DU FAUBOURG SAINT ANTOINE,48.851876,2.373818
2991,201900040053,138 230 800,A01,1,50,0,2,3,15,3,,12,5,2019,19:15,1,75,75111,2,3,1,3,RUE DU FAUBOURG SAINT ANTOINE,48.851876,2.373818
2992,201900040055,138 230 796,B01,1,33,0,2,8,1,1,,10,5,2019,14:30,1,75,75112,2,1,1,6,AVENUE COURTELINE,48.844223,2.411057
2993,201900040056,138 230 795,A01,1,32,8,2,8,13,1,,9,5,2019,18:30,1,75,75112,2,1,1,6,SOUTERRAIN QUAI DE LA RAPEE,48.844027,2.369297
2994,201900040057,138 230 793,A01,1,1,0,2,8,1,5,,9,5,2019,15:45,1,75,75112,2,2,8,6,BOULEVARD DIDEROT,48.847003,2.383774
2995,201900040058,138 230 790,A01,2,1,0,1,1,1,5,,7,5,2019,16:00,1,75,75112,2,1,1,6,RUE DU SERGENT BAUCHAT,48.845891,2.393775
2996,201900040060,138 230 788,A01,1,33,1,1,1,10,1,,7,5,2019,10:45,1,75,75112,2,1,1,6,RUE DU FAUBOURG SAINT ANTOINE,48.84815,2.38256
2997,201900040062,138 230 783,B01,1,1,0,2,1,19,5,,7,5,2019,09:45,1,75,75112,2,3,1,3,RUE MOREAU,48.848921,2.371991
2998,201900040062,138 230 784,A01,2,33,0,2,1,16,0,,7,5,2019,09:45,1,75,75112,2,3,1,3,RUE MOREAU,48.848921,2.371991
2999,201900040063,138 230 781,A01,2,1,0,2,1,22,5,,28,5,2019,09:50,1,75,75111,2,1,8,3,AVENUE PARMENTIER,48.859591,2.379161
3000,201900040064,138 230 780,B01,2,34,0,2,2,17,1,,27,5,2019,17:14,1,75,75111,2,1,1,3,BOULEVARD VOLTAIRE,48.854571,2.385532
3001,201900040065,138 230 777,A01,2,30,0,2,8,1,1,,26,5,2019,19:45,1,75,75111,2,3,1,3,RUE DE CHARONNE,48.854895,2.386159
3002,201900040065,138 230 778,B01,2,30,0,2,8,9,1,,26,5,2019,19:45,1,75,75111,2,3,1,3,RUE DE CHARONNE,48.854895,2.386159
3003,201900040066,138 230 775,B01,2,50,0,2,7,15,3,,26,5,2019,15:35,1,75,75111,2,2,1,3,BOULEVARD VOLTAIRE,48.854698,2.385315
3004,201900040066,138 230 776,A01,1,1,0,2,1,17,5,,26,5,2019,15:35,1,75,75111,2,2,1,3,BOULEVARD VOLTAIRE,48.854698,2.385315
3005,201900040067,138 230 774,A01,1,30,0,2,3,18,1,,26,5,2019,01:10,5,75,75111,2,3,1,3,BOULEVARD RICHARD LENOIR,48.857049,2.371218
3006,201900040068,138 230 772,A01,2,30,0,2,7,1,1,,21,5,2019,19:30,1,75,75111,2,1,1,3,BOULEVARD DE MENILMONTANT,48.860352,2.388502
3007,201900040069,138 230 769,A01,1,31,12,2,1,1,1,,20,5,2019,13:00,1,75,75111,2,2,8,1,BOULEVARD VOLTAIRE,48.855304,2.384295
3008,201900040070,138 230 768,Z01,0,30,0,1,8,25,0,,19,5,2019,19:30,1,75,75111,2,1,2,6,RUE DE LA FOLIE REGNAULT,48.859825,2.386569
3009,201900040071,138 230 767,B01,1,2,0,2,2,1,1,,17,5,2019,09:10,1,75,75111,2,2,1,3,AVENUE LEDRU ROLLIN,48.855634,2.37865
3010,201900040072,138 230 765,A01,1,32,0,0,0,21,1,,17,5,2019,07:55,1,75,75111,2,2,1,7,RUE LEON FROT,48.858536,2.383672
3011,201900040073,138 230 764,B01,1,2,0,2,1,1,1,,15,5,2019,19:55,1,75,75111,2,1,1,6,RUE DES BOULETS,48.850003,2.391027
3012,201900040074,138 230 762,A01,2,1,0,1,7,1,5,,14,5,2019,08:55,1,75,75111,2,1,1,6,RUE DE CHARONNE,48.853426,2.379595
3013,201900040075,138 230 760,B01,1,33,0,2,1,1,1,,10,5,2019,13:40,1,75,75111,2,4,1,3,AVENUE DE LA REPUBLIQUE,48.866477,2.36814
3014,201900040075,138 230 761,A01,1,50,0,2,4,14,3,,10,5,2019,13:40,1,75,75111,2,4,1,3,AVENUE DE LA REPUBLIQUE,48.866477,2.36814
3015,201900040076,138 230 759,Z01,2,30,0,1,1,8,1,,7,5,2019,18:45,1,75,75111,2,1,1,6,RUE JEAN PIERRE TIMBAUD,48.867792,2.377789
3016,201900040077,138 230 758,A01,2,32,1,0,2,14,1,,6,5,2019,08:05,1,75,75111,2,2,1,6,RUE SEDAINE,48.85569,2.37167
3017,201900040078,138 230 757,A01,2,32,0,1,1,17,1,,6,5,2019,09:00,1,75,75111,2,2,1,6,BOULEVARD VOLTAIRE,48.855309,2.384293
3018,201900040079,138 230 756,B01,2,2,0,2,8,15,1,,4,5,2019,17:30,1,75,75111,2,2,8,3,BOULEVARD RICHARD LENOIR,48.862305,2.372569
3019,201900040080,138 230 754,A01,2,2,0,0,0,21,1,,3,5,2019,20:15,1,75,75111,2,1,1,7,RUE DE CHARONNE,48.855539,2.389869
3020,201900040081,138 230 752,B01,2,2,0,2,8,1,1,,30,4,2019,22:50,5,75,75111,2,1,1,6,AVENUE PARMENTIER,48.860986,2.377984
3021,201900040082,138 230 751,A01,2,2,0,1,1,17,1,,30,4,2019,19:50,1,75,75111,2,2,1,6,BOULEVARD DE MENILMONTANT,48.860963,2.388205
3022,201900040083,138 230 750,A01,1,32,0,1,1,1,1,,29,4,2019,13:05,1,75,75111,2,2,1,6,BOULEVARD VOLTAIRE,48.85975,2.376844
3023,201900040085,138 230 746,A01,2,30,0,2,6,18,1,,28,4,2019,20:40,2,75,75111,2,2,1,3,RUE SEDAINE,48.85569,2.371666
3024,201900040086,138 230 745,B01,2,1,0,2,1,1,5,,27,5,2019,20:30,1,75,75110,2,3,1,3,BOULEVARD DE MAGENTA,48.876039,2.356288
3025,201900040087,138 230 740,A01,2,1,0,0,1,21,5,,27,5,2019,09:30,1,75,75110,2,3,1,7,RUE RENE BOULANGER,48.868938,2.358789
3026,201900040088,138 230 738,A01,2,32,0,2,2,15,1,,23,5,2019,18:00,1,75,75110,2,5,1,3,BOULEVARD DE LA CHAPELLE,48.884308,2.359362
3027,201900040088,138 230 739,B01,1,1,0,2,1,1,5,,23,5,2019,18:00,1,75,75110,2,5,1,3,BOULEVARD DE LA CHAPELLE,48.884308,2.359362
3028,201900040089,138 230 737,B01,1,30,0,2,1,1,1,,20,5,2019,23:50,5,75,75110,2,1,1,3,BOULEVARD DE LA VILLETTE,48.87919,2.370089
3029,201900040090,138 230 734,A01,1,34,0,2,1,1,0,,15,5,2019,18:45,1,75,75103,2,1,1,3,BOULEVARD SAINT MARTIN,48.868522,2.358492
3030,201900040091,138 230 732,A01,1,33,0,2,1,1,1,,14,5,2019,19:05,1,75,75102,2,1,1,3,BOULEVARD DE BONNE NOUVELLE,48.869914,2.351605
3031,201900040091,138 230 733,B01,1,1,0,2,4,13,5,,14,5,2019,19:05,1,75,75102,2,1,1,3,BOULEVARD DE BONNE NOUVELLE,48.869914,2.351605
3032,201900040092,138 230 731,Z01,1,1,0,1,1,5,5,,13,5,2019,15:59,1,75,75110,2,2,1,6,RUE LA FAYETTE,48.877209,2.348993
3033,201900040096,138 230 725,A01,1,43,14,0,1,13,1,,2,5,2019,03:15,5,75,75110,2,2,1,6,BOULEVARD DE MAGENTA,48.877347,2.355114
3034,201900040097,138 230 724,A01,2,1,1,0,8,17,5,,30,4,2019,08:35,1,75,75110,2,1,1,6,BOULEVARD DE MAGENTA,48.878117,2.354422
3035,201900040098,138 230 722,B01,1,1,0,2,1,1,5,,26,5,2019,17:00,1,75,75109,2,3,8,3,RUE LAFFITTE,48.873406,2.337811
3036,201900040099,138 230 719,Z01,2,32,4,1,1,7,0,,24,5,2019,09:40,1,75,75109,2,3,1,6,BOULEVARD DE ROCHECHOUART,48.882324,2.341997
3037,201900040100,138 230 717,A01,1,30,0,2,3,7,3,,23,5,2019,17:30,1,75,75109,2,3,1,2,BOULEVARD DE ROCHECHOUART,48.882142,2.341109
3038,201900040101,138 230 715,A01,2,30,0,2,5,5,1,,21,5,2019,09:05,1,75,75109,2,1,1,6,RUE DE CHATEAUDUN,48.875938,2.33926
3039,201900040102,138 230 714,A01,1,1,0,2,1,7,5,,19,5,2019,19:58,2,75,75109,2,1,2,6,RUE DU FAUBOURG MONTMARTRE,48.872165,2.343196
3040,201900040105,138 230 709,A01,1,32,0,2,2,12,1,,17,5,2019,09:00,1,75,75102,2,3,1,3,BOULEVARD POISSONNIERE,48.870869,2.346761
3041,201900040105,138 230 710,B01,1,80,0,2,3,1,3,,17,5,2019,09:00,1,75,75102,2,3,1,3,BOULEVARD POISSONNIERE,48.870869,2.346761
3042,201900040107,138 230 707,A01,2,30,0,0,7,1,1,,11,5,2019,12:25,1,75,75109,2,3,2,7,RUE CLAUZEL,48.8789,2.339839
3043,201900040109,138 230 704,B01,1,1,0,2,4,23,5,,10,5,2019,10:20,1,75,75118,2,7,1,2,PLACE DE CLICHY,48.883678,2.327563
3044,201900040110,138 230 703,A01,1,1,0,1,1,1,5,,29,4,2019,16:30,1,75,75109,2,7,1,6,RUE HALEVY,48.872219,2.332819
3045,201900040111,138 230 702,B01,2,32,0,2,1,1,1,,29,5,2019,15:20,1,75,75108,2,4,1,3,AVENUE HOCHE,48.876337,2.301157
3046,201900040112,138 230 700,A01,2,30,0,1,1,1,1,,28,5,2019,16:53,1,75,75108,2,7,1,6,PLACE DE LA CONCORDE,48.865554,2.320695
3047,201900040113,138 230 699,A01,2,34,0,2,2,18,1,,28,5,2019,07:45,1,75,75108,2,1,1,3,RUE GALILEE,48.871566,2.298384
3048,201900040114,138 230 697,A01,1,50,0,0,0,26,3,,27,5,2019,16:30,1,75,75108,2,1,1,7,RUE CHAMBIGES,48.866707,2.303379
3049,201900040115,138 230 695,A01,2,2,0,2,3,18,1,,26,5,2019,00:20,5,75,75108,2,2,1,3,AVENUE DES CHAMPS ELYSEES,48.871905,2.300938
3050,201900040116,138 230 693,A01,2,31,0,2,1,1,1,,24,5,2019,19:45,1,75,75108,2,7,1,2,AVENUE DES CHAMPS ELYSEES,48.867737,2.313988
3051,201900040116,138 230 694,B01,1,31,0,2,4,23,1,,24,5,2019,19:45,1,75,75108,2,7,1,2,AVENUE DES CHAMPS ELYSEES,48.867737,2.313988
3052,201900040117,138 230 691,B01,1,2,0,2,8,23,3,,24,5,2019,16:05,1,75,75101,2,2,1,3,BOULEVARD DE LA MADELEINE,48.869428,2.325162
3053,201900040119,138 230 689,A01,2,34,0,2,2,17,1,,21,5,2019,08:00,1,75,75117,2,1,1,3,BOULEVARD DE COURCELLES,48.880688,2.311212
3054,201900040120,138 230 686,A01,1,30,0,2,2,17,1,,20,5,2019,22:15,5,75,75108,2,2,1,2,RUE LA BOETIE,48.873695,2.314467
3055,201900040121,138 230 684,A01,2,50,0,2,7,19,3,,17,5,2019,15:25,1,75,75108,2,2,1,6,AVENUE DES CHAMPS ELYSEES,48.871926,2.300834
3056,201900040122,138 230 683,A01,2,32,0,2,1,2,1,,16,5,2019,16:45,1,75,75116,2,1,1,2,BOULEVARD LANNES,48.869656,2.274275
3057,201900040123,138 230 680,A01,2,33,0,2,1,2,1,,13,5,2019,17:40,1,75,75108,2,7,1,2,PLACE DE LA CONCORDE,48.866662,2.322018
3058,201900040124,138 230 679,A01,2,30,0,1,2,18,3,,13,5,2019,08:00,1,75,75108,2,7,1,6,PLACE SAINT AUGUSTIN,48.875343,2.319289
3059,201900040126,138 230 676,B01,1,32,0,2,3,7,1,,12,5,2019,19:30,1,75,75108,2,2,1,3,BOULEVARD DES BATIGNOLLES,48.882565,2.323387
3060,201900040127,138 230 674,A01,1,30,0,2,1,17,1,,11,5,2019,12:30,1,75,75108,2,1,2,3,AVENUE FRANKLIN D ROOSEVELT,48.867756,2.310101
3061,201900040128,138 230 672,B01,2,31,0,2,4,23,1,,9,5,2019,09:30,1,75,75108,2,3,2,2,AVENUE DES CHAMPS ELYSEES,48.871089,2.303488
3062,201900040129,138 230 667,B01,2,33,0,2,1,23,1,,7,5,2019,17:15,1,75,75108,2,1,1,5,AVENUE HOCHE,48.875924,2.300463
3063,201900040131,138 230 662,A01,2,34,0,2,8,16,1,,5,5,2019,14:00,1,75,75109,2,2,8,6,RUE D AMSTERDAM,48.877856,2.326963
3064,201900040132,138 230 660,A01,2,30,0,2,7,5,1,,2,5,2019,12:04,1,75,75108,2,1,1,3,AVENUE DE MESSINE,48.875779,2.314315
3065,201900040133,138 230 658,A01,2,33,0,2,8,1,1,,1,5,2019,20:00,1,75,75108,2,3,1,3,AVENUE DES CHAMPS ELYSEES,48.870084,2.306684
3066,201900040134,138 230 656,A01,0,43,0,2,1,1,1,,30,4,2019,10:15,1,75,75108,2,3,1,2,AVENUE DES CHAMPS ELYSEES,48.868256,2.312362
3067,201900040135,138 230 654,A01,2,34,14,0,2,18,1,,29,5,2019,07:15,1,75,75107,2,1,1,6,QUAI ANATOLE FRANCE,48.861394,2.323243
3068,201900040136,138 230 650,B01,0,33,0,2,7,15,1,,26,5,2019,17:50,1,75,75107,2,2,1,3,QUAI BRANLY,48.859098,2.293415
3069,201900040136,138 230 651,A01,0,30,0,2,1,15,1,,26,5,2019,17:50,1,75,75107,2,2,1,3,QUAI BRANLY,48.859098,2.293415
3070,201900040137,138 230 649,B01,1,1,0,2,7,1,5,,24,5,2019,10:45,1,75,75107,2,1,1,3,AVENUE DUQUESNE,48.852185,2.309166
3071,201900040138,138 230 646,A01,2,30,0,2,8,1,1,,24,5,2019,09:05,1,75,75107,2,2,1,6,QUAI BRANLY,48.860558,2.295608
3072,201900040140,138 230 644,Z01,2,30,0,1,1,1,0,,22,5,2019,13:05,1,75,75107,2,7,1,6,AVENUE BOSQUET,48.85463,2.305541
3073,201900040141,138 230 643,B01,1,30,0,2,1,2,1,,22,5,2019,11:00,1,75,75108,2,1,1,3,PONT DE LA CONCORDE,48.863689,2.319824
3074,201900040144,138 230 638,B01,1,30,0,2,3,1,1,,11,5,2019,17:30,1,75,75107,2,2,1,3,RUE JEAN NICOT,48.861152,2.306983
3075,201900040145,138 230 637,A01,1,30,0,1,2,1,3,,10,5,2019,21:40,5,75,75107,2,2,3,6,BOULEVARD RASPAIL,48.85436,2.326127
3076,201900040146,138 230 636,A01,2,32,0,0,8,1,1,,9,5,2019,15:50,1,75,75107,2,1,2,7,RUE DE GRENELLE,48.858449,2.312197
3077,201900040147,138 230 635,A01,2,30,7,0,2,2,1,,9,5,2019,00:15,5,75,75107,2,2,2,6,BOULEVARD SAINT GERMAIN,48.862125,2.319674
3078,201900040148,138 230 632,A01,1,43,0,2,7,1,1,,8,5,2019,11:50,1,75,75107,2,3,2,5,QUAI D ORSAY,48.862373,2.309244
3079,201900040150,138 230 628,A01,2,30,1,2,7,15,3,,5,5,2019,16:30,1,75,75107,2,2,1,3,RUE DE L UNIVERSITE,48.861151,2.306983
3080,201900040151,138 230 627,B01,1,80,0,2,1,1,3,,25,5,2019,14:30,1,75,75104,2,2,1,2,RUE DE LA COUTELLERIE,48.857546,2.351298
3081,201900040153,138 230 622,B01,1,33,0,2,3,23,1,,15,5,2019,12:20,1,75,75104,2,2,1,4,PONT DE SULLY,48.850831,2.361419
3082,201900040153,138 230 623,C01,1,32,0,2,8,23,1,,15,5,2019,12:20,1,75,75104,2,2,1,4,PONT DE SULLY,48.850831,2.361419
3083,201900040157,138 230 616,A01,2,31,0,0,7,1,1,,8,5,2019,21:00,2,75,75104,2,7,3,7,QUAI DE GESVRES,48.857184,2.347334
3084,201900040158,138 230 614,A01,1,32,0,2,8,18,1,,7,5,2019,17:00,1,75,75104,2,7,1,3,RUE DE LOBAU,48.856031,2.353237
3085,201900040160,138 230 612,A01,2,1,0,2,1,5,5,,4,5,2019,11:25,1,75,75104,2,1,2,1,QUAI AUX FLEURS,48.853501,2.352041
3086,201900040161,138 230 609,B01,1,33,0,2,3,1,1,,2,5,2019,13:55,1,75,75104,2,1,2,3,RUE SAINT ANTOINE,48.854119,2.364191
3087,201900040161,138 230 610,A01,1,1,0,2,5,19,5,,2,5,2019,13:55,1,75,75104,2,1,2,3,RUE SAINT ANTOINE,48.854119,2.364191
3088,201900040162,138 230 607,A01,1,1,0,2,1,1,5,,30,4,2019,19:20,1,75,75104,2,2,1,3,RUE SAINT ANTOINE,48.853921,2.364842
3089,201900040162,138 230 608,B01,2,50,0,2,0,1,3,,30,4,2019,19:20,1,75,75104,2,2,1,3,RUE SAINT ANTOINE,48.853921,2.364842
3090,201900040163,138 230 606,B01,2,1,0,2,1,5,5,,28,5,2019,10:20,1,75,75103,2,3,1,3,RUE DU PERCHE,48.860818,2.36134
3091,201900040164,138 230 604,B01,2,32,0,2,3,1,1,,25,5,2019,13:15,1,75,75111,2,4,1,3,BOULEVARD DU TEMPLE,48.863061,2.366752
3092,201900040166,138 230 601,B01,1,43,0,2,5,1,1,,10,5,2019,08:20,1,75,75103,2,1,1,3,RUE VIEILLE DU TEMPLE,48.860313,2.36142
3093,201900040167,138 230 599,A01,2,31,0,1,2,1,1,,8,5,2019,02:30,3,75,75103,2,5,2,6,RUE FROISSART,48.861948,2.36459
3094,201900040168,138 230 598,B01,2,30,0,2,3,1,1,,7,5,2019,21:50,5,75,75103,2,3,1,3,RUE NOTRE DAME DE NAZARETH,48.866806,2.362009
3095,201900040169,138 230 596,A01,1,1,0,0,3,21,5,,28,5,2019,08:20,1,75,75101,2,3,2,7,RUE SAINT HONORE,48.862218,2.339184
3096,201900040170,138 230 594,B01,1,33,0,2,7,16,1,,21,5,2019,19:20,1,75,75102,2,2,8,3,RUE DU QUATRE SEPTEMBRE,48.869186,2.3387
3097,201900040170,138 230 595,A01,1,30,0,2,8,18,3,,21,5,2019,19:20,1,75,75102,2,2,8,3,RUE DU QUATRE SEPTEMBRE,48.869186,2.3387
3098,201900040171,138 230 593,A01,1,1,1,2,5,18,5,,21,5,2019,13:45,1,75,75102,2,1,1,6,RUE VIVIENNE,48.870784,2.341109
3099,201900040172,138 230 590,A01,2,1,0,2,2,1,5,,15,5,2019,19:45,1,75,75104,2,2,1,3,RUE DE L HOTEL DE VILLE,48.854607,2.355176
3100,201900040173,138 230 589,B01,1,34,0,2,6,23,1,,15,5,2019,00:10,5,75,75102,2,2,1,2,BOULEVARD DE SEBASTOPOL,48.868682,2.353888
3101,201900040174,138 230 587,A01,2,1,0,2,2,1,5,,13,5,2019,16:45,1,75,75102,2,3,1,3,BOULEVARD DE BONNE NOUVELLE,48.870532,2.348689
3102,201900040175,138 230 585,A01,1,50,0,1,8,21,3,,12,5,2019,15:30,1,75,75103,2,2,1,7,RUE DE LA PERLE,48.859949,2.360773
3103,201900040176,138 230 583,A01,1,33,0,2,1,1,1,,12,5,2019,12:45,1,75,75102,2,3,1,2,RUE MONTMARTRE,48.869753,2.342841
3104,201900040178,138 230 580,B01,1,32,0,2,8,13,1,,28,5,2019,11:00,1,75,75101,2,1,1,3,BOULEVARD DU PALAIS,48.855691,2.346149
3105,201900040178,138 230 581,A01,0,32,0,2,8,17,1,,28,5,2019,11:00,1,75,75101,2,1,1,3,BOULEVARD DU PALAIS,48.855691,2.346149
3106,201900040180,138 230 577,B01,1,2,0,2,8,18,1,,24,5,2019,21:05,2,75,75101,2,1,1,3,PLACE DU MARCHE SAINT HONORE,48.866675,2.331111
3107,201900040181,138 230 574,B01,1,50,0,2,1,1,3,,22,5,2019,19:20,1,75,75101,2,3,1,3,RUE DE RIVOLI,48.863211,2.333804
3108,201900040182,138 230 572,B01,3,32,0,2,1,3,1,,17,5,2019,08:50,1,75,75101,2,2,1,4,PONT AU CHANGE,48.856258,2.346519
3109,201900040182,138 230 573,A01,3,32,0,2,1,11,1,,17,5,2019,08:50,1,75,75101,2,2,1,4,PONT AU CHANGE,48.856258,2.346519
3110,201900040186,138 230 566,B01,1,43,0,2,1,1,1,,5,5,2019,16:30,1,75,75101,2,2,2,3,RUE DE L AMIRAL DE COLIGNY,48.860914,2.340847
3111,201900040187,138 230 563,B01,1,1,0,2,1,1,5,,3,5,2019,10:30,1,75,75101,2,3,1,3,RUE DE RIVOLI,48.859495,2.345188
3112,201900040731,138 229 555,A01,2,33,0,2,1,2,1,,15,1,2019,17:40,3,75,75115,2,4,1,2,BOULEVARD PERIPHERIQUE,48.834826,2.274015
3113,201900040731,138 229 556,B01,2,33,0,2,4,23,1,,15,1,2019,17:40,3,75,75115,2,4,1,2,BOULEVARD PERIPHERIQUE,48.834826,2.274015
3114,201900040733,138 229 552,A01,2,1,0,1,3,25,5,,15,1,2019,14:20,1,75,75106,2,2,1,6,RUE DE VAUGIRARD,48.848229,2.331016
3115,201900040734,138 229 551,Z01,2,33,0,1,3,5,0,,15,1,2019,08:10,2,75,75119,2,4,1,6,RUE LAUZIN,48.875239,2.37865
3116,201900040736,138 229 548,A01,1,1,0,1,1,1,5,,15,1,2019,21:00,5,75,75118,2,2,1,6,BOULEVARD BARBES,48.891561,2.3496
3117,201900040739,138 229 545,B01,1,1,0,2,1,1,5,,15,1,2019,18:50,5,75,75117,2,1,1,3,RUE GUY MOQUET,48.89233,2.324293
3118,201900040742,138 229 541,A01,2,2,0,2,3,18,1,,15,1,2019,08:07,2,75,75113,2,7,1,3,PLACE D ITALIE,48.83223,2.35606
3119,201900040743,138 229 539,A01,1,30,0,2,1,3,1,,14,1,2019,23:02,5,75,75113,2,2,1,2,AVENUE D ITALIE,48.826184,2.357272
3120,201900040744,138 229 536,B01,2,33,0,2,1,1,1,,15,1,2019,20:50,5,75,75112,2,3,1,3,QUAI DE BERCY,48.833728,2.382493
3121,201900040745,138 229 534,B01,1,33,0,2,1,17,1,,15,1,2019,09:10,1,75,75112,2,1,8,3,AVENUE LEDRU ROLLIN,48.849333,2.373773
3122,201900040746,138 229 532,B01,2,32,0,2,7,17,1,,15,1,2019,09:45,1,75,75111,2,2,1,3,BOULEVARD RICHARD LENOIR,48.857789,2.370939
3123,201900040746,138 229 533,A01,2,33,0,2,8,15,1,,15,1,2019,09:45,1,75,75111,2,2,1,3,BOULEVARD RICHARD LENOIR,48.857789,2.370939
3124,201900040747,138 229 529,B01,2,80,0,2,1,5,3,,15,1,2019,01:50,5,75,75110,2,7,1,3,BOULEVARD DE MAGENTA,48.870551,2.3612
3125,201900040748,138 229 528,A01,2,30,0,1,8,18,1,,15,1,2019,12:25,1,75,75109,2,3,1,6,RUE D AMSTERDAM,48.880438,2.327057
3126,201900040749,138 229 526,B01,1,32,0,2,1,7,1,,14,1,2019,18:55,5,75,75108,2,2,1,3,RUE LA BOETIE,48.874209,2.317518
3127,201900040767,138 229 493,A01,2,43,0,2,1,3,1,,1,10,2019,16:20,1,75,75116,2,1,1,6,BD PERIPHERIQUE EXTERIEUR,48.862892,2.2650759
3128,201900040768,138 229 491,A01,1,42,0,2,1,2,1,,1,10,2019,14:00,1,75,75115,2,4,1,2,BP PERIPHERIQUE INTERIEUR,48.8267978,2.2956032
3129,201900040769,138 229 486,A01,1,33,0,2,1,3,1,,30,9,2019,09:15,1,75,75114,2,1,1,4,BD PERIPHERIQUE INTERIEUR,48.821752,2.317932
3130,201900040769,138 229 487,B01,1,33,0,2,4,3,1,,30,9,2019,09:15,1,75,75114,2,1,1,4,BD PERIPHERIQUE INTERIEUR,48.821752,2.317932
3131,201900040769,138 229 488,C01,1,32,0,2,4,1,1,,30,9,2019,09:15,1,75,75114,2,1,1,4,BD PERIPHERIQUE INTERIEUR,48.821752,2.317932
3132,201900040770,138 229 485,B01,1,1,0,2,4,2,5,,1,10,2019,12:45,1,75,75116,2,2,1,2,RUE RAYNOUARD,48.8537189,2.2774148
3133,201900040771,138 229 482,B01,1,34,0,2,3,1,1,,30,9,2019,09:06,1,75,75102,2,2,1,3,RUE DU QUATRE SEPTEMBRE,48.8695427,2.3367855
3134,201900040773,138 229 480,A01,1,30,0,1,0,21,3,,1,10,2019,19:40,5,75,75119,2,3,8,6,RUE DE MEAUX,48.8840276,2.3778528
3135,201900040774,138 229 479,A01,2,33,0,1,8,1,1,,1,10,2019,13:25,1,75,75119,2,3,2,6,RUE BOTZARIS,48.8792974,2.3843365
3136,201900040776,138 229 476,A01,1,50,0,2,3,1,3,,30,9,2019,19:10,1,75,75119,2,4,1,6,BOULEVARD MACDONALD,48.897005,2.392415
3137,201900040777,138 229 474,A01,1,32,0,2,1,1,1,,1,10,2019,11:55,1,75,75118,2,2,8,3,RUE DES ROSES,48.893257,2.361405
3138,201900040778,138 229 473,A01,1,31,0,1,1,1,1,,30,9,2019,08:57,1,75,75117,2,3,1,6,AVENUE DE VILLIERS,48.883071,2.308298
3139,201900040781,138 229 469,B01,1,30,0,2,2,1,3,,1,10,2019,14:00,1,75,75114,2,4,1,3,AVENUE DU MAINE,48.8291031,2.3263588
3140,201900040782,138 229 467,A01,1,1,9,0,1,1,5,,30,9,2019,07:00,2,75,75114,2,1,1,6,BOULEVARD JOURDAN,48.8217542,2.3325128
3141,201900040783,138 229 466,A01,1,1,0,1,1,1,5,,1,10,2019,09:30,1,75,75112,2,1,2,6,AVENUE DE SAINT MAURICE,48.8292648,2.4199601
3142,201900040784,138 229 465,A01,2,30,0,2,1,18,1,,1,10,2019,09:37,1,75,75110,2,2,2,2,BOULEVARD DE MAGENTA,48.8705283,2.3612177
3143,201900040787,138 229 460,A01,2,32,0,2,1,2,1,,1,10,2019,20:58,5,75,75108,2,1,2,2,AVENUE DES CHAMPS ELYSEES,48.8683195,2.3121822
3144,201900040788,138 229 458,B01,1,80,0,2,3,13,2,,1,10,2019,13:55,1,75,75107,2,7,8,3,PLACE DE LA RESISTANCE,48.8619072,2.3020347
3145,201900040788,138 229 459,A01,1,43,0,2,2,1,3,,1,10,2019,13:55,1,75,75107,2,7,8,3,PLACE DE LA RESISTANCE,48.8619072,2.3020347
3146,201900040789,138 229 457,A01,1,1,0,2,1,18,5,,1,10,2019,07:20,2,75,75104,2,2,1,2,BOULEVARD DE SEBASTOPOL,48.858526,2.348194
3147,201900040790,138 229 455,A01,1,30,0,2,8,1,1,,1,10,2019,10:40,1,75,75102,2,7,2,3,PLACE DE L OPERA,48.8703153,2.3326675
3148,201900041135,138 228 844,A01,2,32,0,2,7,17,1,,26,8,2019,22:25,5,75,75114,2,7,1,3,PLACE VICTOR ET HELENE BASCH,48.8278911,2.3266339
3149,201900041136,138 228 836,B01,2,31,0,2,8,1,1,,29,8,2019,17:50,1,75,75113,2,2,1,3,AVENUE D ITALIE,48.8261835,2.3572661
3150,201900041137,138 228 833,B01,2,1,0,2,1,13,5,,28,8,2019,00:30,5,75,75113,2,1,1,1,QUAI D AUSTERLITZ,48.8409524,2.3692435
3151,201900041137,138 228 834,A01,1,1,0,2,1,1,5,,28,8,2019,00:30,5,75,75113,2,1,1,1,QUAI D AUSTERLITZ,48.8409524,2.3692435
3152,201900041138,138 228 831,B01,3,1,0,2,1,19,5,,30,8,2019,18:30,1,75,75112,2,1,1,3,AVENUE DU TREMBLAY,48.839472,2.4506595
3153,201900041139,138 228 830,A01,1,34,0,1,1,1,1,,28,8,2019,23:30,5,75,75111,2,1,1,6,BOULEVARD DU TEMPLE,48.8660449,2.3649645
3154,201900041140,138 228 829,A01,2,32,0,2,1,1,1,,28,8,2019,17:50,1,75,75112,2,1,1,3,RUE DE CHARENTON,48.839375,2.388918