,Num_Acc,id_vehicule,num_veh,senc,catv,obs,obsm,choc,manv,motor,occutc,jour,mois,an,hrmn,lum,dep,com,agg,int,atm,col,adr,lat,long
3155,201900041142,138 228 826,B01,3,1,0,2,8,19,5,,26,8,2019,19:20,1,75,75112,2,1,1,3,ROUTE DE LA PYRAMIDE,48.839614,2.437393
3156,201900041143,138 228 823,A01,2,1,0,2,3,15,5,,26,8,2019,09:40,1,75,75112,2,4,1,3,AVENUE DE NOGENT,48.8420442,2.4491497
3157,201900041144,138 228 822,A01,1,30,0,2,1,15,3,,31,8,2019,13:10,1,75,75111,2,3,1,3,RUE RICHARD LENOIR,48.856444,2.381237
3158,201900041145,138 228 819,B01,1,43,0,2,7,17,1,,29,8,2019,15:50,1,75,75111,2,2,1,3,BOULEVARD VOLTAIRE,48.85469,2.38538
3159,201900041145,138 228 820,A01,1,30,0,2,8,15,1,,29,8,2019,15:50,1,75,75111,2,2,1,3,BOULEVARD VOLTAIRE,48.85469,2.38538
3160,201900041146,138 228 818,A01,2,30,0,2,2,17,1,,29,8,2019,14:15,1,75,75111,2,2,1,3,RUE SAINT SABIN,48.8556868,2.3716669
3161,201900041147,138 228 815,B01,2,32,0,2,4,2,1,,28,8,2019,20:30,2,75,75111,2,4,1,2,AVENUE LEDRU ROLLIN,48.854739,2.378136
3162,201900041147,138 228 816,A01,2,30,0,2,1,2,1,,28,8,2019,20:30,2,75,75111,2,4,1,2,AVENUE LEDRU ROLLIN,48.854739,2.378136
3163,201900041148,138 228 814,A01,2,30,0,1,2,1,1,,28,8,2019,16:00,1,75,75111,2,2,1,6,BOULEVARD RICHARD LENOIR,48.8555146,2.3699029
3164,201900041149,138 228 812,A01,2,33,0,2,3,1,1,,26,8,2019,13:10,1,75,75111,2,2,1,3,AVENUE PHILIPPE AUGUSTE,48.855772,2.39135
3165,201900041150,138 228 810,A01,1,30,0,2,7,1,1,,27,8,2019,22:30,5,75,75110,2,2,1,3,RUE DE DUNKERQUE,48.880807,2.351166
3166,201900041152,138 228 808,B01,2,1,0,2,8,5,5,,31,8,2019,05:35,5,75,75109,2,5,1,3,RUE PIERRE FONTAINE,48.8804522,2.3350702
3167,201900041156,138 228 802,A01,1,30,0,0,0,21,1,,26,8,2019,10:35,1,75,75107,2,2,1,7,AVENUE DE SUFFREN,48.849432,2.303787
3168,201900041157,138 228 801,A01,1,30,14,0,1,13,3,,28,8,2019,10:10,1,75,75104,2,3,1,6,RUE SAINT ANTOINE,48.8550681,2.3616791
3169,201900041158,138 228 800,A01,1,34,0,1,1,1,1,,27,8,2019,09:30,1,75,75103,2,2,1,6,BOULEVARD DE SEBASTOPOL,48.866963,2.352978
3170,201900041160,138 228 797,B01,1,34,0,2,2,1,1,,30,8,2019,18:30,1,75,75102,2,2,1,3,BOULEVARD DE SEBASTOPOL,48.864427,2.351519
3171,201900041161,138 228 794,A01,1,30,0,2,2,15,1,,27,8,2019,21:15,5,75,75102,2,7,1,3,PLACE DE L OPERA,48.870286,2.3324407
3172,201900041161,138 228 795,B01,2,43,0,2,3,1,1,,27,8,2019,21:15,5,75,75102,2,7,1,3,PLACE DE L OPERA,48.870286,2.3324407
3173,201900041162,138 228 792,A01,1,33,0,2,1,13,1,,26,8,2019,09:20,1,75,75101,2,1,1,2,QUAI DES TUILERIES,48.862792,2.324143
3174,201900041321,138 228 499,A01,2,30,0,2,7,3,1,,3,4,2019,19:30,1,75,75116,2,1,1,3,AVENUE RAYMOND POINCARE,48.866707,2.286098
3175,201900041322,138 228 496,A01,2,1,0,2,8,1,5,,6,4,2019,08:10,1,75,75115,2,1,1,6,RUE LECOURBE,48.843631,2.306116
3176,201900041323,138 228 495,B01,1,30,0,2,8,17,1,,5,4,2019,18:30,1,75,75115,2,3,1,3,RUE LECOURBE,48.841567,2.29914
3177,201900041324,138 228 492,A01,2,1,0,2,1,1,5,,4,4,2019,12:35,1,75,75115,2,2,1,2,AVENUE DE LA PORTE DE SEVRES,48.834153,2.277235
3178,201900041325,138 228 491,B01,1,33,0,2,7,17,1,,4,4,2019,08:15,1,75,75115,2,2,1,3,RUE CAMBRONNE,48.842604,2.302677
3179,201900041327,138 228 483,A01,1,33,0,2,8,1,1,,4,4,2019,09:00,1,75,75114,2,3,1,5,AVENUE DU GENERAL LECLERC,48.828776,2.327699
3180,201900041328,138 228 482,A01,2,1,0,1,8,1,5,,4,4,2019,08:35,1,75,75115,2,2,1,6,RUE PAUL BARRUEL,48.837352,2.305995
3181,201900041329,138 228 480,B01,2,31,0,2,7,17,1,,5,4,2019,17:30,1,75,75113,2,3,1,3,RUE DE TOLBIAC,48.827096,2.367144
3182,201900041330,138 228 478,A01,1,33,0,2,1,17,1,,4,4,2019,07:50,1,75,75113,2,1,1,2,RUE JACQUES DESTREE,48.817338,2.354061
3183,201900041331,138 228 477,B01,1,43,0,2,2,23,1,,5,4,2019,18:30,1,75,75112,2,1,1,3,RUE PROUDHON,48.836783,2.388959
3184,201900041332,138 228 475,A01,1,1,0,1,1,15,5,,5,4,2019,13:15,1,75,75112,2,3,1,6,RUE BARON LE ROY,48.835907,2.386475
3185,201900041333,138 228 473,B01,1,1,0,2,0,15,5,,5,4,2019,08:05,1,75,75112,2,2,1,3,AVENUE DE SAINT MANDE,48.844669,2.405732
3186,201900041334,138 228 471,B01,3,1,0,2,7,19,5,,4,4,2019,20:00,1,75,75112,2,4,1,3,ROUTE DE LA PYRAMIDE,48.840085,2.436717
3187,201900041335,138 228 470,Z01,2,1,0,1,0,25,5,,4,4,2019,15:20,1,75,75112,2,2,1,6,AVENUE DAUMESNIL,48.837184,2.402123
3188,201900041336,138 228 469,Z01,1,1,0,1,1,1,5,,6,4,2019,17:50,1,75,75111,2,3,1,6,BOULEVARD BEAUMARCHAIS,48.855808,2.368487
3189,201900041337,138 228 468,B01,1,42,0,2,2,1,1,,6,4,2019,12:50,1,75,75104,2,1,1,3,BOULEVARD BEAUMARCHAIS,48.854524,2.368806
3190,201900041338,138 228 466,B01,1,2,0,2,1,1,1,,3,4,2019,23:40,5,75,75111,2,1,1,1,AVENUE DE LA REPUBLIQUE,48.866582,2.367605
3191,201900041339,138 228 464,A01,1,30,1,0,2,14,3,,6,4,2019,05:00,5,75,75110,2,1,1,6,RUE DU FAUBOURG SAINT MARTIN,48.879748,2.363511
3192,201900041340,138 228 463,A01,3,42,0,0,0,1,1,,5,4,2019,20:30,2,75,75110,2,1,1,7,BOULEVARD DE LA CHAPELLE,48.88429,2.363791
3193,201900041341,138 228 462,A01,3,1,0,2,8,1,5,,6,4,2019,00:25,5,75,75110,2,5,1,6,RUE LA FAYETTE,48.88267,2.369875
3194,201900041342,138 228 460,B01,1,1,0,2,0,18,5,,4,4,2019,17:10,1,75,75110,2,1,1,2,RUE DE LA GRANGE AUX BELLES,48.876375,2.368741
3195,201900041343,138 228 458,B01,2,1,0,2,8,1,5,,6,4,2019,16:23,1,75,75102,2,5,1,3,RUE ETIENNE MARCEL,48.863867,2.349026
3196,201900041344,138 228 454,B01,3,33,0,2,2,1,1,,4,4,2019,12:28,1,75,75108,2,2,1,5,RUE TRONCHET,48.873124,2.326717
3197,201900041344,138 228 455,C01,3,34,0,2,8,1,1,,4,4,2019,12:28,1,75,75108,2,2,1,5,RUE TRONCHET,48.873124,2.326717
3198,201900041345,138 228 453,A01,1,1,0,0,1,1,5,,4,4,2019,09:50,1,75,75109,2,2,1,7,RUE DE PROVENCE,48.874036,2.342424
3199,201900041346,138 228 452,B01,1,43,0,2,1,1,1,,5,4,2019,16:09,1,75,75108,2,3,1,3,AVENUE GEORGE V,48.870068,2.300994
3200,201900041347,138 228 450,A01,2,34,0,2,3,18,1,,4,4,2019,13:15,1,75,75115,2,1,1,3,AVENUE DE NEW YORK,48.83238,2.293717
3201,201900041348,138 228 448,B01,2,30,0,2,6,2,1,,3,4,2019,12:40,1,75,75108,2,1,1,3,RUE ROQUEPINE,48.873361,2.319092
3202,201900041349,138 228 445,A01,2,1,0,2,8,19,5,,3,4,2019,11:55,1,75,75117,2,1,1,6,BOULEVARD DE COURCELLES,48.880641,2.310796
3203,201900041349,138 228 446,B01,2,30,0,2,1,1,1,,3,4,2019,11:55,1,75,75117,2,1,1,6,BOULEVARD DE COURCELLES,48.880641,2.310796
3204,201900041351,138 228 443,B01,2,42,0,2,7,1,1,,4,4,2019,11:18,1,75,75103,2,2,1,3,RUE BEAUBOURG,48.861214,2.3535
3205,201900041352,138 228 441,B01,1,1,0,2,1,1,5,,4,4,2019,19:40,1,75,75102,2,2,1,3,RUE ETIENNE MARCEL,48.86365,2.350003
3206,201900041552,138 228 065,B01,1,33,0,2,1,3,1,,19,7,2019,19:25,1,75,75114,2,1,1,3,PORTE D ORLEANS,48.819808,2.327024
3207,201900041554,138 228 061,A01,3,33,0,0,0,1,1,,19,7,2019,03:15,5,75,75116,2,1,1,7,ECHANGEUR MAILLOT,48.8766426,2.2796494
3208,201900041555,138 228 059,B01,1,33,0,2,7,1,1,,18,7,2019,17:45,1,75,75117,2,1,1,3,PORTE DE CHAMPERRET,48.888198,2.292365
3209,201900041556,138 228 057,B01,2,43,0,2,4,23,1,,18,7,2019,17:05,1,75,75112,2,1,1,4,PORTE DE CHARENTON,48.831934,2.405092
3210,201900041558,138 228 052,A01,1,33,0,2,1,2,1,,18,7,2019,14:35,1,75,75113,2,1,1,2,QUAI D IVRY,48.825791,2.386589
3211,201900041560,138 228 046,A01,1,33,0,1,7,1,1,,19,7,2019,20:25,1,75,75109,2,2,1,6,BOULEVARD DES ITALIENS,48.871286,2.33593
3212,201900041561,138 228 044,Z01,1,34,0,2,1,13,1,,19,7,2019,11:33,1,75,75115,2,1,1,6,RUE BALARD,48.841497,2.277803
3213,201900041562,138 228 042,B01,1,2,0,2,2,1,1,,18,7,2019,20:52,5,75,75109,2,1,1,3,RUE DES MATHURINS,48.873107,2.327274
3214,201900041563,138 228 040,B01,3,32,0,2,7,14,1,,16,7,2019,16:45,1,75,75116,2,7,1,3,PLACE CHARLES DE GAULLE,48.873218,2.294617
3215,201900041564,138 228 039,A01,3,33,12,0,7,14,1,,15,7,2019,22:55,5,75,75116,2,1,1,6,ROUTE DE LA MUETTE A NEUILLY,48.867226,2.265254
3216,201900041565,138 228 038,Z01,1,30,0,1,1,2,1,,20,7,2019,03:30,5,75,75105,2,2,1,6,QUAI SAINT BERNARD,48.849389,2.356825
3217,201900041567,138 228 036,A01,1,30,0,2,2,7,3,,19,7,2019,11:50,1,75,75105,2,2,1,3,RUE GAY LUSSAC,48.846085,2.341144
3218,201900041568,138 228 033,A01,1,30,0,2,1,2,1,,20,7,2019,16:15,1,75,75120,2,4,1,2,AVENUE IBSEN,48.8665145,2.4126846
3219,201900041569,138 228 031,B01,2,1,0,2,1,2,5,,18,7,2019,10:00,1,75,75120,2,1,1,2,RUE DES COURONNES,48.870271,2.385191
3220,201900041571,138 228 029,B01,2,1,0,2,3,9,5,,19,7,2019,16:00,1,75,75119,2,1,1,3,RUE GASTON TESSIER,48.896337,2.37578
3221,201900041572,138 228 027,B01,2,30,0,2,1,7,1,,20,7,2019,17:20,1,75,75118,2,2,1,3,AVENUE DE LA PORTE DE CLIGNANCOURT,48.8994485,2.3441273
3222,201900041574,138 228 023,B01,0,34,0,2,3,1,1,,19,7,2019,18:40,1,75,75118,2,3,1,3,RUE DE LA CHAPELLE,48.891038,2.359877
3223,201900041575,138 228 021,B01,2,1,0,2,1,7,5,,18,7,2019,09:20,1,75,75118,2,5,1,3,RUE ORDENER,48.891721,2.348723
3224,201900041575,138 228 022,A01,1,33,0,2,1,15,1,,18,7,2019,09:20,1,75,75118,2,5,1,3,RUE ORDENER,48.891721,2.348723
3225,201900041576,138 228 019,A01,1,1,0,2,1,15,5,,18,7,2019,02:40,5,75,75118,2,7,1,3,PLACE ALBERT KAHN,48.896009,2.346
3226,201900041578,138 228 016,A01,2,80,0,2,1,1,3,,19,7,2019,08:45,1,75,75117,2,1,1,6,BOULEVARD BESSIERES,48.895591,2.317217
3227,201900041579,138 228 014,B01,1,1,0,2,8,13,5,,19,7,2019,08:40,1,75,75117,2,2,1,3,BOULEVARD BERTHIER,48.890115,2.30378
3228,201900041579,138 228 015,A01,1,33,0,2,7,1,1,,19,7,2019,08:40,1,75,75117,2,2,1,3,BOULEVARD BERTHIER,48.890115,2.30378
3229,201900041580,138 228 013,A01,3,30,0,2,1,1,1,,17,7,2019,22:10,5,75,75117,2,2,1,3,AVENUE DE WAGRAM,48.881544,2.300696
3230,201900041581,138 228 011,B01,2,43,0,2,4,23,1,,20,7,2019,15:15,1,75,75116,2,1,1,2,AVENUE DE LA GRANDE ARMEE,48.876654,2.285978
3231,201900041582,138 228 009,Z01,1,32,0,2,0,14,0,,20,7,2019,00:05,5,75,75117,2,3,1,6,AVENUE DE LA GRANDE ARMEE,48.875078,2.291197
3232,201900041583,138 228 006,B01,0,43,0,2,3,1,1,,18,7,2019,19:45,1,75,75117,2,1,1,5,AVENUE DE LA GRANDE ARMEE,48.876062,2.287876
3233,201900041583,138 228 007,A01,0,33,0,2,2,14,1,,18,7,2019,19:45,1,75,75117,2,1,1,5,AVENUE DE LA GRANDE ARMEE,48.876062,2.287876
3234,201900041585,138 228 003,A01,2,32,0,2,8,11,1,,18,7,2019,14:30,1,75,75116,2,2,1,3,AVENUE MOZART,48.857292,2.273018
3235,201900041586,138 228 001,B01,1,2,0,2,1,1,1,,17,7,2019,22:50,5,75,75116,2,3,1,3,BOULEVARD LANNES,48.868819,2.273533
3236,201900041589,138 227 997,A01,2,30,0,1,1,17,3,,18,7,2019,09:20,1,75,75115,2,1,1,6,RUE CAMBRONNE,48.844634,2.302239
3237,201900041590,138 227 996,A01,2,32,0,0,0,1,1,,20,7,2019,02:40,5,75,75114,2,1,1,7,BOULEVARD ROMAIN ROLLAND,48.819968,2.325015
3238,201900041592,138 227 993,B01,2,1,0,2,7,1,5,,18,7,2019,06:50,1,75,75114,2,7,1,6,AVENUE PAUL VAILLANT COUTURIER,48.81593,2.343922
3239,201900041593,138 227 990,B01,2,42,0,2,1,21,1,,17,7,2019,20:30,1,75,75114,2,2,1,3,BOULEVARD SAINT JACQUES,48.831702,2.340883
3240,201900041594,138 227 989,A01,0,30,0,1,1,1,1,,20,7,2019,03:45,5,75,75113,2,4,1,6,QUAI DE LA GARE,48.837121,2.374068
3241,201900041595,138 227 988,A01,1,1,0,1,1,1,5,,18,7,2019,12:45,1,75,75111,2,2,1,6,RUE SEDAINE,48.856442,2.373506
3242,201900041596,138 227 986,B01,2,32,0,2,5,23,1,,18,7,2019,06:40,1,75,75111,2,4,1,2,AVENUE DE LA REPUBLIQUE,48.863289,2.384993
3243,201900041597,138 227 985,B01,2,1,0,2,1,1,5,,20,7,2019,15:20,1,75,75110,2,1,1,3,RUE JACQUES LOUVEL TESSIER,48.871588,2.371336
3244,201900041598,138 227 982,A01,2,30,0,2,5,14,3,,18,7,2019,18:30,1,75,75110,2,4,1,3,QUAI DE VALMY,48.88251,2.369245
3245,201900041598,138 227 983,B01,2,32,0,2,0,1,0,,18,7,2019,18:30,1,75,75110,2,4,1,3,QUAI DE VALMY,48.88251,2.369245
3246,201900041600,138 227 979,A01,2,31,0,2,8,1,1,,18,7,2019,23:25,5,75,75108,2,2,2,6,AVENUE DES CHAMPS ELYSEES,48.871921,2.300848
3247,201900041602,138 227 975,B01,3,50,0,2,1,19,3,,18,7,2019,22:40,3,75,75108,2,2,2,3,AVENUE DES CHAMPS ELYSEES,48.870078,2.306662
3248,201900041603,138 227 973,B01,2,30,0,2,3,15,1,,19,7,2019,17:55,1,75,75107,2,3,1,3,AVENUE BOSQUET,48.859831,2.303006
3249,201900041606,138 227 968,A01,1,30,0,2,2,15,1,,19,7,2019,14:30,1,75,75104,2,2,1,3,QUAI DES CELESTINS,48.853323,2.357845
3250,201900041606,138 227 969,B01,2,33,0,2,1,1,1,,19,7,2019,14:30,1,75,75104,2,2,1,3,QUAI DES CELESTINS,48.853323,2.357845
3251,201900041607,138 227 967,B01,2,1,0,2,3,1,5,,19,7,2019,09:15,1,75,75104,2,3,1,3,RUE GEOFFROY L ASNIER,48.854115,2.3558
3252,201900041608,138 227 965,B01,1,34,0,2,8,3,1,,16,7,2019,14:50,1,75,75101,2,2,1,6,RUE DE RIVOLI,48.859103,2.346401
3253,201900041868,138 227 475,B01,2,43,0,2,2,3,1,,9,12,2019,16:00,2,75,75116,2,1,1,6,BD PERIPHERIQUE EXTERIEUR,48.867412,2.269163
3254,201900041869,138 227 473,Z01,1,1,0,1,1,1,5,,10,12,2019,14:00,1,75,75120,2,1,1,6,RUE D AVRON,48.852998,2.407777
3255,201900041870,138 227 472,Z01,2,30,0,1,0,7,0,,26,11,2019,19:08,5,75,75120,2,3,8,6,RUE DE MENILMONTANT,48.8675513,2.385087
3256,201900042377,138 226 447,B01,1,43,0,2,4,2,1,,5,11,2019,10:00,1,75,75117,2,1,1,2,BD PERIPHERIQUE INTERIEUR,48.900558,2.32762
3257,201900042377,138 226 448,A01,1,33,0,2,1,2,1,,5,11,2019,10:00,1,75,75117,2,1,1,2,BD PERIPHERIQUE INTERIEUR,48.900558,2.32762
3258,201900042379,138 226 443,B01,2,31,0,2,4,3,1,,30,10,2019,18:05,2,75,75114,2,1,1,4,BD PERIPHERIQUE EXTERIEUR,48.8164595,2.3414779
3259,201900042380,138 226 441,B01,2,1,0,2,0,1,5,,5,11,2019,17:40,5,75,75118,2,1,1,3,BOULEVARD BARBES,48.8854128,2.3495246
3260,201900042381,138 226 439,A01,1,32,0,2,1,2,1,,5,11,2019,10:08,1,75,75117,2,1,1,2,BD PERIPHERIQUE INTERIEUR,48.900558,2.32762
3261,201900042382,138 226 436,A01,2,33,0,2,1,3,1,,5,11,2019,09:00,1,75,75114,2,1,1,2,BD PERIPHERIQUE EXTERIEUR,48.817721,2.333999
3262,201900042383,138 226 435,A01,1,1,0,1,1,1,5,,6,11,2019,15:10,1,75,75120,2,1,1,6,RUE DES COURONNES,48.872271,2.389356
3263,201900042384,138 226 434,A01,2,30,0,2,1,2,3,,6,11,2019,12:45,1,75,75120,2,1,1,2,RUE DES PYRENEES,48.8609426,2.4004713
3264,201900042385,138 226 432,B01,2,32,0,2,1,17,1,,6,11,2019,11:00,1,75,75119,2,1,1,3,RUE DE BELLEVILLE,48.8757775,2.4009533
3265,201900042388,138 226 427,B01,1,32,0,2,2,1,1,,5,11,2019,09:15,1,75,75117,2,4,1,3,BOULEVARD PERSHING,48.8817954,2.2852421
3266,201900042389,138 226 426,A01,1,43,0,1,3,18,1,,5,11,2019,08:58,1,75,75117,2,4,1,6,BOULEVARD BESSIERES,48.8952305,2.3161421
3267,201900042391,138 226 421,Z01,1,30,0,2,0,3,0,,6,11,2019,09:00,1,75,75116,2,4,1,4,BD PERIPHERIQUE INTERIEUR,48.8513454,2.2522831
3268,201900042391,138 226 422,C01,1,32,0,2,2,1,1,,6,11,2019,09:00,1,75,75116,2,4,1,4,BD PERIPHERIQUE INTERIEUR,48.8513454,2.2522831
3269,201900042391,138 226 424,A01,1,43,0,2,0,12,1,,6,11,2019,09:00,1,75,75116,2,4,1,4,BD PERIPHERIQUE INTERIEUR,48.8513454,2.2522831
3270,201900042393,138 226 418,B01,1,1,0,2,2,1,5,,5,11,2019,15:00,1,75,75114,2,1,1,3,RUE LEBOUIS,48.836451,2.32193
3271,201900042394,138 226 417,A01,2,1,0,1,0,1,5,,6,11,2019,18:05,5,75,75111,2,3,2,6,BOULEVARD VOLTAIRE,48.8610043,2.3748363
3272,201900042395,138 226 415,B01,2,30,0,2,8,1,3,,5,11,2019,12:07,1,75,75108,2,2,1,3,BOULEVARD DE COURCELLES,48.879146,2.3031592
3273,201900042396,138 226 413,A01,1,32,0,2,3,1,1,,31,10,2019,09:45,1,75,75107,2,3,1,3,QUAI D ORSAY,48.8626492,2.3190592
3274,201900042396,138 226 414,B01,1,33,0,2,6,15,1,,31,10,2019,09:45,1,75,75107,2,3,1,3,QUAI D ORSAY,48.8626492,2.3190592
3275,201900042397,138 226 411,A01,1,30,0,2,3,1,1,,5,11,2019,20:00,5,75,75111,2,3,1,3,BOULEVARD BEAUMARCHAIS,48.8585599,2.3678434
3276,201900042608,138 226 038,A01,1,33,0,2,4,1,1,,30,9,2019,17:30,1,75,75116,2,4,1,3,BD PERIPHERIQUE INTERIEUR,48.8750969,2.2766567
3277,201900042613,138 226 031,B01,0,32,0,2,8,1,1,,30,9,2019,07:10,2,75,75107,2,7,1,3,PLACE VAUBAN,48.853269,2.31303
3278,201900042616,138 226 025,B01,1,50,0,2,1,13,3,,29,9,2019,16:50,1,75,75105,2,7,2,3,BOULEVARD SAINT MICHEL,48.8473401,2.3408404
3279,201900042618,138 226 022,A01,2,30,0,2,8,18,1,,30,9,2019,14:45,1,75,75106,2,2,1,3,BOULEVARD RASPAIL,48.8450742,2.3287826
3280,201900042620,138 226 019,A01,2,32,0,1,1,1,1,,30,9,2019,09:20,1,75,75106,2,1,1,6,BOULEVARD DU MONTPARNASSE,48.8437208,2.3245871
3281,201900042622,138 226 016,A01,1,33,0,2,7,1,1,,30,9,2019,08:45,1,75,75116,2,3,1,3,AVENUE DE VERSAILLES,48.849685,2.276018
3282,201900042628,138 226 001,Z01,1,30,0,1,1,1,0,,30,9,2019,17:30,1,75,75113,2,1,1,6,RUE NEUVE TOLBIAC,48.83203,2.379393
3283,201900042630,138 225 999,A01,2,30,0,2,0,1,1,,30,9,2019,08:20,1,75,75113,2,2,1,3,RUE DES GRANDS MOULINS,48.828458,2.378712
3284,201900042632,138 225 989,Z01,1,1,0,1,1,1,5,,30,9,2019,19:00,2,75,75111,2,5,1,6,RUE DE MONTREUIL,48.8504732,2.384462
3285,201900042635,138 225 984,B01,2,30,0,2,3,17,1,,30,9,2019,16:40,1,75,75111,2,3,1,3,AVENUE LEDRU ROLLIN,48.852493,2.3768559
3286,201900042637,138 225 981,A01,2,1,0,2,1,1,5,,30,9,2019,11:15,1,75,75111,2,2,1,6,RUE SAINT MAUR,48.868439,2.374935
3287,201900042637,138 225 982,Z01,1,30,0,2,1,9,1,,30,9,2019,11:15,1,75,75111,2,2,1,6,RUE SAINT MAUR,48.868439,2.374935
3288,201900042645,138 225 971,A01,3,34,0,1,2,18,1,,30,9,2019,14:20,1,75,75101,2,2,1,6,PONT ROYAL,48.8606801,2.3306952
3289,201900042647,138 225 968,A01,1,30,0,1,8,1,1,,30,9,2019,14:10,1,75,75109,2,1,1,6,BOULEVARD DES CAPUCINES,48.870047,2.328729
3290,201900042822,138 225 607,B01,1,43,0,2,3,1,1,,14,1,2019,18:45,5,75,75114,2,1,1,3,PORTE DE CHATILLON,48.821752,2.317932
3291,201900042823,138 225 604,A01,1,31,0,2,1,2,1,,13,1,2019,22:50,5,75,75119,2,1,1,2,PORTE DES LILAS,48.881,2.403653
3292,201900042824,138 225 603,B01,1,34,0,2,1,3,1,,14,1,2019,07:40,1,75,75120,2,1,8,3,PORTE DE BAGNOLET,48.85993,2.413982
3293,201900042825,138 225 600,A01,1,80,0,2,1,1,3,,14,1,2019,17:00,5,75,75106,2,2,1,3,RUE DE BUCI,48.853146,2.335888
3294,201900042830,138 225 593,B01,2,32,0,2,1,2,1,,14,1,2019,16:20,1,75,75114,2,2,1,5,RUE D ALESIA,48.832737,2.311537
3295,201900042831,138 225 589,B01,3,32,0,2,1,1,1,,14,1,2019,17:42,5,75,75113,2,4,2,3,RUE DE LA POTERNE DES PEUPLIERS,48.81821,2.353375
3296,201900042832,138 225 587,A01,1,1,0,1,2,1,5,,14,1,2019,17:05,5,75,75113,2,2,1,6,AVENUE D ITALIE,48.826182,2.357273
3297,201900042833,138 225 586,B01,1,31,0,2,1,1,1,,14,1,2019,15:20,1,75,75112,2,2,1,3,AVENUE DAUMESNIL,48.8348864,2.4198712
3298,201900042842,138 225 569,A01,1,32,0,2,7,17,1,,14,1,2019,17:00,1,75,75110,2,1,1,5,AVENUE CLAUDE VELLEFAUX,48.876857,2.370299
3299,201900042843,138 225 568,A01,1,34,14,0,3,14,1,,13,1,2019,15:45,1,75,75104,2,3,1,6,RUE SAINT ANTOINE,48.85478,2.362413
3300,201900042914,138 225 440,B01,1,2,0,2,7,17,1,,29,9,2019,20:15,5,75,75119,2,2,2,3,RUE D AUBERVILLIERS,48.8987373,2.371126
3301,201900042916,138 225 438,A01,1,33,0,0,0,1,1,,29,9,2019,20:35,5,75,75116,2,7,2,7,PLACE DE VERDUN,48.8781723,2.2810256
3302,201900042924,138 225 422,B01,2,33,0,2,3,1,1,,29,9,2019,14:30,1,75,75103,2,2,2,3,BOULEVARD DES FILLES DU CALVAIRE,48.8624704,2.3668896
3303,201900042958,138 225 352,B01,2,33,0,0,4,12,1,,4,1,2019,22:15,3,75,75112,1,1,1,6,A4,48.828386,2.474913
3304,201900043528,138 224 321,B01,1,32,0,2,1,1,1,,9,12,2019,15:45,1,75,75116,2,2,2,3,AVENUE VICTOR HUGO,48.872981,2.293152
3305,201900043529,138 224 320,A01,2,31,0,2,3,18,1,,9,12,2019,06:30,5,75,75116,2,1,2,3,AVENUE FOCH,48.872493,2.283064
3306,201900043531,138 224 315,B01,1,1,0,2,4,2,5,,10,12,2019,09:20,1,75,75115,2,1,1,2,BOULEVARD VICTOR,48.8355172,2.2801791
3307,201900043531,138 224 316,A01,1,1,0,2,1,2,5,,10,12,2019,09:20,1,75,75115,2,1,1,2,BOULEVARD VICTOR,48.8355172,2.2801791
3308,201900043532,138 224 314,A01,1,50,15,0,7,19,3,,9,12,2019,15:15,1,75,75114,2,7,1,6,BOULEVARD BRUNE,48.8245351,2.3192533
3309,201900043533,138 224 313,A01,2,30,0,1,1,1,1,,9,12,2019,12:40,1,75,75110,2,3,2,6,RUE DE L AQUEDUC,48.8840443,2.3673228
3310,201900043534,138 224 312,A01,1,1,0,1,1,7,5,,10,12,2019,13:01,1,75,75109,2,1,1,6,RUE SAINT LAZARE,48.875867,2.329183
3311,201900043535,138 224 311,B01,1,32,0,2,4,23,1,,10,12,2019,21:30,5,75,75108,2,3,1,2,AVENUE DUTUIT,48.86708,2.316055
3312,201900043536,138 224 308,A01,1,33,0,2,1,1,1,,10,12,2019,19:15,5,75,75108,2,7,2,3,PLACE DE LA CONCORDE,48.8649441,2.3193693
3313,201900043536,138 224 309,B01,3,1,0,2,4,14,5,,10,12,2019,19:15,5,75,75108,2,7,2,3,PLACE DE LA CONCORDE,48.8649441,2.3193693
3314,201900043537,138 224 307,Z01,2,43,0,1,1,1,1,,10,12,2019,16:50,5,75,75108,2,1,1,6,AVENUE GEORGE V,48.86599,2.301363
3315,201900043538,138 224 305,A01,1,31,0,2,2,18,1,,10,12,2019,17:10,5,75,75107,2,3,1,3,QUAI D ORSAY,48.862377,2.30924
3316,201900043540,138 224 302,A01,1,33,0,2,5,1,1,,10,12,2019,08:50,1,75,75104,2,1,1,3,QUAI DE L HOTEL DE VILLE,48.853645,2.3569073
3317,201900043540,138 224 303,B01,1,1,0,2,6,15,5,,10,12,2019,08:50,1,75,75104,2,1,1,3,QUAI DE L HOTEL DE VILLE,48.853645,2.3569073
3318,201900044386,138 222 670,A01,2,30,1,0,3,14,1,,23,2,2019,21:40,5,75,75115,2,3,1,6,RUE LEBLANC,48.836389,2.280569
3319,201900044389,138 222 664,B01,2,1,0,2,2,1,5,,23,2,2019,17:50,1,75,75115,2,2,1,3,RUE DE LA CONVENTION,48.836755,2.29806
3320,201900044450,138 222 550,B01,2,32,0,2,8,16,1,,13,1,2019,02:40,5,75,75119,2,2,2,3,AVENUE DE FLANDRE,48.892437,2.378894