,Num_Acc,id_vehicule,num_veh,senc,catv,obs,obsm,choc,manv,motor,occutc,jour,mois,an,hrmn,lum,dep,com,agg,int,atm,col,adr,lat,long
3321,201900044451,138 222 548,B01,2,1,12,2,1,17,5,,13,1,2019,14:55,1,75,75118,2,3,1,6,RUE DAMREMONT,48.889304,2.333555
3322,201900044453,138 222 545,A01,1,2,0,2,1,1,1,,13,1,2019,16:30,1,75,75110,2,3,1,3,BOULEVARD DE STRASBOURG,48.870606,2.354967
3323,201900044454,138 222 543,A01,1,31,0,2,1,1,1,,13,1,2019,20:55,5,75,75108,2,3,2,3,AVENUE CESAR CAIRE,48.876164,2.319471
3324,201900044455,138 222 541,A01,2,30,0,1,1,18,1,,12,1,2019,21:30,5,75,75101,2,4,2,6,AVENUE DE L OPERA,48.866366,2.334155
3325,201900044712,138 222 037,B01,1,32,0,2,1,1,1,,27,9,2019,20:10,5,75,75118,2,3,1,3,AVENUE DE LA PORTE DE MONTMARTRE,48.9004966,2.3354923
3326,201900044713,138 222 034,A01,1,33,0,2,7,15,1,,27,9,2019,23:30,5,75,75117,2,5,1,3,AVENUE DE SAINT OUEN,48.893052,2.327446
3327,201900044713,138 222 035,B01,2,33,0,2,7,1,1,,27,9,2019,23:30,5,75,75117,2,5,1,3,AVENUE DE SAINT OUEN,48.893052,2.327446
3328,201900044714,138 222 032,B01,1,1,0,2,2,2,5,,28,9,2019,18:30,1,75,75116,2,1,1,2,VOIE GEORGES POMPIDOU,48.849273,2.276782
3329,201900044716,138 222 028,B01,1,1,0,2,1,2,5,,28,9,2019,12:57,1,75,75116,2,4,1,2,ROUTE DES TRIBUNES,48.863866,2.2366033
3330,201900044716,138 222 029,A01,1,1,0,2,4,2,5,,28,9,2019,12:57,1,75,75116,2,4,1,2,ROUTE DES TRIBUNES,48.863866,2.2366033
3331,201900044718,138 222 023,B01,2,32,0,2,4,23,1,,28,9,2019,02:45,5,75,75108,2,7,1,2,AVENUE DES CHAMPS ELYSEES,48.8675661,2.3146069
3332,201900044718,138 222 024,A01,2,30,0,2,3,2,1,,28,9,2019,02:45,5,75,75108,2,7,1,2,AVENUE DES CHAMPS ELYSEES,48.8675661,2.3146069
3333,201900044969,138 221 540,A01,2,32,0,0,2,1,1,,3,4,2019,01:09,5,75,75105,2,3,1,7,QUAI DE MONTEBELLO,48.851775,2.349557
3334,201900044970,138 221 538,Z01,1,2,1,1,0,1,1,,2,4,2019,12:21,1,75,75115,2,2,1,6,RUE BRANCION,48.832137,2.302973
3335,201900044970,138 221 539,A01,1,1,0,2,0,1,5,,2,4,2019,12:21,1,75,75115,2,2,1,6,RUE BRANCION,48.832137,2.302973
3336,201900044972,138 221 535,B01,1,1,0,2,1,1,5,,3,4,2019,09:00,1,75,75119,2,1,1,3,BOULEVARD DE LA VILLETTE,48.875973,2.372661
3337,201900044974,138 221 531,B01,2,50,0,2,2,1,3,,3,4,2019,15:30,1,75,75115,2,1,1,3,RUE DE LA CONVENTION,48.840213,2.28986
3338,201900044975,138 221 529,A01,1,33,0,2,1,17,1,,3,4,2019,00:03,5,75,75115,2,2,8,2,QUAI DE GRENELLE,48.850843,2.283687
3339,201900044976,138 221 526,B01,1,50,0,2,1,13,3,,3,4,2019,18:20,1,75,75113,2,1,1,1,QUAI PANHARD ET LEVASSOR,48.827782,2.385272
3340,201900044976,138 221 527,A01,2,1,0,2,1,13,5,,3,4,2019,18:20,1,75,75113,2,1,1,1,QUAI PANHARD ET LEVASSOR,48.827782,2.385272
3341,201900044977,138 221 525,A01,3,34,0,0,2,21,1,,3,4,2019,20:50,5,75,75112,2,1,1,7,SOUTERRAIN QUAI DE LA RAPEE,48.84335,2.370299
3342,201900044979,138 221 522,B01,2,1,0,2,1,1,5,,2,4,2019,13:40,1,75,75112,2,1,1,4,RUE DE BERCY,48.844078,2.372827
3343,201900044982,138 221 515,B01,1,32,0,2,7,5,1,,3,4,2019,09:22,1,75,75117,2,1,1,3,BOULEVARD DE COURCELLES,48.880756,2.310772
3344,201900044983,138 221 514,A01,2,30,11,0,1,1,1,,3,4,2019,22:25,5,75,75103,2,1,2,6,BOULEVARD SAINT MARTIN,48.868342,2.359709
3345,201900045139,138 221 217,A01,1,33,0,2,8,3,1,,2,4,2019,19:00,2,75,75120,2,1,2,6,PORTE DES LILAS,48.875556,2.409953
3346,201900045140,138 221 212,A01,2,30,0,0,0,17,1,,2,4,2019,12:40,1,75,75119,2,1,1,7,PLACE DE LA BATAILLE DE STALINGRAD,48.883273,2.369382
3347,201900045141,138 221 211,B01,1,32,0,2,8,1,1,,2,4,2019,19:38,1,75,75118,2,2,2,3,BOULEVARD DE CLICHY,48.884661,2.329524
3348,201900045142,138 221 209,B01,2,32,0,2,6,12,1,,1,4,2019,22:35,5,75,75118,2,1,1,6,RUE DE LA CHAPELLE,48.891396,2.359866
3349,201900045144,138 221 205,A01,1,32,0,2,0,21,1,,1,4,2019,22:00,5,75,75117,2,3,1,7,AVENUE DE CLICHY,48.894083,2.314131
3350,201900045145,138 221 203,B01,1,30,0,2,8,1,1,,1,4,2019,10:45,1,75,75117,2,2,1,3,AVENUE DE VILLIERS,48.883296,2.307264
3351,201900045148,138 221 200,A01,1,32,0,2,1,1,1,,2,4,2019,09:30,1,75,75111,2,2,2,3,RUE MORAND,48.868841,2.376311
3352,201900045244,138 221 002,B01,1,33,0,2,1,17,1,,17,7,2019,12:09,1,75,75106,2,3,1,3,QUAI DE CONTI,48.857165,2.3386183
3353,201900045245,138 221 000,B01,2,2,0,2,4,15,3,,16,7,2019,21:20,5,75,75120,2,4,1,2,RUE DES PYRENEES,48.871087,2.39304
3354,201900045245,138 221 001,A01,2,43,0,2,1,1,1,,16,7,2019,21:20,5,75,75120,2,4,1,2,RUE DES PYRENEES,48.871087,2.39304
3355,201900045246,138 220 998,B01,1,34,0,2,3,1,1,,17,7,2019,17:25,1,75,75118,2,2,1,3,RUE HERMEL,48.891704,2.344605
3356,201900045246,138 220 999,A01,1,33,0,2,2,1,1,,17,7,2019,17:25,1,75,75118,2,2,1,3,RUE HERMEL,48.891704,2.344605
3357,201900045247,138 220 996,A01,2,33,0,2,8,1,1,,17,7,2019,08:50,1,75,75118,2,6,1,6,RUE DE LA CHAPELLE,48.895505,2.359321
3358,201900045247,138 220 997,Z01,2,30,0,2,7,12,0,,17,7,2019,08:50,1,75,75118,2,6,1,6,RUE DE LA CHAPELLE,48.895505,2.359321
3359,201900045248,138 220 995,A01,3,34,0,2,8,1,1,,17,7,2019,09:45,1,75,75117,2,7,1,3,PLACE CHARLES DE GAULLE,48.874293,2.29456
3360,201900045249,138 220 992,B01,1,2,0,2,1,1,1,,16,7,2019,23:45,5,75,75115,2,2,1,3,RUE MARMONTEL,48.83719,2.300161
3361,201900045250,138 220 991,A01,2,1,0,1,1,1,5,,16,7,2019,18:55,1,75,75115,2,2,1,6,BOULEVARD PASTEUR,48.840641,2.314982
3362,201900045251,138 220 989,A01,1,50,0,2,3,19,3,,17,7,2019,08:15,1,75,75113,2,1,1,3,RUE NEUVE TOLBIAC,48.831772,2.378899
3363,201900045251,138 220 990,B01,1,2,0,2,2,17,3,,17,7,2019,08:15,1,75,75113,2,1,1,3,RUE NEUVE TOLBIAC,48.831772,2.378899
3364,201900045253,138 220 986,B01,2,33,0,2,3,1,1,,17,7,2019,19:00,1,75,75108,2,3,1,3,BOULEVARD DE COURCELLES,48.878613,2.30063
3365,201900045254,138 220 985,A01,1,30,0,1,8,1,3,,17,7,2019,09:45,1,75,75108,2,2,1,6,RUE DE LA BIENFAISANCE,48.876631,2.317716
3366,201900045255,138 220 983,B01,2,34,0,2,4,1,1,,17,7,2019,08:30,1,75,75108,2,3,1,2,AVENUE DE FRIEDLAND,48.874234,2.299563
3367,201900045255,138 220 984,A01,2,43,0,2,1,2,1,,17,7,2019,08:30,1,75,75108,2,3,1,2,AVENUE DE FRIEDLAND,48.874234,2.299563
3368,201900045256,138 220 981,A01,2,33,0,2,8,1,1,,17,7,2019,00:10,5,75,75101,2,4,1,6,RUE ETIENNE MARCEL,48.863862,2.349042
3369,201900045256,138 220 982,Z01,1,30,0,2,0,10,0,,17,7,2019,00:10,5,75,75101,2,4,1,6,RUE ETIENNE MARCEL,48.863862,2.349042
3370,201900045257,138 220 980,A01,0,2,1,0,2,14,3,,17,7,2019,07:30,1,75,75101,2,2,1,6,RUE ETIENNE MARCEL,48.8652851,2.343082
3371,201900045258,138 220 979,A01,2,32,0,2,4,13,1,,15,7,2019,09:40,1,75,75103,2,1,1,6,BOULEVARD DU TEMPLE,48.86426,2.366009
3372,201900045336,138 220 844,B01,2,33,0,2,1,1,1,,8,12,2019,18:10,5,75,75119,2,1,1,3,BD PERIPHERIQUE EXTERIEUR,48.890958,2.396033
3373,201900045339,138 220 837,A01,2,32,0,1,2,1,1,,9,12,2019,10:55,1,75,75106,2,1,8,6,RUE DE RENNES,48.846,2.325945
3374,201900045342,138 220 834,B01,2,1,0,2,1,1,5,,9,12,2019,14:20,1,75,75119,2,1,2,3,RUE AUGUSTIN THIERRY,48.8761248,2.3937154
3375,201900045343,138 220 832,A01,1,31,1,0,1,14,1,,9,12,2019,20:30,5,75,75118,2,3,1,6,BOULEVARD DE CLICHY,48.883292,2.334726
3376,201900045345,138 220 828,A01,1,33,0,2,2,1,1,,9,12,2019,16:00,1,75,75117,2,1,1,5,BOULEVARD DE COURCELLES,48.88057,2.310333
3377,201900045346,138 220 824,A01,1,30,0,2,1,2,3,,9,12,2019,10:20,1,75,75116,2,7,2,2,AVENUE KLEBER,48.863402,2.2874951
3378,201900045347,138 220 822,A01,2,30,0,2,1,17,1,,9,12,2019,11:15,1,75,75115,2,1,2,3,RUE DE LA CROIX NIVERT,48.847074,2.300354
3379,201900045349,138 220 819,A01,1,30,0,2,7,1,1,,8,12,2019,19:45,5,75,75115,2,7,2,3,RUE SAINT CHARLES,48.8421588,2.2816454
3380,201900045350,138 220 818,A01,1,1,0,2,1,25,5,,9,12,2019,14:10,1,75,75114,2,1,1,3,RUE DE L ABBE CARTON,48.8281134,2.3197944
3381,201900045351,138 220 816,B01,2,1,0,2,1,1,5,,9,12,2019,08:10,2,75,75114,2,4,3,3,RUE DU PERE CORENTIN,48.824105,2.32776
3382,201900045352,138 220 814,A01,2,32,0,2,1,17,1,,9,12,2019,07:20,5,75,75114,2,2,3,3,RUE D ALESIA,48.831813,2.314156
3383,201900045353,138 220 812,A01,3,32,0,2,2,1,1,,9,12,2019,07:57,5,75,75113,2,7,3,3,PLACE D ITALIE,48.8309916,2.3557895
3384,201900045354,138 220 809,A01,1,34,0,2,3,18,1,,8,12,2019,23:00,5,75,75113,2,1,1,3,BOULEVARD VINCENT AURIOL,48.835529,2.369378
3385,201900045356,138 220 807,A01,1,1,0,2,2,2,5,,9,12,2019,12:50,1,75,75109,2,1,1,6,BOULEVARD DE CLICHY,48.883449,2.3333313
3386,201900045357,138 220 805,A01,3,50,0,0,8,25,3,,9,12,2019,10:04,1,75,75108,2,7,2,7,AVENUE FRANKLIN D ROOSEVELT,48.868281,2.310162
3387,201900045359,138 220 803,A01,1,1,0,1,7,1,5,,9,12,2019,17:05,5,75,75104,2,3,1,6,RUE DE RIVOLI,48.858234,2.349077
3388,201900045483,138 220 561,A01,1,31,0,2,1,2,1,,8,12,2019,01:45,5,75,75112,2,1,1,4,QUAI DE BERCY,48.834341,2.381287
3389,201900045486,138 220 557,A01,0,30,0,2,1,1,1,,8,12,2019,14:30,1,75,75119,2,2,1,3,RUE SIGMUND FREUD,48.881975,2.402508
3390,201900045487,138 220 556,A01,2,33,0,2,7,1,1,,8,12,2019,10:50,1,75,75119,2,2,2,6,AVENUE JEAN JAURES,48.8878466,2.3892546
3391,201900045488,138 220 554,B01,1,1,0,2,8,1,5,,7,12,2019,23:55,5,75,75119,2,2,1,3,AVENUE DE FLANDRE,48.890624,2.37685
3392,201900045489,138 220 551,A01,1,32,0,2,1,17,1,,8,12,2019,19:30,5,75,75117,2,3,1,3,RUE DE ROME,48.884655,2.317863
3393,201900045490,138 220 549,A01,2,80,0,2,1,5,2,,8,12,2019,22:02,5,75,75116,2,2,1,3,RUE JEAN DE LA FONTAINE,48.851109,2.272322
3394,201900045494,138 220 541,Z01,1,30,0,2,1,1,0,,8,12,2019,02:15,5,75,75110,2,7,1,6,PLACE DE LA BATAILLE DE STALINGRAD,48.883861,2.368594
3395,201900045495,138 220 540,A01,1,33,0,0,0,1,1,,7,12,2019,17:00,5,75,75109,2,1,1,7,RUE NOTRE DAME DE LORETTE,48.877259,2.33869
3396,201900045496,138 220 539,A01,1,30,0,2,3,18,1,,8,12,2019,20:11,5,75,75117,2,2,1,3,BOULEVARD MALESHERBES,48.880852,2.312544
3397,201900045497,138 220 536,B01,2,1,0,2,1,7,5,,7,12,2019,12:44,1,75,75108,2,4,1,3,AVENUE MONTAIGNE,48.8677213,2.3076868
3398,201900045499,138 220 533,B01,1,1,0,2,4,2,5,,8,12,2019,19:45,5,75,75107,2,1,1,2,PLACE JOFFRE,48.8527256,2.3031753
3399,201900045499,138 220 534,A01,1,30,0,2,1,2,1,,8,12,2019,19:45,5,75,75107,2,1,1,2,PLACE JOFFRE,48.8527256,2.3031753
3400,201900045500,138 220 532,B01,1,33,0,2,7,1,1,,7,12,2019,14:30,1,75,75107,2,4,1,3,AVENUE DE LA BOURDONNAIS,48.855813,2.303035
3401,201900045501,138 220 530,A01,1,1,0,0,0,1,5,,8,12,2019,21:45,5,75,75103,2,7,2,7,RUE DU PAS DE LA MULE,48.856058,2.366615
3402,201900045502,138 220 529,A01,1,32,0,2,5,2,1,,8,12,2019,00:50,3,75,75101,2,2,1,2,QUAI FRANCOIS MITTERRAND,48.860113,2.33335
3403,201900045850,138 219 834,A01,1,43,0,2,2,17,1,,24,2,2019,14:00,1,75,75110,2,2,1,3,RUE LEON JOUHAUX,48.869141,2.364388
3404,201900046034,138 219 500,B01,1,33,0,2,3,3,1,,4,11,2019,18:30,5,75,75120,2,1,1,3,BD PERIPHERIQUE INTERIEUR,48.8763622,2.4094555
3405,201900046034,138 219 501,A01,1,33,0,2,2,12,1,,4,11,2019,18:30,5,75,75120,2,1,1,3,BD PERIPHERIQUE INTERIEUR,48.8763622,2.4094555
3406,201900046035,138 219 498,B01,2,33,0,2,8,3,1,,18,5,2019,17:15,1,75,75116,2,1,1,4,BOULEVARD PERIPHERIQUE,48.875228,2.276512
3407,201900046036,138 219 496,B01,1,33,0,2,1,1,1,,5,11,2019,14:16,1,75,75112,2,1,1,3,RUE DE CHARENTON,48.834264,2.393926
3408,201900046039,138 219 491,B01,2,32,0,2,7,9,1,,5,11,2019,16:15,1,75,75117,2,1,1,3,RUE DE TOCQUEVILLE,48.888499,2.306226
3409,201900046041,138 219 488,B01,1,30,0,2,1,1,1,,5,11,2019,12:35,1,75,75107,2,1,8,3,AVENUE DE LA MOTTE PICQUET,48.8548434,2.3063752
3410,201900046043,138 219 481,A01,2,33,0,2,1,2,1,,5,11,2019,18:10,5,75,75110,2,3,1,2,RUE DU FAUBOURG SAINT MARTIN,48.871076,2.35682
3411,201900046045,138 219 479,B01,1,33,0,2,7,23,1,,5,11,2019,14:55,1,75,75108,2,7,1,2,PLACE CHARLES DE GAULLE,48.8732681,2.2955847
3412,201900046046,138 219 477,B01,1,50,0,2,7,1,3,,5,11,2019,22:50,5,75,75107,2,3,1,3,PONT DE LA CONCORDE,48.862599,2.3190222
3413,201900046048,138 219 474,B01,1,30,0,2,8,1,1,,5,11,2019,09:55,1,75,75101,2,1,8,3,BOULEVARD DU PALAIS,48.854985,2.345495
3414,201900046146,138 219 284,B01,2,32,0,2,8,3,1,,5,11,2019,09:40,4,75,75112,1,1,2,3,A86 EXT,48.8186599,2.4567425
3415,201900046159,138 219 252,B01,2,33,0,2,1,3,1,,30,10,2019,09:20,1,75,75118,2,1,1,3,BD PERIPHERIQUE EXTERIEUR,48.900892,2.3654454
3416,201900046160,138 219 250,A01,1,31,0,2,5,16,1,,1,11,2019,20:30,5,75,75119,2,4,2,3,BD PERIPHERIQUE EXTERIEUR,48.9003367,2.3771827
3417,201900046161,138 219 247,A01,2,43,0,2,8,3,1,,31,10,2019,15:50,1,75,75115,2,1,1,3,BD PERIPHERIQUE EXTERIEUR,48.827241,2.293135
3418,201900046164,138 219 241,A01,2,32,0,1,3,1,1,,4,11,2019,16:00,1,75,75105,2,1,2,6,BOULEVARD DE L HOPITAL,48.8426332,2.3637658
3419,201900046166,138 219 239,B01,2,32,0,2,2,17,1,,4,11,2019,11:10,1,75,75106,2,1,2,3,RUE DE RENNES,48.8495963,2.3293027
3420,201900046168,138 219 236,A01,1,1,0,0,7,21,5,,4,11,2019,10:00,1,75,75106,2,2,1,7,BOULEVARD SAINT GERMAIN,48.8527125,2.3377536
3421,201900046169,138 219 235,A01,1,33,0,2,4,2,1,,4,11,2019,18:05,5,75,75120,2,3,1,6,RUE VICTOR LETALLE,48.8675477,2.3850723
3422,201900046171,138 219 232,A01,2,32,0,1,1,1,1,,4,11,2019,17:50,5,75,75117,2,1,1,6,AVENUE DE VILLIERS,48.884337,2.301984
3423,201900046172,138 219 231,B01,1,33,0,2,3,1,1,,4,11,2019,00:14,5,75,75116,2,4,1,3,VOIE GEORGES POMPIDOU,48.854458,2.2837603
3424,201900046173,138 219 229,A01,1,31,0,2,1,1,1,,2,11,2019,03:45,5,75,75116,2,2,2,3,ALLEE DE LONGCHAMP,48.86766,2.250891
3425,201900046174,138 219 226,A01,1,34,0,2,1,17,1,,4,11,2019,10:00,1,75,75115,2,6,7,3,BOULEVARD PASTEUR,48.8406038,2.3150068
3426,201900046175,138 219 225,B01,1,1,0,2,8,1,5,,31,10,2019,16:15,1,75,75115,2,2,7,3,RUE DE LA CONVENTION,48.8411159,2.2878709
3427,201900046176,138 219 222,A01,1,1,0,2,1,15,5,,4,11,2019,12:10,1,75,75114,2,1,1,3,BOULEVARD ARAGO,48.8344667,2.333839
3428,201900046177,138 219 221,A01,2,32,0,1,8,1,1,,4,11,2019,18:45,5,75,75112,2,1,8,6,RUE DE WATTIGNIES,48.8356868,2.3968473
3429,201900046179,138 219 219,A01,1,32,0,1,1,3,1,,4,11,2019,12:20,1,75,75111,2,3,1,6,BOULEVARD RICHARD LENOIR,48.8648727,2.3706665
3430,201900046180,138 219 218,A01,2,30,0,2,5,1,1,,4,11,2019,05:57,5,75,75109,2,5,2,3,BOULEVARD DES CAPUCINES,48.869906,2.3280135
3431,201900046181,138 219 216,A01,2,30,0,2,1,1,1,,4,11,2019,19:40,5,75,75117,2,3,1,6,RUE DE COURCELLES,48.8811715,2.315322
3432,201900046183,138 219 213,B01,2,30,0,2,8,1,3,,4,11,2019,13:20,1,75,75107,2,2,1,3,QUAI D ORSAY,48.8628233,2.3134575
3433,201900046184,138 219 211,B01,2,30,0,2,3,15,1,,4,11,2019,22:35,3,75,75103,2,7,1,3,PLACE DE LA REPUBLIQUE,48.8679472,2.3623717
3434,201900046186,138 219 208,A01,1,33,14,0,3,16,1,,4,11,2019,19:15,5,75,75101,2,3,1,6,RUE DE RIVOLI,48.8660294,2.3250475
3435,201900046509,138 218 570,A01,1,2,0,2,1,15,1,,25,9,2019,06:56,2,75,75118,2,1,2,1,RUE DE L EVANGILE,48.8936144,2.3643595
3436,201900046511,138 218 568,A01,3,30,0,2,1,25,1,,27,9,2019,16:30,1,75,75120,2,1,2,3,BOULEVARD MORTIER,48.874013,2.408326
3437,201900046512,138 218 565,A01,1,33,0,2,1,1,1,,27,9,2019,18:00,1,75,75117,2,2,2,3,PLACE DU BRESIL,48.884246,2.302666
3438,201900046513,138 218 564,A01,2,32,0,1,8,1,1,,27,9,2019,14:00,1,75,75116,2,5,1,6,AVENUE VICTOR HUGO,48.8678483,2.2810686
3439,201900046514,138 218 563,B01,1,1,0,2,4,1,5,,27,9,2019,13:00,1,75,75116,2,7,2,3,PLACE DU TROCADERO ET DU 11 NOVEMBRE,48.8625224,2.2872586
3440,201900046515,138 218 561,A01,2,43,0,2,2,14,1,,27,9,2019,00:40,5,75,75114,2,2,2,3,BOULEVARD ROMAIN ROLLAND,48.8198588,2.3255052
3441,201900046516,138 218 559,B01,2,1,0,2,8,7,5,,26,9,2019,09:15,1,75,75114,2,3,8,3,BOULEVARD RASPAIL,48.8387025,2.330837
3442,201900046518,138 218 556,A01,1,30,0,0,7,1,1,,27,9,2019,00:05,5,75,75113,2,3,3,7,QUAI FRANCOIS MAURIAC,48.8356823,2.3753723
3443,201900046519,138 218 555,A01,2,1,0,1,1,1,5,,27,9,2019,12:35,1,75,75112,2,3,1,6,BOULEVARD PONIATOWSKI,48.832564,2.400133
3444,201900046520,138 218 553,B01,1,33,0,2,0,23,1,,26,9,2019,10:10,1,75,75112,2,3,8,2,BOULEVARD PONIATOWSKI,48.8292489,2.3903755
3445,201900046521,138 218 552,B01,1,32,0,2,2,1,1,,27,9,2019,16:40,1,75,75110,2,3,1,3,RUE DU FAUBOURG SAINT MARTIN,48.880388,2.364325
3446,201900046524,138 218 548,B01,1,32,0,2,3,1,1,,27,9,2019,10:40,1,75,75103,2,1,1,3,BOULEVARD SAINT MARTIN,48.8685675,2.358218
3447,201900046525,138 218 546,A01,2,34,0,0,7,1,1,,26,9,2019,11:45,1,75,75104,2,1,8,7,BOULEVARD BOURDON,48.847944,2.365922
3448,201900046526,138 218 544,A01,1,1,0,2,0,1,5,,26,9,2019,12:35,1,75,75103,2,3,8,6,RUE CHARLOT,48.8640351,2.3639198
3449,201900046526,138 218 545,Z01,1,1,0,2,0,16,5,,26,9,2019,12:35,1,75,75103,2,3,8,6,RUE CHARLOT,48.8640351,2.3639198
3450,201900046633,138 218 313,A01,0,32,0,0,7,1,1,,25,8,2019,04:35,5,75,75106,2,3,1,7,RUE SAINT SULPICE,48.851324,2.33533
3451,201900046636,138 218 310,A01,2,1,0,2,1,1,5,,25,8,2019,06:29,2,75,75108,2,7,1,3,PLACE DE LA CONCORDE,48.8665992,2.3220152
3452,201900046637,138 218 308,A01,2,30,0,2,1,5,1,,25,8,2019,06:40,2,75,75107,2,2,1,3,BOULEVARD SAINT GERMAIN,48.8585109,2.3231145
3453,201900046638,138 218 306,A01,1,1,0,2,0,1,5,,25,8,2019,06:10,2,75,75107,2,7,1,3,PLACE DE LA RESISTANCE,48.862435,2.301601
3454,201900046745,138 218 123,A01,2,32,0,2,1,1,1,,2,4,2019,02:35,5,75,75109,2,2,1,3,RUE DE CHATEAUDUN,48.876088,2.337119
3455,201900046747,138 218 120,A01,2,30,0,2,7,18,1,,2,4,2019,14:10,1,75,75108,2,4,1,3,BOULEVARD DES BATIGNOLLES,48.882975,2.325446
3456,201900046748,138 218 117,B01,1,32,0,2,8,1,1,,2,4,2019,08:45,1,75,75103,2,7,2,3,PLACE DE LA REPUBLIQUE,48.867345,2.363378
3457,201900046923,138 217 785,B01,1,33,0,2,1,2,1,,1,4,2019,08:00,2,75,75116,2,1,1,2,PORTE DE SAINT CLOUD,48.838751,2.254359
3458,201900046923,138 217 786,A01,1,33,0,2,7,2,1,,1,4,2019,08:00,2,75,75116,2,1,1,2,PORTE DE SAINT CLOUD,48.838751,2.254359
3459,201900046924,138 217 783,A01,2,42,0,2,2,3,1,,1,4,2019,07:50,1,75,75119,2,4,1,3,PORTE DE LA VILLETTE,48.90035,2.380428
3460,201900046924,138 217 784,B01,2,33,0,2,3,11,1,,1,4,2019,07:50,1,75,75119,2,4,1,3,PORTE DE LA VILLETTE,48.90035,2.380428
3461,201900046925,138 217 782,B01,2,32,0,2,3,9,1,,31,3,2019,20:40,5,75,75114,2,4,1,3,PORTE D ORLEANS,48.820808,2.32172
3462,201900047030,138 217 581,A01,2,43,4,0,7,1,1,,16,7,2019,21:55,2,75,75120,2,1,1,6,ECHANGEUR BAGNOLET,48.8617127,2.4140524
3463,201900047031,138 217 579,B01,2,43,0,2,4,3,1,,16,7,2019,17:10,1,75,75115,2,1,1,5,PORTE DE SEVRES,48.835195,2.272085
3464,201900047031,138 217 580,A01,2,43,0,2,1,3,1,,16,7,2019,17:10,1,75,75115,2,1,1,5,PORTE DE SEVRES,48.835195,2.272085
3465,201900047033,138 217 575,A01,3,30,12,0,2,16,1,,16,7,2019,02:25,5,75,75119,2,3,1,6,RUE DE LA CLOTURE,48.897309,2.392596
3466,201900047034,138 217 574,A01,1,43,1,2,1,17,1,,15,7,2019,00:45,3,75,75116,2,1,1,3,ALLEE DE LONGCHAMP,48.875845,2.273635
3467,201900047035,138 217 572,B01,1,34,0,2,1,1,1,,16,7,2019,12:20,1,75,75107,2,2,1,3,AVENUE DE SUFFREN,48.854711,2.295374
3468,201900047036,138 217 570,B01,2,1,0,2,1,1,5,,16,7,2019,12:10,1,75,75115,2,2,1,6,RUE DE LA CROIX NIVERT,48.838598,2.289431
3469,201900047037,138 217 568,B01,2,1,0,2,2,1,5,,16,7,2019,16:00,1,75,75113,2,1,1,6,BOULEVARD DE L HOPITAL,48.836998,2.359606
3470,201900047038,138 217 565,A01,2,50,0,2,2,17,3,,16,7,2019,18:45,1,75,75109,2,2,1,3,RUE DU FAUBOURG POISSONNIERE,48.874018,2.347914
3471,201900047040,138 217 562,A01,3,43,0,2,1,1,1,,16,7,2019,22:20,5,75,75108,2,7,1,3,PLACE CHARLES DE GAULLE,48.873837,2.295902
3472,201900047233,138 217 219,A01,2,43,11,0,1,14,1,,7,12,2019,07:05,5,75,75107,2,2,1,6,QUAI VOLTAIRE,48.8595552,2.3292947
3473,201900047235,138 217 217,B01,2,1,0,2,1,7,5,,7,12,2019,04:25,5,75,75120,2,3,1,3,RUE DE MENILMONTANT,48.86793,2.386616
3474,201900047236,138 217 215,A01,2,1,0,1,2,1,5,,7,12,2019,16:15,1,75,75116,2,1,1,6,AVENUE DE NEW YORK,48.862554,2.293899
3475,201900047237,138 217 213,B01,1,60,0,2,7,19,5,,6,12,2019,13:00,1,75,75116,2,1,2,3,BOULEVARD D AUTEUIL,48.8454713,2.2529635
3476,201900047241,138 217 207,A01,2,50,0,2,8,19,3,,7,12,2019,06:20,5,75,75114,2,2,8,6,AVENUE DE MAZAGRAN,48.815606,2.3443389
3477,201900047242,138 217 204,A01,1,1,0,2,0,1,5,,7,12,2019,15:10,1,75,75112,2,1,1,6,ROUTE DE LA PYRAMIDE,48.839478,2.437549
3478,201900047242,138 217 206,B01,1,1,0,2,0,1,5,,7,12,2019,15:10,1,75,75112,2,1,1,6,ROUTE DE LA PYRAMIDE,48.839478,2.437549
3479,201900047243,138 217 202,B01,1,1,0,2,6,2,5,,7,12,2019,16:30,1,75,75111,2,1,8,2,RUE DU FAUBOURG SAINT ANTOINE,48.849875,2.386061
3480,201900047243,138 217 203,A01,1,30,0,2,1,2,1,,7,12,2019,16:30,1,75,75111,2,1,8,2,RUE DU FAUBOURG SAINT ANTOINE,48.849875,2.386061
3481,201900047244,138 217 201,A01,2,32,1,0,1,14,1,,7,12,2019,01:50,5,75,75111,2,1,2,6,BOULEVARD VOLTAIRE,48.8590001,2.3781149
3482,201900047245,138 217 200,A01,1,30,0,2,1,9,1,,7,12,2019,00:54,5,75,75115,2,1,2,3,RUE EUGENE GIBEZ,48.835457,2.295472
3483,201900047246,138 217 198,A01,1,1,0,0,0,16,5,,7,12,2019,09:35,1,75,75104,2,2,2,7,RUE SAINT MERRI,48.859021,2.353719
3484,201900047247,138 217 196,B01,1,50,0,2,1,1,3,,7,12,2019,15:30,1,75,75103,2,1,1,3,RUE DU GRENIER SAINT LAZARE,48.863022,2.353235
3485,201900047700,138 216 339,B01,1,34,0,2,3,3,1,,22,2,2019,09:45,1,75,75116,2,1,1,3,PORTE DAUPHINE,48.870483,2.272529