,Num_Acc,id_vehicule,num_veh,senc,catv,obs,obsm,choc,manv,motor,occutc,jour,mois,an,hrmn,lum,dep,com,agg,int,atm,col,adr,lat,long
3486,201900047701,138 216 338,B01,1,32,0,2,1,1,1,,21,2,2019,17:45,1,75,75116,2,1,1,3,ECHANGEUR MUETTE,48.8657,2.268245
3487,201900047703,138 216 334,B01,2,32,0,2,4,2,1,,21,2,2019,14:30,1,75,75116,2,1,1,2,PORTE DE PASSY,48.85596,2.256586
3488,201900047705,138 216 330,A01,1,43,0,2,1,3,1,,21,2,2019,08:40,1,75,75115,2,1,1,3,PORTE DE VERSAILLES,48.827343,2.293198
3489,201900047705,138 216 331,B01,1,32,0,2,6,11,1,,21,2,2019,08:40,1,75,75115,2,1,1,3,PORTE DE VERSAILLES,48.827343,2.293198
3490,201900047706,138 216 329,A01,1,2,7,0,1,1,1,,22,2,2019,05:11,5,75,75107,2,2,1,6,AVENUE DU MARECHAL GALLIENI,48.859952,2.313099
3491,201900047708,138 216 327,A01,1,33,0,1,1,1,1,,21,2,2019,11:27,1,75,75113,2,3,1,6,AVENUE D ITALIE,48.827433,2.356874
3492,201900047710,138 216 325,A01,2,30,0,1,1,1,3,,22,2,2019,12:03,1,75,75105,2,1,1,6,BOULEVARD SAINT MARCEL,48.83907,2.358882
3493,201900047711,138 216 324,B01,2,2,0,2,1,1,1,,21,2,2019,10:05,1,75,75119,2,2,1,1,RUE DE BELLEVILLE,48.875463,2.397919
3494,201900047712,138 216 322,A01,1,30,0,0,2,1,1,,21,2,2019,09:10,1,75,75119,2,1,1,7,AVENUE JEAN JAURES,48.883838,2.37425
3495,201900047714,138 216 316,Z01,1,32,0,2,1,1,1,,22,2,2019,00:50,5,75,75118,2,2,1,6,RUE DU MONT CENIS,48.894334,2.345379
3496,201900047714,138 216 317,A01,1,1,0,2,4,1,5,,22,2,2019,00:50,5,75,75118,2,2,1,6,RUE DU MONT CENIS,48.894334,2.345379
3497,201900047715,138 216 314,B01,1,60,0,2,0,19,5,,23,2,2019,19:00,5,75,75117,2,1,1,3,AVENUE DE LA PORTE D ASNIERES,48.891167,2.302562
3498,201900047716,138 216 312,A01,1,33,0,2,1,1,1,,22,2,2019,18:05,2,75,75117,2,1,1,3,AVENUE DES TERNES,48.878192,2.296221
3499,201900047717,138 216 310,B01,2,34,0,2,8,1,1,,22,2,2019,09:50,1,75,75117,2,3,1,3,BOULEVARD GOUVION SAINT CYR,48.883473,2.288131
3500,201900047718,138 216 308,A01,1,30,0,2,2,1,1,,22,2,2019,08:25,1,75,75117,2,1,1,2,AVENUE DE LA PORTE DE CHAMPERRET,48.88626,2.286863
3501,201900047719,138 216 307,B01,2,31,0,2,4,23,1,,20,2,2019,20:40,5,75,75117,2,1,1,2,AVENUE DE VILLIERS,48.884008,2.303875
3502,201900047720,138 216 304,B01,1,80,0,2,8,13,3,,21,2,2019,09:55,1,75,75116,2,1,1,3,BOULEVARD LANNES,48.866601,2.271583
3503,201900047721,138 216 303,A01,2,33,14,0,0,1,1,,21,2,2019,08:10,2,75,75116,2,1,1,6,ALLEE DE LONGCHAMP,48.873167,2.266188
3504,201900047724,138 216 299,A01,1,34,0,2,2,17,1,,20,2,2019,08:30,1,75,75116,2,2,1,3,BOULEVARD MURAT,48.837101,2.260167
3505,201900047725,138 216 298,B01,1,31,0,2,1,1,1,,22,2,2019,17:15,1,75,75115,2,2,1,3,ROND POINT DU PONT MIRABEAU,48.846083,2.27694
3506,201900047726,138 216 296,Z01,2,1,0,1,1,5,6,,22,2,2019,17:20,1,75,75115,2,1,1,6,RUE DUTOT,48.839037,2.309115
3507,201900047727,138 216 295,A01,2,1,0,2,8,9,5,,22,2,2019,10:50,1,75,75115,2,1,1,3,RUE HENRY FARMAN,48.833279,2.270352
3508,201900047729,138 216 291,A01,2,1,0,2,7,19,5,,21,2,2019,15:50,1,75,75115,2,4,1,3,RUE LEBLANC,48.83661,2.28132
3509,201900047730,138 216 289,B01,1,43,0,2,6,21,1,,21,2,2019,10:20,1,75,75114,2,2,1,3,BOULEVARD DU MONTPARNASSE,48.841912,2.32959
3510,201900047731,138 216 287,A01,0,1,0,0,0,1,5,,19,2,2019,00:12,5,75,75114,2,4,1,7,RUE DE LA SABLIERE,48.831732,2.323987
3511,201900047732,138 216 286,A01,1,31,0,2,6,18,1,,23,2,2019,16:00,1,75,75112,2,2,1,3,BOULEVARD DIDEROT,48.846762,2.381737
3512,201900047735,138 216 282,A01,1,30,1,0,1,5,1,,21,2,2019,08:15,1,75,75112,2,1,1,6,RUE DE BERCY,48.843851,2.37324
3513,201900047736,138 216 281,B01,2,1,0,2,3,18,5,,23,2,2019,16:25,1,75,75111,2,2,1,3,RUE DE CHARONNE,48.855122,2.387139
3514,201900047738,138 216 277,B01,2,1,0,2,7,1,5,,21,2,2019,16:50,1,75,75111,2,2,1,3,RUE DU CHEMIN VERT,48.861583,2.382583
3515,201900047739,138 216 276,A01,2,1,0,1,0,1,5,,23,2,2019,19:05,5,75,75110,2,3,1,6,BOULEVARD DE MAGENTA,48.875779,2.35652
3516,201900047740,138 216 275,B01,1,43,0,1,7,1,1,,21,2,2019,21:25,5,75,75102,2,2,1,6,BOULEVARD DE STRASBOURG,48.869328,2.354241
3517,201900047742,138 216 271,B01,2,1,1,2,2,13,5,,20,2,2019,10:10,1,75,75108,2,3,1,5,RUE D AMSTERDAM,48.880799,2.32706
3518,201900047743,138 216 268,B01,1,31,0,2,6,9,1,,22,2,2019,10:45,1,75,75108,2,6,1,3,PLACE CHARLES DE GAULLE,48.874103,2.29577
3519,201900047744,138 216 266,B01,3,33,0,2,7,1,1,,21,2,2019,18:26,5,75,75108,2,7,1,3,COURS ALBERT 1ER,48.864286,2.302237
3520,201900047744,138 216 267,A01,3,50,0,2,8,19,3,,21,2,2019,18:26,5,75,75108,2,7,1,3,COURS ALBERT 1ER,48.864286,2.302237
3521,201900047745,138 216 265,Z01,1,30,0,1,8,5,3,,21,2,2019,13:55,1,75,75103,2,7,1,6,PLACE DE LA REPUBLIQUE,48.867341,2.363378
3522,201900047748,138 216 260,A01,1,30,0,2,1,2,1,,20,2,2019,13:35,1,75,75101,2,2,1,2,QUAI DE LA MEGISSERIE,48.858493,2.342475
3523,201900047959,138 215 891,B01,2,31,0,2,4,1,1,,31,10,2019,13:10,1,75,75120,2,1,1,2,BD PERIPHERIQUE EXTERIEUR,48.871447,2.413232
3524,201900047961,138 215 887,A01,2,30,0,1,1,18,1,,30,10,2019,18:25,5,75,75105,2,1,1,6,RUE DES FOSSES SAINT BERNARD,48.8480598,2.3541846
3525,201900047963,138 215 883,B01,1,1,0,2,8,19,5,,2,11,2019,15:00,1,75,75115,2,3,8,3,RUE DE LA CONVENTION,48.83833,2.29394
3526,201900047963,138 215 884,A01,1,30,0,2,1,1,1,,2,11,2019,15:00,1,75,75115,2,3,8,3,RUE DE LA CONVENTION,48.83833,2.29394
3527,201900047964,138 215 882,A01,2,30,0,0,0,1,1,,3,11,2019,15:31,1,75,75114,2,1,1,7,RUE DU DEPART,48.841456,2.322089
3528,201900047965,138 215 881,A01,1,30,0,0,0,1,1,,3,11,2019,13:00,1,75,75114,2,2,2,7,BOULEVARD BRUNE,48.8261919,2.312805
3529,201900047967,138 215 879,A01,1,32,0,0,0,1,1,,3,11,2019,18:35,5,75,75112,2,3,8,7,RUE DU SAHEL,48.8408059,2.4058679
3530,201900047969,138 215 875,B01,2,32,0,2,1,5,1,,2,11,2019,21:00,5,75,75109,2,3,2,1,RUE DE DOUAI,48.8838645,2.3285752
3531,201900047970,138 215 874,A01,2,1,0,1,1,1,5,,2,11,2019,10:30,1,75,75109,2,5,1,6,RUE DE ROCHECHOUART,48.88201,2.3465948
3532,201900048085,138 215 657,B01,1,33,4,2,7,1,1,,11,1,2019,15:15,1,75,75112,2,1,2,3,PORTE DE CHARENTON,48.830927,2.402991
3533,201900048086,138 215 656,A01,1,43,0,2,2,1,1,,10,1,2019,09:00,1,75,75113,2,1,1,2,PORTE DE GENTILLY,48.817522,2.349559
3534,201900048088,138 215 647,B01,2,31,0,2,8,3,1,,9,1,2019,09:05,1,75,75118,2,1,1,6,PORTE DE CLIGNANCOURT,48.901208,2.353476
3535,201900048089,138 215 645,B01,1,32,0,2,7,3,1,,8,1,2019,22:40,5,75,75120,2,1,1,3,PORTE DE MONTREUIL,48.852713,2.414464
3536,201900048089,138 215 646,A01,1,34,0,2,8,11,1,,8,1,2019,22:40,5,75,75120,2,1,1,3,PORTE DE MONTREUIL,48.852713,2.414464
3537,201900048090,138 215 644,A01,2,34,0,2,3,3,1,,8,1,2019,09:15,1,75,75115,2,1,1,3,PORTE DE LA PLAINE,48.825793,2.299593
3538,201900048091,138 215 640,A01,2,33,0,2,1,3,1,,8,1,2019,09:30,2,75,75119,2,1,1,4,PORTE DE LA CHAPELLE,48.887784,2.396463
3539,201900048091,138 215 641,B01,2,32,0,2,4,11,1,,8,1,2019,09:30,2,75,75119,2,1,1,4,PORTE DE LA CHAPELLE,48.887784,2.396463
3540,201900048092,138 215 639,A01,1,33,0,2,7,8,1,,11,1,2019,12:51,1,75,75107,2,4,1,3,BOULEVARD SAINT GERMAIN,48.856381,2.325426
3541,201900048094,138 215 636,A01,1,31,0,2,8,15,1,,8,1,2019,08:54,1,75,75107,2,3,8,7,RUE FABERT,48.862179,2.311627
3542,201900048096,138 215 632,B01,1,33,0,2,1,1,1,,12,1,2019,02:21,5,75,75106,2,7,2,3,PLACE SAINT MICHEL,48.853753,2.344282
3543,201900048098,138 215 629,B01,1,1,0,2,2,1,5,,10,1,2019,10:45,1,75,75105,2,2,1,3,RUE MONGE,48.843782,2.352301
3544,201900048100,138 215 627,B01,2,32,0,2,1,1,1,,9,1,2019,14:55,1,75,75106,2,2,1,3,BOULEVARD DU MONTPARNASSE,48.846863,2.31671
3545,201900048101,138 215 625,A01,1,32,0,1,1,21,1,,9,1,2019,13:40,1,75,75105,2,4,1,6,RUE SAINT JACQUES,48.844306,2.342052
3546,201900048103,138 215 623,A01,2,30,0,0,8,17,1,,11,1,2019,15:25,1,75,75120,2,2,8,7,RUE DES ORTEAUX,48.85611,2.405882
3547,201900048104,138 215 621,A01,2,33,0,2,3,1,1,,9,1,2019,22:15,5,75,75120,2,2,1,6,RUE DE BELLEVILLE,48.875997,2.402549
3548,201900048105,138 215 618,B01,1,2,0,2,8,21,1,,8,1,2019,17:30,5,75,75120,2,2,1,4,BOULEVARD DAVOUT,48.853522,2.410789
3549,201900048107,138 215 614,A01,2,30,0,2,1,15,1,,11,1,2019,21:10,5,75,75119,2,3,1,6,AVENUE CORENTIN CARIOU,48.895844,2.383548
3550,201900048108,138 215 612,B01,2,30,0,2,7,17,1,,10,1,2019,08:30,2,75,75119,2,3,1,3,AVENUE JEAN JAURES,48.88713,2.38678
3551,201900048109,138 215 609,B01,1,2,0,2,1,1,1,,9,1,2019,22:30,5,75,75119,2,3,1,3,RUE MANIN,48.884339,2.391282
3552,201900048110,138 215 608,A01,1,33,12,0,1,1,1,,8,1,2019,17:05,2,75,75118,2,2,1,6,BOULEVARD NEY,48.898536,2.359004
3553,201900048111,138 215 607,A01,2,50,0,2,1,5,3,,8,1,2019,05:10,5,75,75118,2,7,2,1,PLACE ALBERT KAHN,48.896038,2.346283
3554,201900048112,138 215 604,A01,2,1,0,2,1,1,5,,12,1,2019,11:15,1,75,75117,2,1,1,2,RUE LEGENDRE,48.885448,2.31644
3555,201900048113,138 215 603,A01,2,32,0,2,1,1,1,,11,1,2019,20:40,5,75,75117,2,2,1,3,AVENUE DE VILLIERS,48.882594,2.310593
3556,201900048114,138 215 601,A01,1,30,0,0,0,1,1,,11,1,2019,18:30,5,75,75117,2,1,2,7,BOULEVARD DE REIMS,48.888666,2.296263
3557,201900048115,138 215 599,B01,2,33,0,2,2,19,1,,11,1,2019,10:05,1,75,75117,2,2,3,3,AVENUE MAC MAHON,48.875239,2.294804
3558,201900048116,138 215 598,A01,1,30,0,2,1,1,1,,10,1,2019,16:05,1,75,75117,2,2,1,3,BOULEVARD BESSIERES,48.894445,2.313493
3559,201900048117,138 215 595,B01,2,32,0,2,4,2,1,,10,1,2019,13:00,1,75,75117,2,2,1,2,AVENUE NIEL,48.87965,2.294701
3560,201900048117,138 215 596,A01,2,30,0,2,1,2,1,,10,1,2019,13:00,1,75,75117,2,2,1,2,AVENUE NIEL,48.87965,2.294701
3561,201900048118,138 215 594,A01,1,1,0,2,3,1,5,,9,1,2019,09:35,1,75,75117,2,1,1,3,AVENUE DE LA PORTE DE CLICHY,48.895492,2.31128
3562,201900048123,138 215 587,B01,3,2,0,2,7,2,1,,11,1,2019,11:45,1,75,75116,2,4,2,3,PLACE DE LA PORTE MAILLOT,48.877375,2.281365
3563,201900048124,138 215 584,B01,1,30,1,2,7,1,1,,10,1,2019,13:10,1,75,75116,2,1,1,3,RUE DU GENERAL DELESTRAINT,48.843018,2.258927
3564,201900048125,138 215 583,A01,3,33,0,0,0,1,1,,9,1,2019,16:20,1,75,75116,2,7,2,7,PLACE DU MARECHAL DE LATTRE DE TASSIGNY,48.872206,2.274748
3565,201900048127,138 215 579,A01,3,34,0,1,1,18,1,,8,1,2019,09:07,1,75,75116,2,1,1,6,CARREFOUR DES CASCADES,48.863238,2.237559
3566,201900048130,138 215 575,A01,1,60,0,2,4,11,5,,10,1,2019,16:30,2,75,75115,2,2,1,6,BOULEVARD LEFEBVRE,48.828479,2.301372
3567,201900048131,138 215 573,A01,1,30,1,0,1,5,1,,10,1,2019,02:15,5,75,75115,2,3,1,6,RUE DU COMMERCE,48.848545,2.297324
3568,201900048132,138 215 571,Z01,2,30,0,2,0,17,0,,9,1,2019,13:40,1,75,75115,2,7,2,6,PLACE DU GENERAL BEURET,48.841972,2.303161
3569,201900048132,138 215 572,B01,2,33,0,2,5,1,1,,9,1,2019,13:40,1,75,75115,2,7,2,6,PLACE DU GENERAL BEURET,48.841972,2.303161
3570,201900048135,138 215 568,A01,1,30,0,0,0,1,3,,12,1,2019,04:30,5,75,75113,2,4,1,7,RUE DU MOULIN DES PRES,48.828123,2.352732
3571,201900048136,138 215 566,B01,1,2,0,2,2,1,1,,11,1,2019,16:50,1,75,75114,2,2,2,3,RUE FROIDEVAUX,48.836021,2.32763
3572,201900048137,138 215 565,A01,1,32,14,0,7,1,1,,11,1,2019,10:00,1,75,75114,2,1,2,6,AVENUE DU MAINE,48.829979,2.326001
3573,201900048138,138 215 564,B01,2,32,0,2,8,1,1,,11,1,2019,06:00,3,75,75114,2,2,1,3,RUE DU CHATEAU,48.835113,2.320316
3574,201900048141,138 215 559,A01,1,30,0,1,1,2,1,,12,1,2019,18:15,5,75,75113,2,2,2,6,RUE REGNAULT,48.822914,2.368705
3575,201900048142,138 215 558,B01,2,34,0,2,0,21,1,,11,1,2019,11:10,1,75,75113,2,2,1,3,QUAI DE LA GARE,48.836757,2.374387
3576,201900048144,138 215 554,A01,1,1,0,2,1,1,5,,10,1,2019,16:00,1,75,75113,2,2,1,3,RUE NATIONALE,48.821554,2.369384
3577,201900048145,138 215 552,B01,2,33,0,0,7,14,1,,10,1,2019,13:00,1,75,75113,2,2,1,6,RUE NEUVE TOLBIAC,48.832236,2.379773
3578,201900048145,138 215 553,A01,1,43,0,0,0,15,1,,10,1,2019,13:00,1,75,75113,2,2,1,6,RUE NEUVE TOLBIAC,48.832236,2.379773
3579,201900048146,138 215 551,B01,1,32,0,2,1,1,1,,9,1,2019,17:25,5,75,75113,2,5,8,3,BOULEVARD VINCENT AURIOL,48.830768,2.356316
3580,201900048147,138 215 549,A01,1,30,1,0,1,1,1,,9,1,2019,15:06,1,75,75113,2,1,1,6,BOULEVARD AUGUSTE BLANQUI,48.829813,2.348873
3581,201900048148,138 215 547,B01,2,1,0,2,4,7,5,,9,1,2019,08:13,1,75,75105,2,3,1,3,BOULEVARD DE L HOPITAL,48.84236,2.363565
3582,201900048149,138 215 546,A01,2,30,8,2,8,1,1,,10,1,2019,17:45,5,75,75112,2,2,1,3,BOULEVARD DIDEROT,48.846277,2.377484
3583,201900048150,138 215 543,B01,1,32,0,2,2,17,1,,10,1,2019,12:24,1,75,75112,2,1,1,3,RUE DE CHARENTON,48.838276,2.390038
3584,201900048151,138 215 542,A01,1,33,0,2,8,1,1,,10,1,2019,10:00,1,75,75112,2,7,1,6,PLACE DE LA BASTILLE,48.852994,2.369587
3585,201900048152,138 215 538,B01,2,80,0,2,8,1,3,,9,1,2019,16:30,1,75,75112,2,3,1,3,AVENUE DU DOCTEUR ARNOLD NETTER,48.843313,2.405365
3586,201900048153,138 215 536,A01,1,43,0,2,1,2,1,,9,1,2019,13:35,1,75,75112,2,3,1,2,QUAI DE LA RAPEE,48.845267,2.368364
3587,201900048153,138 215 537,B01,1,2,0,2,4,23,1,,9,1,2019,13:35,1,75,75112,2,3,1,2,QUAI DE LA RAPEE,48.845267,2.368364
3588,201900048155,138 215 533,B01,2,2,0,2,1,17,1,,11,1,2019,19:50,5,75,75111,2,1,1,3,BOULEVARD VOLTAIRE,48.85693,2.381579
3589,201900048156,138 215 532,A01,1,30,0,1,8,21,3,,11,1,2019,12:41,1,75,75111,2,3,2,6,RUE DE LAPPE,48.85284,2.374505
3590,201900048157,138 215 530,A01,1,32,11,2,3,17,1,,10,1,2019,07:50,5,75,75111,2,3,1,6,AVENUE PHILIPPE AUGUSTE,48.852365,2.393441
3591,201900048158,138 215 529,A01,1,34,0,0,7,1,1,,12,1,2019,19:50,5,75,75110,2,1,2,7,BOULEVARD DE MAGENTA,48.880961,2.35187
3592,201900048160,138 215 526,A01,1,32,0,2,1,2,1,,11,1,2019,01:35,5,75,75110,2,2,1,2,RUE D HAUTEVILLE,48.873816,2.350506
3593,201900048161,138 215 524,A01,1,1,0,1,1,1,5,,9,1,2019,20:15,3,75,75110,2,1,1,6,QUAI DE JEMMAPES,48.870134,2.366588
3594,201900048162,138 215 523,B01,2,33,0,2,1,1,1,,11,1,2019,19:20,5,75,75108,2,1,1,3,AVENUE DES CHAMPS ELYSEES,48.866514,2.317833
3595,201900048163,138 215 520,A01,2,33,0,2,1,1,1,,10,1,2019,10:50,1,75,75108,2,1,1,3,AVENUE MARCEAU,48.866863,2.299431
3596,201900048164,138 215 519,B01,2,80,0,2,1,1,3,,9,1,2019,09:50,1,75,75108,2,3,2,3,AVENUE DES CHAMPS ELYSEES,48.870045,2.306684
3597,201900048165,138 215 516,A01,1,1,0,2,0,1,5,,9,1,2019,00:23,5,75,75108,2,2,1,3,RUE DE MIROMESNIL,48.87393,2.315892
3598,201900048165,138 215 517,B01,2,34,0,2,1,1,1,,9,1,2019,00:23,5,75,75108,2,2,1,3,RUE DE MIROMESNIL,48.87393,2.315892
3599,201900048168,138 215 512,A01,1,33,0,2,0,21,1,,9,1,2019,19:35,5,75,75107,2,7,2,6,AVENUE DE TOURVILLE,48.853813,2.312599
3600,201900048169,138 215 510,B01,1,33,0,2,3,18,1,,8,1,2019,18:05,5,75,75107,2,2,1,3,AVENUE DU MARECHAL GALLIENI,48.859949,2.313101
3601,201900048170,138 215 508,A01,2,32,0,2,2,7,1,,8,1,2019,16:40,1,75,75107,2,3,1,3,BOULEVARD SAINT GERMAIN,48.861146,2.320645
3602,201900048171,138 215 506,A01,1,30,7,0,3,13,3,,10,1,2019,12:15,1,75,75104,2,3,1,6,RUE SAINT ANTOINE,48.855064,2.361685
3603,201900048173,138 215 504,A01,1,32,0,0,8,1,1,,9,1,2019,15:35,1,75,75104,2,1,1,7,RUE SAINT ANTOINE,48.854083,2.364314
3604,201900048174,138 215 503,A01,1,30,14,0,8,1,3,,8,1,2019,10:00,1,75,75104,2,3,1,7,RUE SAINT ANTOINE,48.854641,2.362764
3605,201900048175,138 215 502,A01,2,43,0,1,1,1,1,,8,1,2019,17:25,2,75,75103,2,1,8,6,RUE DE BRETAGNE,48.864308,2.360245
3606,201900048177,138 215 500,A01,1,33,0,1,1,1,1,,9,1,2019,15:25,1,75,75102,2,3,2,6,AVENUE DE L OPERA,48.869245,2.332903
3607,201900048179,138 215 498,A01,1,33,0,2,1,1,1,,8,1,2019,20:30,5,75,75102,2,2,1,3,BOULEVARD DE BONNE NOUVELLE,48.869681,2.35266
3608,201900048180,138 215 495,A01,2,32,0,1,1,1,1,,9,1,2019,17:30,2,75,75101,2,3,2,6,QUAI DU LOUVRE,48.85866,2.341608
3609,201900048181,138 215 493,B01,1,1,0,2,1,1,5,,8,1,2019,14:00,1,75,75101,2,3,8,3,RUE DE CASTIGLIONE,48.865312,2.327257
3610,201900048341,138 215 166,B01,1,1,0,2,8,16,5,,26,9,2019,10:10,1,75,75105,2,4,1,3,PONT DE SULLY,48.849406,2.3567876
3611,201900048343,138 215 164,A01,1,30,0,0,8,1,1,,26,9,2019,11:40,1,75,75120,2,1,2,7,RUE DES PYRENEES,48.8507471,2.406376
3612,201900048344,138 215 163,A01,2,1,0,2,3,16,5,,26,9,2019,15:50,1,75,75119,2,2,8,3,AVENUE DE LAUMIERE,48.884672,2.379837
3613,201900048345,138 215 160,B01,1,32,0,2,0,1,1,,26,9,2019,17:30,1,75,75117,2,2,1,3,BOULEVARD BERTHIER,48.888039,2.299696
3614,201900048347,138 215 158,A01,1,30,1,2,7,14,3,,26,9,2019,00:01,5,75,75116,2,1,2,3,RUE MOLITOR,48.845294,2.259834
3615,201900048348,138 215 156,A01,1,33,0,1,8,1,1,,26,9,2019,18:45,1,75,75115,2,2,1,6,RUE LECOURBE,48.8385745,2.2893968
3616,201900048349,138 215 154,B01,1,33,0,2,1,3,1,,26,9,2019,09:00,1,75,75112,2,1,1,6,AVENUE DES CANADIENS,48.817104,2.4580266
3617,201900048350,138 215 150,B01,1,33,0,2,3,2,1,,26,9,2019,15:49,1,75,75108,2,2,8,4,COURS LA REINE,48.864594,2.310317
3618,201900048351,138 215 148,B01,1,50,0,2,1,7,3,,26,9,2019,14:15,1,75,75108,2,1,1,4,BOULEVARD HAUSSMANN,48.8738256,2.326583
3619,201900048352,138 215 146,B01,2,32,0,2,1,18,1,,26,9,2019,16:45,1,75,75103,2,7,1,3,PLACE DE LA REPUBLIQUE,48.8673422,2.3633752
3620,201900048353,138 215 143,A01,1,30,0,2,1,17,1,,26,9,2019,14:00,1,75,75102,2,2,8,3,RUE DU QUATRE SEPTEMBRE,48.869175,2.3386911
3621,201900048354,138 215 141,A01,2,1,0,2,1,1,5,,24,9,2019,12:45,1,75,75102,2,3,2,6,RUE DE CLERY,48.868952,2.349473
3622,201900048536,138 214 794,A01,1,34,0,2,1,3,1,,23,8,2019,18:30,1,75,75119,2,1,1,4,BD PERIPHERIQUE INTERIEUR,48.884855,2.39806
3623,201900048536,138 214 795,B01,1,32,0,2,4,11,1,,23,8,2019,18:30,1,75,75119,2,1,1,4,BD PERIPHERIQUE INTERIEUR,48.884855,2.39806
3624,201900048538,138 214 792,A01,1,50,0,0,1,1,3,,21,8,2019,19:25,2,75,75104,2,3,1,7,RUE DE SEVIGNE,48.8550648,2.361673
3625,201900048539,138 214 791,B01,2,50,0,2,2,1,3,,24,8,2019,14:00,1,75,75106,2,5,1,3,RUE DES ECOLES,48.8503453,2.3426137
3626,201900048541,138 214 787,A01,2,32,0,2,8,1,1,,22,8,2019,13:35,1,75,75113,2,1,1,6,BOULEVARD VINCENT AURIOL,48.833771,2.3641416
3627,201900048542,138 214 784,A01,1,31,0,1,8,1,1,,24,8,2019,15:50,1,75,75111,2,3,1,6,RUE DU FAUBOURG DU TEMPLE,48.870142,2.3715502
3628,201900048543,138 214 783,A01,1,1,12,0,1,14,5,,23,8,2019,09:37,1,75,75119,2,7,1,6,BOULEVARD DE LA VILLETTE,48.8827862,2.3702819
3629,201900048545,138 214 781,A01,1,43,0,1,2,1,1,,24,8,2019,13:20,1,75,75118,2,7,1,6,BOULEVARD DE CLICHY,48.8846915,2.3294502
3630,201900048547,138 214 778,A01,1,1,14,0,1,14,5,,24,8,2019,18:35,1,75,75114,2,7,1,6,PLACE DU VINGT CINQ AOUT 1944,48.8230617,2.3254943
3631,201900048550,138 214 774,A01,2,30,0,2,1,2,1,,24,8,2019,05:10,5,75,75105,2,4,1,2,BOULEVARD DE L HOPITAL,48.8409425,2.3625039
3632,201900048551,138 214 773,A01,1,33,0,1,1,1,1,,24,8,2019,02:29,5,75,75113,2,2,1,6,AVENUE DES GOBELINS,48.836786,2.351879
3633,201900048554,138 214 768,A01,1,1,0,2,8,1,5,,22,8,2019,08:20,1,75,75113,2,2,1,3,RUE NATIONALE,48.8216993,2.3693634
3634,201900048555,138 214 767,B01,3,1,0,2,1,1,5,,24,8,2019,08:50,1,75,75112,2,3,1,3,ROUTE DU PESAGE,48.820608,2.445354
3635,201900048556,138 214 765,B01,1,43,0,2,5,1,1,,23,8,2019,20:40,2,75,75112,2,4,1,3,BOULEVARD DIDEROT,48.8465346,2.379665
3636,201900048558,138 214 761,A01,2,1,0,2,6,1,5,,22,8,2019,16:05,1,75,75110,2,2,1,3,RUE PHILIPPE DE GIRARD,48.880624,2.36201
3637,201900048558,138 214 762,B01,2,33,0,2,1,1,1,,22,8,2019,16:05,1,75,75110,2,2,1,3,RUE PHILIPPE DE GIRARD,48.880624,2.36201
3638,201900048560,138 214 757,A01,1,33,0,2,1,2,1,,21,8,2019,13:30,1,75,75108,2,4,1,2,BOULEVARD HAUSSMANN,48.8739315,2.3258024
3639,201900048560,138 214 758,B01,1,30,0,2,4,16,1,,21,8,2019,13:30,1,75,75108,2,4,1,2,BOULEVARD HAUSSMANN,48.8739315,2.3258024
3640,201900048561,138 214 756,A01,1,50,0,0,1,1,3,,24,8,2019,00:40,5,75,75107,2,3,1,7,QUAI ANATOLE FRANCE,48.861126,2.324156
3641,201900048562,138 214 752,A01,2,33,0,2,9,1,1,,22,8,2019,13:44,1,75,75115,2,3,1,5,QUAI BRANLY,48.857469,2.291054
3642,201900048563,138 214 751,A01,1,50,0,0,8,1,3,,23,8,2019,17:00,1,75,75103,2,1,7,7,RUE DE TURENNE,48.857796,2.364472
3643,201900048644,138 214 593,B01,1,32,0,2,7,1,1,,31,3,2019,19:00,1,75,75112,2,1,1,3,PORTE DOREE,48.833191,2.406946
3644,201900048649,138 214 585,A01,1,2,0,1,1,1,1,,1,4,2019,07:55,1,75,75119,2,1,1,6,BOULEVARD MACDONALD,48.898756,2.373526
3645,201900048651,138 214 582,B01,1,2,0,2,1,17,1,,1,4,2019,07:53,2,75,75113,2,2,1,3,BOULEVARD VINCENT AURIOL,48.83301,2.361831
3646,201900048653,138 214 578,A01,3,30,0,2,2,1,1,,1,4,2019,07:00,2,75,75108,2,7,1,3,PLACE CHARLES DE GAULLE,48.873831,2.295909
3647,201900048655,138 214 577,A01,3,50,0,0,0,1,3,,1,4,2019,20:20,5,75,75104,2,1,1,7,VOIE GEORGES POMPIDOU,48.853221,2.357585
3648,201900048741,138 214 434,A01,2,32,0,2,1,14,1,,15,7,2019,00:00,5,75,75118,2,1,1,2,BD PERIPHERIQUE EXTERIEUR,48.900935,2.338542
3649,201900048743,138 214 430,A01,2,60,0,2,1,1,5,,15,7,2019,18:40,1,75,75120,2,3,1,2,RUE DE MENILMONTANT,48.868314,2.388169
3650,201900048746,138 214 425,A01,3,43,0,2,7,17,1,,15,7,2019,16:10,1,75,75117,2,7,1,3,PLACE DE LA PORTE DE CHAMPERRET,48.885665,2.291608
3651,201900048750,138 214 418,A01,2,2,0,1,2,1,1,,14,7,2019,22:40,5,75,75117,2,1,1,6,RUE PIERRE DEMOURS,48.879964,2.291797
3652,201900048751,138 214 413,B01,3,34,0,2,3,1,1,,15,7,2019,16:00,1,75,75116,2,7,1,3,PLACE CHARLES DE GAULLE,48.873748,2.294142