,Num_Acc,id_vehicule,num_veh,senc,catv,obs,obsm,choc,manv,motor,occutc,jour,mois,an,hrmn,lum,dep,com,agg,int,atm,col,adr,lat,long
3653,201900048752,138 214 411,A01,2,33,0,0,0,21,1,,15,7,2019,03:55,5,75,75114,2,1,1,7,AVENUE DENFERT ROCHEREAU,48.835084,2.333082
3654,201900048756,138 214 405,B01,1,50,0,2,0,1,3,,14,7,2019,23:35,5,75,75112,2,2,1,3,AVENUE LEDRU ROLLIN,48.848624,2.372523
3655,201900048756,138 214 406,A01,2,43,0,2,8,15,1,,14,7,2019,23:35,5,75,75112,2,2,1,3,AVENUE LEDRU ROLLIN,48.848624,2.372523
3656,201900048759,138 214 400,A01,2,50,1,0,1,1,3,,15,7,2019,16:15,1,75,75111,2,1,1,6,RUE DU FAUBOURG SAINT ANTOINE,48.849106,2.391246
3657,201900048761,138 214 396,Z01,2,30,0,2,8,5,0,,15,7,2019,08:55,1,75,75111,2,2,1,6,BOULEVARD DU TEMPLE,48.864671,2.365792
3658,201900048761,138 214 397,A01,1,33,0,2,8,1,1,,15,7,2019,08:55,1,75,75111,2,2,1,6,BOULEVARD DU TEMPLE,48.864671,2.365792
3659,201900048763,138 214 393,Z01,1,30,0,2,1,1,0,,15,7,2019,19:20,1,75,75110,2,3,1,3,RUE DU FAUBOURG SAINT MARTIN,48.875824,2.360283
3660,201900048763,138 214 394,A01,3,50,0,2,8,19,3,,15,7,2019,19:20,1,75,75110,2,3,1,3,RUE DU FAUBOURG SAINT MARTIN,48.875824,2.360283
3661,201900048767,138 214 389,A01,1,32,12,0,0,12,1,,15,7,2019,20:15,1,75,75101,2,2,1,6,RUE DE RIVOLI,48.866359,2.323463
3662,201900048916,138 214 118,B01,1,33,0,2,5,1,1,,1,4,2019,17:50,1,75,75116,1,1,1,3,A13,48.84842,2.246799
3663,201900049265,138 213 469,B01,1,30,0,2,0,1,1,,6,12,2019,14:20,1,75,75117,2,4,1,6,BD PERIPHERIQUE EXTERIEUR,48.883072,2.2837008
3664,201900049265,138 213 470,A01,1,32,0,2,1,1,1,,6,12,2019,14:20,1,75,75117,2,4,1,6,BD PERIPHERIQUE EXTERIEUR,48.883072,2.2837008
3665,201900049266,138 213 467,A01,2,31,0,0,8,3,1,,6,12,2019,07:40,2,75,75115,2,1,2,7,BD PERIPHERIQUE EXTERIEUR,48.83484,2.264067
3666,201900049267,138 213 466,A01,2,33,4,0,7,14,1,,5,12,2019,18:15,5,75,75113,2,1,1,6,BD PERIPHERIQUE EXTERIEUR,48.82158,2.379131
3667,201900049270,138 213 463,B01,2,1,0,2,1,1,5,,6,12,2019,13:05,1,75,75120,2,2,2,3,RUE DE LA REUNION,48.853982,2.402621
3668,201900049271,138 213 461,A01,2,32,0,1,1,1,1,,6,12,2019,15:25,1,75,75119,2,2,8,6,AVENUE JEAN JAURES,48.88879,2.393072
3669,201900049272,138 213 459,B01,2,43,0,2,8,17,1,,5,12,2019,13:20,1,75,75119,2,1,5,3,RUE DE L OURCQ,48.88866,2.384098
3670,201900049273,138 213 458,A01,1,32,0,1,1,1,1,,6,12,2019,19:00,5,75,75117,2,2,2,6,AVENUE DE VILLIERS,48.884254,2.302671
3671,201900049274,138 213 457,A01,1,43,0,2,1,5,1,,6,12,2019,17:20,5,75,75117,2,7,2,3,AVENUE DES TERNES,48.879266,2.291592
3672,201900049275,138 213 454,A01,3,30,0,2,7,1,1,,5,12,2019,17:00,5,75,75117,2,4,1,3,AVENUE DE LA PORTE DE CLICHY,48.8964617,2.3104766
3673,201900049276,138 213 453,A01,2,32,0,0,0,14,1,,6,12,2019,08:15,1,75,75115,2,2,2,7,RUE DU GENERAL GUILLAUMAT,48.828929,2.294136
3674,201900049277,138 213 452,A01,2,50,0,1,1,1,3,,6,12,2019,19:00,5,75,75114,2,1,2,6,AVENUE DU MAINE,48.8331651,2.3247162
3675,201900049278,138 213 451,A01,1,1,0,0,0,1,5,,6,12,2019,07:35,2,75,75114,2,1,8,7,BOULEVARD JOURDAN,48.820405,2.338811
3676,201900049280,138 213 447,B01,1,33,0,2,2,1,1,,6,12,2019,16:20,1,75,75112,2,1,2,3,RUE VILLIOT,48.841373,2.374967
3677,201900049281,138 213 445,B01,2,30,0,2,7,1,3,,6,12,2019,06:20,5,75,75111,2,1,1,3,BOULEVARD JULES FERRY,48.868529,2.367167
3678,201900049281,138 213 446,A01,2,1,0,2,8,13,5,,6,12,2019,06:20,5,75,75111,2,1,1,3,BOULEVARD JULES FERRY,48.868529,2.367167
3679,201900049282,138 213 444,A01,1,32,11,0,2,1,1,,5,12,2019,23:25,5,75,75111,2,7,1,6,PLACE LEON BLUM,48.8578647,2.3799937
3680,201900049283,138 213 443,A01,2,1,1,0,3,13,5,,6,12,2019,10:10,1,75,75110,2,4,2,6,BOULEVARD DE MAGENTA,48.876521,2.355859
3681,201900049286,138 213 439,A01,1,32,0,2,1,17,1,,6,12,2019,18:20,5,75,75114,2,4,2,3,RUE D ALESIA,48.827203,2.336724
3682,201900049287,138 213 438,A01,1,31,0,0,0,1,1,,6,12,2019,16:15,2,75,75107,2,1,2,7,QUAI VOLTAIRE,48.858983,2.331069
3683,201900049288,138 213 437,A01,1,2,0,2,1,21,1,,6,12,2019,11:15,1,75,75104,2,2,2,7,BOULEVARD DE SEBASTOPOL,48.858514,2.34822
3684,201900049290,138 213 433,B01,1,43,0,2,1,1,1,,5,12,2019,14:00,1,75,75101,2,3,1,3,RUE DU LOUVRE,48.8631083,2.3419521
3685,201900049766,138 212 529,A01,1,33,0,2,1,2,1,,28,10,2019,08:50,1,75,75113,2,1,1,2,BD PERIPHEDIQUE INTERIEUR,48.8189119,2.3708716
3686,201900049767,138 212 527,B01,1,43,0,2,1,3,1,,29,10,2019,17:40,5,75,75120,2,1,2,4,BD PERIPHERIQUE INTERIEUR,48.850099,2.415106
3687,201900049767,138 212 528,A01,1,33,0,2,4,11,1,,29,10,2019,17:40,5,75,75120,2,1,2,4,BD PERIPHERIQUE INTERIEUR,48.850099,2.415106
3688,201900049770,138 212 522,A01,2,30,0,0,0,1,1,,29,10,2019,09:40,1,75,75120,2,2,2,7,RUE DES PYRENEES,48.8655012,2.3980166
3689,201900049771,138 212 521,A01,1,30,0,2,3,2,3,,29,10,2019,14:15,1,75,75119,2,1,1,2,AVENUE SIMON BOLIVAR,48.876384,2.378739
3690,201900049772,138 212 518,A01,2,1,0,2,7,1,5,,28,10,2019,20:10,5,75,75120,2,5,1,6,RUE DE BELLEVILLE,48.8739368,2.3853622
3691,201900049773,138 212 517,B01,1,1,0,2,8,9,5,,29,10,2019,09:05,1,75,75118,2,3,2,3,RUE MARX DORMOY,48.8868708,2.3596372
3692,201900049774,138 212 514,A01,1,50,0,2,1,7,3,,28,10,2019,16:35,1,75,75117,2,2,1,2,PLACE DE LA PORTE DE CHAMPERRET,48.8856722,2.2914702
3693,201900049775,138 212 513,A01,1,33,0,0,7,1,1,,28,10,2019,07:50,2,75,75115,2,7,1,7,PLACE DES INSURGES DE VARSOVIE,48.8277609,2.292685
3694,201900049776,138 212 511,B01,1,60,0,2,7,9,5,,29,10,2019,13:36,1,75,75114,2,1,1,3,RUE DE L OUEST,48.837302,2.321959
3695,201900049777,138 212 510,B01,1,31,0,2,2,17,1,,29,10,2019,17:00,1,75,75112,2,3,1,3,AVENUE DES MINIMES,48.840617,2.438702
3696,201900049778,138 212 508,B01,2,2,1,2,6,18,1,,29,10,2019,13:40,1,75,75112,2,2,1,3,RUE PARROT,48.8469295,2.3738672
3697,201900049780,138 212 505,B01,1,34,0,2,8,1,1,,29,10,2019,11:33,1,75,75109,2,2,1,3,BOULEVARD DE CLICHY,48.881928,2.339651
3698,201900049781,138 212 503,A01,2,30,0,2,3,12,1,,28,10,2019,23:00,5,75,75109,2,2,2,3,RUE SAINT LAZARE,48.8755439,2.3266686
3699,201900049782,138 212 500,A01,3,1,0,2,8,1,5,,29,10,2019,08:00,1,75,75108,2,7,2,3,PLACE DE LA CONCORDE,48.8640686,2.3201196
3700,201900049783,138 212 499,A01,2,1,0,1,1,1,5,,28,10,2019,21:20,5,75,75108,2,2,1,6,RUE PASQUIER,48.8715057,2.3231129
3701,201900049784,138 212 498,A01,1,43,0,2,6,18,1,,29,10,2019,10:10,1,75,75107,2,2,8,3,QUAI D ORSAY,48.8628264,2.3134543
3702,201900050173,138 211 783,B01,1,33,0,2,3,3,1,,24,9,2019,07:40,1,75,75112,2,1,8,3,BD PERIPHERIQUE INTERIEUR,48.844941,2.414035
3703,201900050177,138 211 778,A01,1,1,0,1,8,1,5,,25,9,2019,14:25,1,75,75119,2,4,1,6,PLACE AUGUSTE BARON,48.9008494,2.388944
3704,201900050179,138 211 776,A01,1,32,0,2,2,18,1,,24,9,2019,18:30,1,75,75117,2,1,2,4,BOULEVARD MALESHERBES,48.8848133,2.3077105
3705,201900050180,138 211 773,A01,1,33,0,2,8,13,1,,24,9,2019,11:45,1,75,75116,2,2,2,3,ALLEE DE LONGCHAMP,48.874919,2.271118
3706,201900050181,138 211 771,B01,2,31,0,2,1,1,1,,25,9,2019,17:20,1,75,75115,2,2,1,3,AVENUE EMILE ZOLA,48.8462994,2.2809046
3707,201900050182,138 211 768,A01,1,43,0,2,1,7,1,,25,9,2019,19:15,2,75,75114,2,4,2,6,RUE D ALESIA,48.8278418,2.3289868
3708,201900050183,138 211 767,A01,2,30,0,2,1,17,1,,24,9,2019,15:55,1,75,75114,2,1,1,5,RUE D ALESIA,48.827846,2.328585
3709,201900050184,138 211 764,A01,1,1,0,2,0,1,5,,24,9,2019,12:18,1,75,75112,2,1,2,6,RUE DE REUILLY,48.841673,2.393399
3710,201900050185,138 211 762,B01,2,32,0,2,1,1,3,,25,9,2019,08:50,1,75,75112,2,1,2,3,AVENUE DES CANADIENS,48.81895,2.462324
3711,201900050187,138 211 757,B01,1,50,0,2,8,1,3,,25,9,2019,10:05,1,75,75111,2,3,2,3,BOULEVARD VOLTAIRE,48.8532815,2.3877187
3712,201900050188,138 211 755,B01,1,33,0,2,8,1,1,,25,9,2019,11:45,1,75,75110,2,1,8,3,RUE DE LA GRANGE AUX BELLES,48.874983,2.366879
3713,201900050189,138 211 753,A01,2,32,0,0,0,21,1,,25,9,2019,09:00,1,75,75110,2,1,3,7,RUE DU FAUBOURG SAINT MARTIN,48.87057,2.35644
3714,201900050190,138 211 751,A01,1,30,0,2,4,2,3,,25,9,2019,09:30,1,75,75110,2,7,2,6,RUE DE DUNKERQUE,48.8806227,2.3521587
3715,201900050191,138 211 749,B01,1,1,0,2,6,1,5,,24,9,2019,08:50,1,75,75109,2,3,8,3,BOULEVARD HAUSSMANN,48.8721277,2.3391918
3716,201900050191,138 211 750,A01,1,30,0,2,6,17,1,,24,9,2019,08:50,1,75,75109,2,3,8,3,BOULEVARD HAUSSMANN,48.8721277,2.3391918
3717,201900050192,138 211 747,A01,2,2,0,2,8,1,1,,25,9,2019,09:20,1,75,75108,2,3,3,3,BOULEVARD MALESHERBES,48.8804987,2.3129615
3718,201900050192,138 211 748,B01,1,2,0,2,8,15,1,,25,9,2019,09:20,1,75,75108,2,3,3,3,BOULEVARD MALESHERBES,48.8804987,2.3129615
3719,201900050425,138 211 331,A01,1,31,11,0,1,1,1,,31,3,2019,07:09,1,75,75116,2,4,1,6,AVENUE DE VERSAILLES,48.847418,2.273722
3720,201900050426,138 211 329,B01,1,34,0,2,7,17,1,,31,3,2019,06:12,5,75,75109,2,4,1,3,RUE DU FAUBOURG MONTMARTRE,48.87296,2.343082
3721,201900050427,138 211 328,B01,1,50,0,2,8,15,3,,29,3,2019,12:19,1,75,75108,2,3,1,1,AVENUE WINSTON CHURCHILL,48.864992,2.313688
3722,201900050428,138 211 325,A01,2,33,0,2,1,1,1,,30,3,2019,19:40,5,75,75105,2,2,1,2,AVENUE DE L OBSERVATOIRE,48.840063,2.336823
3723,201900050428,138 211 326,B01,2,33,0,2,4,1,1,,30,3,2019,19:40,5,75,75105,2,2,1,2,AVENUE DE L OBSERVATOIRE,48.840063,2.336823
3724,201900050431,138 211 323,B01,3,2,0,2,0,18,1,,31,3,2019,18:15,1,75,75118,2,3,1,3,AVENUE DE LA PORTE DE LA CHAPELLE,48.898697,2.358666
3725,201900050434,138 211 314,A01,3,1,0,0,0,1,5,,30,3,2019,18:09,1,75,75116,2,3,1,7,ROUTE DES TRIBUNES,48.861974,2.230402
3726,201900050437,138 211 308,A01,2,33,0,2,9,18,1,,30,3,2019,15:20,1,75,75116,2,1,1,4,VOIE GEORGES POMPIDOU,48.85183,2.280282
3727,201900050438,138 211 306,A01,2,32,0,2,3,1,1,,31,3,2019,17:10,1,75,75115,2,2,1,2,RUE CAMBRONNE,48.840406,2.304247
3728,201900050438,138 211 307,B01,2,30,0,2,6,15,1,,31,3,2019,17:10,1,75,75115,2,2,1,2,RUE CAMBRONNE,48.840406,2.304247
3729,201900050442,138 211 299,Z01,1,1,0,1,1,1,5,,30,3,2019,23:25,5,75,75114,2,3,1,6,RUE DE L OUEST,48.832232,2.31287
3730,201900050445,138 211 294,B01,1,33,0,2,8,1,1,,31,3,2019,05:30,5,75,75113,2,7,1,3,PLACE D ITALIE,48.831876,2.355314
3731,201900050447,138 211 289,A01,0,1,0,2,7,1,5,,31,3,2019,14:40,1,75,75112,2,2,1,3,ROUTE DE BOURDON,48.827985,2.443891
3732,201900050447,138 211 292,B01,0,1,0,2,0,1,5,,31,3,2019,14:40,1,75,75112,2,2,1,3,ROUTE DE BOURDON,48.827985,2.443891
3733,201900050449,138 211 286,B01,2,43,0,2,3,1,1,,31,3,2019,11:55,1,75,75110,2,1,1,3,RUE DU FAUBOURG SAINT MARTIN,48.870504,2.356447
3734,201900050450,138 211 285,B01,1,32,0,2,4,23,1,,31,3,2019,05:40,5,75,75110,2,2,1,2,RUE LA FAYETTE,48.88072,2.362408
3735,201900050451,138 211 282,B01,1,30,0,2,0,18,3,,30,3,2019,23:53,5,75,75110,2,1,1,3,RUE LOUIS BLANC,48.88022,2.36674
3736,201900050452,138 211 281,B01,0,1,1,2,8,1,5,,31,3,2019,13:35,1,75,75108,2,1,1,3,RUE D AMSTERDAM,48.876769,2.326897
3737,201900050453,138 211 279,B01,1,1,0,2,8,1,5,,31,3,2019,18:25,1,75,75107,2,2,1,3,RUE DU BAC,48.85171,2.323522
3738,201900050454,138 211 277,B01,1,32,0,2,4,23,1,,31,3,2019,10:35,1,75,75101,2,1,1,2,RUE DE RIVOLI,48.86635,2.323846
3739,201900050455,138 211 274,B01,2,1,0,2,0,1,5,,30,3,2019,08:45,1,75,75101,2,3,1,3,RUE DE TURBIGO,48.863283,2.346323
3740,201900050455,138 211 275,A01,2,30,0,2,0,9,1,,30,3,2019,08:45,1,75,75101,2,3,1,3,RUE DE TURBIGO,48.863283,2.346323
3741,201900050601,138 210 995,B01,1,33,0,2,8,3,1,,14,7,2019,12:25,1,75,75112,2,1,1,3,BD PERIPHERIQUE INTERIEUR,48.838692,2.412999
3742,201900050603,138 210 990,A01,1,30,0,2,1,2,1,,14,7,2019,02:40,5,75,75115,2,1,1,2,PORTE DE SEVRES,48.832845,2.279386
3743,201900050603,138 210 991,B01,1,30,0,2,4,1,1,,14,7,2019,02:40,5,75,75115,2,1,1,2,PORTE DE SEVRES,48.832845,2.279386
3744,201900050611,138 210 977,A01,3,34,0,2,3,18,1,,13,7,2019,20:45,1,75,75112,2,3,1,3,RUE DE DIJON,48.835693,2.386083
3745,201900050612,138 210 975,B01,1,32,0,2,2,1,1,,13,7,2019,21:15,2,75,75108,2,2,1,3,RUE MARBEUF,48.867961,2.302832
3746,201900051122,138 210 036,B01,2,31,0,2,8,3,1,,5,12,2019,18:35,5,75,75115,2,1,1,3,BD PERIPHERIQUE EXTERIEUR,48.827596,2.291888
3747,201900051123,138 210 031,B01,2,32,0,2,3,3,1,,4,12,2019,22:10,5,75,75115,2,1,1,3,BD PERIPHERIQUE EXTERIEUR,48.8284525,2.2896624
3748,201900051124,138 210 029,A01,1,31,0,2,5,16,1,,4,12,2019,14:15,1,75,75120,2,4,1,3,BD PERIPHERIQUE INTERIEUR,48.8673364,2.4132119
3749,201900051126,138 210 025,A01,2,1,0,2,1,2,5,,5,12,2019,20:15,5,75,75105,2,3,1,6,PLACE SAINT MICHEL,48.853421,2.344182
3750,201900051127,138 210 023,A01,2,50,0,2,8,7,3,,4,12,2019,15:35,1,75,75106,2,2,1,6,RUE DES ECOLES,48.850338,2.342639
3751,201900051128,138 210 021,A01,0,32,0,1,1,1,0,,5,12,2019,20:40,5,75,75120,2,2,5,6,RUE DE GUEBRIANT,48.8728948,2.4086286
3752,201900051129,138 210 019,B01,2,43,0,2,1,1,1,,5,12,2019,18:45,5,75,75120,2,2,8,3,AVENUE LEON GAUMONT,48.849275,2.4162018
3753,201900051130,138 210 018,A01,2,30,0,1,1,1,3,,5,12,2019,09:30,1,75,75117,2,4,1,6,AVENUE DE VILLIERS,48.8844446,2.3012039
3754,201900051131,138 210 016,Z01,2,2,0,2,1,2,0,,5,12,2019,22:30,5,75,75116,2,3,5,6,AVENUE VICTOR HUGO,48.8724919,2.2919798
3755,201900051131,138 210 017,A01,2,1,0,2,4,3,5,,5,12,2019,22:30,5,75,75116,2,3,5,6,AVENUE VICTOR HUGO,48.8724919,2.2919798
3756,201900051133,138 210 013,B01,1,2,0,2,1,1,1,,5,12,2019,08:55,1,75,75116,2,3,5,3,BOULEVARD LANNES,48.8686649,2.2733592
3757,201900051135,138 210 009,B01,2,1,0,2,1,1,5,,5,12,2019,06:50,5,75,75115,2,3,8,3,BOULEVARD LEFEBVRE,48.8310141,2.2923485
3758,201900051136,138 210 006,C01,1,30,0,2,1,3,1,,4,12,2019,21:20,5,75,75111,2,2,1,4,RUE DE LA ROQUETTE,48.8567735,2.3778786
3759,201900051136,138 210 007,B01,1,32,0,2,8,23,1,,4,12,2019,21:20,5,75,75111,2,2,1,4,RUE DE LA ROQUETTE,48.8567735,2.3778786
3760,201900051136,138 210 008,A01,1,43,0,2,7,23,1,,4,12,2019,21:20,5,75,75111,2,2,1,4,RUE DE LA ROQUETTE,48.8567735,2.3778786
3761,201900051137,138 210 005,A01,1,30,12,0,7,18,1,,5,12,2019,09:50,1,75,75111,2,2,1,6,AVENUE LEDRU ROLLIN,48.8532765,2.3772955
3762,201900051370,138 209 550,B01,1,33,0,2,1,9,1,,20,2,2019,17:00,2,75,75112,2,4,1,3,ECHANGEUR BERCY,48.827585,2.390319
3763,201900051371,138 209 547,A01,1,32,0,2,1,1,1,,19,2,2019,16:20,1,75,75120,2,1,1,2,PORTE DE BAGNOLET,48.860823,2.413882
3764,201900051372,138 209 545,B01,1,31,0,2,3,3,1,,19,2,2019,08:30,1,75,75120,2,1,1,3,PORTE DE MONTREUIL,48.858133,2.41411
3765,201900051374,138 209 540,B01,3,60,0,2,0,19,5,,20,2,2019,16:53,1,75,75116,2,2,1,3,RUE D AUTEUIL,48.847566,2.266321
3766,201900051376,138 209 536,B01,3,2,0,2,1,1,1,,19,2,2019,21:30,5,75,75117,2,4,1,2,AVENUE DE LA PORTE DE CLICHY,48.896278,2.31
3767,201900051377,138 209 535,B01,1,80,0,2,1,1,3,,20,2,2019,09:56,1,75,75105,2,3,1,3,RUE SAINT JACQUES,48.845595,2.342673
3768,201900051378,138 209 533,B01,3,31,0,2,8,1,1,,20,2,2019,16:50,1,75,75120,2,2,1,3,AVENUE IBSEN,48.865649,2.411884
3769,201900051379,138 209 530,A01,2,32,0,2,7,1,1,,20,2,2019,17:35,1,75,75120,2,3,1,3,RUE BELGRAND,48.864609,2.405985
3770,201900051381,138 209 528,B01,1,2,0,2,1,1,1,,20,2,2019,11:00,1,75,75117,2,1,1,3,BOULEVARD DE DOUAUMONT,48.894946,2.305684
3771,201900051385,138 209 521,Z01,1,30,0,1,0,1,0,,20,2,2019,20:45,5,75,75110,2,1,1,6,BOULEVARD DE MAGENTA,48.872485,2.359459
3772,201900051386,138 209 519,B01,1,33,0,2,1,1,1,,20,2,2019,16:35,1,75,75117,2,1,1,3,BOULEVARD DE COURCELLES,48.881061,2.314375
3773,201900051387,138 209 517,A01,2,33,0,2,1,1,1,,20,2,2019,09:05,1,75,75108,2,2,1,3,BOULEVARD HAUSSMANN,48.874942,2.318479
3774,201900051388,138 209 516,A01,3,31,12,0,2,14,1,,19,2,2019,20:25,5,75,75108,2,7,1,6,PLACE DE LA CONCORDE,48.865655,2.321798
3775,201900051389,138 209 515,A01,1,30,15,0,1,14,1,,20,2,2019,01:40,5,75,75104,2,2,1,6,RUE DE RIVOLI,48.855955,2.357976
3776,201900051390,138 209 513,A01,1,1,0,2,7,23,5,,19,2,2019,23:40,5,75,75104,2,1,1,6,RUE DES NONNAINS D HYERES,48.854055,2.358446
3777,201900051390,138 209 514,Z01,1,30,0,2,1,15,0,,19,2,2019,23:40,5,75,75104,2,1,1,6,RUE DES NONNAINS D HYERES,48.854055,2.358446
3778,201900051392,138 209 511,A01,3,32,0,2,1,7,1,,19,2,2019,13:22,1,75,75101,2,4,1,3,BOULEVARD DE LA MADELEINE,48.869914,2.328007
3779,201900051580,138 209 136,A01,2,33,0,2,2,17,1,,28,10,2019,15:20,1,75,75116,2,4,1,3,ECHANGEUR SAINT CLOUD,48.8411157,2.2539462
3780,201900051581,138 209 134,A01,1,32,0,1,1,1,1,,28,10,2019,18:00,5,75,75120,2,2,1,6,AVENUE DE LA PORTE DES LILAS,48.8770891,2.4069
3781,201900051583,138 209 130,B01,1,1,0,2,1,1,5,,28,10,2019,08:35,1,75,75120,2,1,1,3,AVENUE GAMBETTA,48.86356,2.390032
3782,201900051585,138 209 128,A01,2,30,0,1,8,1,1,,28,10,2019,20:45,5,75,75118,2,2,1,6,RUE ORDENER,48.893365,2.3382625
3783,201900051587,138 209 124,B01,2,33,0,2,7,1,1,,28,10,2019,09:20,1,75,75118,2,1,1,3,BOULEVARD NEY,48.898613,2.36204
3784,201900051588,138 209 122,A01,2,34,14,0,1,14,1,,27,10,2019,23:50,5,75,75115,2,2,1,6,QUAI BRANLY,48.8545784,2.2888558
3785,201900051594,138 209 116,A01,1,32,0,2,2,17,1,,28,10,2019,16:20,1,75,75107,2,2,8,3,BOULEVARD RASPAIL,48.8534139,2.3261957
3786,201900051596,138 209 111,B01,1,30,0,2,7,17,3,,28,10,2019,17:40,5,75,75103,2,7,1,3,PLACE DE LA REPUBLIQUE,48.8673292,2.3633995
3787,201900051597,138 209 107,A01,3,50,12,0,1,13,3,,28,10,2019,02:40,5,75,75104,2,7,1,7,PLACE DE LA BASTILLE,48.8529291,2.3684186
3788,201900051735,138 208 847,A01,2,33,4,0,0,17,1,,28,10,2019,00:54,5,75,75112,1,1,1,6,A4,48.8247354,2.4633569
3789,201900051819,138 208 683,A01,2,32,0,2,1,2,1,,7,1,2019,07:40,5,75,75105,2,2,1,2,BOULEVARD SAINT GERMAIN,48.849513,2.35288
3790,201900051820,138 208 681,B01,2,1,0,2,1,1,5,,7,1,2019,19:55,5,75,75120,2,1,1,3,RUE DE LA CHINE,48.868562,2.397606
3791,201900051820,138 208 682,A01,2,30,0,2,3,9,3,,7,1,2019,19:55,5,75,75120,2,1,1,3,RUE DE LA CHINE,48.868562,2.397606
3792,201900051823,138 208 677,B01,2,33,0,2,8,1,1,,7,1,2019,08:50,1,75,75119,2,2,1,3,BOULEVARD MACDONALD,48.898742,2.371104
3793,201900051825,138 208 675,B01,1,32,0,2,3,1,1,,7,1,2019,21:25,5,75,75113,2,3,2,3,AVENUE D ITALIE,48.82514,2.357582
3794,201900051826,138 208 673,A01,1,30,0,1,1,1,1,,7,1,2019,15:25,1,75,75112,2,3,2,6,AVENUE DU GENERAL MICHEL BIZOT,48.837687,2.403814
3795,201900051827,138 208 672,A01,1,1,0,2,1,8,5,,7,1,2019,07:25,5,75,75109,2,2,1,3,RUE DE CHATEAUDUN,48.876087,2.337122
3796,201900051828,138 208 670,B01,2,30,0,2,1,1,1,,5,1,2019,20:40,5,75,75102,2,2,8,3,BOULEVARD DES CAPUCINES,48.870969,2.334154
3797,201900052030,138 208 292,A01,2,43,0,2,1,2,1,,24,9,2019,12:00,1,75,75119,2,4,2,2,PORTE DE PANTIN,48.8925784,2.3956954
3798,201900052031,138 208 290,A01,2,33,0,2,8,3,1,,23,9,2019,19:15,2,75,75120,2,4,1,6,BD PERIPHERIQUE EXTERIEUR,48.8565086,2.4141621
3799,201900052034,138 208 281,B01,1,32,0,2,7,3,1,,23,9,2019,10:00,1,75,75117,2,1,1,3,BD PERIPHERIQUE INTERIEUR,48.893172,2.303521
3800,201900052037,138 208 275,A01,1,32,0,2,1,2,1,,24,9,2019,12:40,1,75,75106,2,2,2,2,QUAI MALAQUAIS,48.8578163,2.3352839
3801,201900052038,138 208 272,B01,1,1,0,2,8,13,5,,24,9,2019,11:00,1,75,75120,2,3,2,1,RUE DE MENILMONTANT,48.867545,2.385091
3802,201900052039,138 208 271,A01,2,50,0,1,1,1,3,,24,9,2019,08:00,1,75,75120,2,2,1,6,RUE DES MARAICHERS,48.8561152,2.4055087
3803,201900052040,138 208 269,A01,2,31,0,2,1,1,1,,24,9,2019,16:20,1,75,75119,2,1,1,2,AVENUE DE FLANDRE,48.893696,2.38056
3804,201900052041,138 208 268,A01,1,32,1,0,8,1,1,,24,9,2019,16:00,1,75,75119,2,5,8,6,AVENUE SECRETAN,48.880151,2.3757
3805,201900052042,138 208 266,A01,1,1,0,2,8,1,5,,24,9,2019,07:30,1,75,75118,2,2,1,6,AVENUE DE LA PORTE DE CLIGNANCOURT,48.8993669,2.3441495
3806,201900052043,138 208 265,A01,1,34,0,2,2,17,1,,23,9,2019,17:00,1,75,75117,2,2,1,3,AVENUE DE LA PORTE DES TERNES,48.881506,2.281812
3807,201900052045,138 208 262,A01,2,50,12,0,1,14,3,,23,9,2019,22:15,5,75,75116,2,3,1,6,AVENUE D IENA,48.867131,2.295498
3808,201900052046,138 208 261,B01,2,1,0,2,2,1,5,,24,9,2019,17:50,1,75,75115,2,1,2,3,RUE DE LA CROIX NIVERT,48.846974,2.300203
3809,201900052164,138 208 023,Z01,1,43,0,1,1,1,1,,20,8,2019,20:15,2,75,75112,2,3,1,6,RUE CROZATIER,48.8496531,2.3794419
3810,201900052165,138 208 021,B01,1,33,0,2,4,2,1,,21,8,2019,19:50,1,75,75117,2,2,1,2,AVENUE DE LA PORTE D ASNIERES,48.890113,2.3038325
3811,201900052167,138 208 018,B01,1,1,0,2,4,2,5,,21,8,2019,08:45,1,75,75112,2,1,1,2,AVENUE DE GRAVELLE,48.8242006,2.4226909
3812,201900052167,138 208 019,A01,1,80,0,2,1,2,2,,21,8,2019,08:45,1,75,75112,2,1,1,2,AVENUE DE GRAVELLE,48.8242006,2.4226909
3813,201900052168,138 208 015,B01,3,1,0,2,1,5,5,,21,8,2019,19:35,1,75,75104,2,2,1,3,RUE FRANCOIS MIRON,48.855518,2.357748
3814,201900052374,138 207 585,A01,2,33,0,2,3,3,1,,29,3,2019,16:15,1,75,75118,2,1,1,5,PORTE DE LA CHAPELLE,48.900911,2.360246
3815,201900052378,138 207 577,A01,1,33,0,2,3,11,1,,27,3,2019,19:45,5,75,75116,2,1,1,3,PORTE DAUPHINE,48.872147,2.274143
3816,201900052380,138 207 573,B01,2,34,0,2,8,3,1,,27,3,2019,16:40,1,75,75112,2,1,1,3,PORTE DOREE,48.836796,2.412611
3817,201900052383,138 207 567,B01,2,1,0,2,1,7,5,,29,3,2019,11:35,1,75,75105,2,1,1,3,BOULEVARD DE L HOPITAL,48.84162,2.363025