,Num_Acc,id_vehicule,num_veh,senc,catv,obs,obsm,choc,manv,motor,occutc,jour,mois,an,hrmn,lum,dep,com,agg,int,atm,col,adr,lat,long
4149,201900056233,138 200 394,A01,1,33,0,2,1,15,1,,18,8,2019,19:15,1,75,75120,2,3,1,6,AVENUE DE LA PORTE DE BAGNOLET,48.864775,2.410136
4150,201900056349,138 200 181,A01,1,32,0,2,8,7,1,,1,12,2019,20:30,5,75,75117,2,3,2,3,BOULEVARD DES BATIGNOLLES,48.883329,2.325802
4151,201900056358,138 200 178,A01,1,43,0,1,1,16,1,,2,12,2019,18:45,3,75,75116,2,7,1,6,AVENUE PAUL DOUMER,48.8625197,2.2868621
4152,201900056362,138 200 158,B01,2,1,0,2,7,5,5,,2,12,2019,11:30,1,75,75116,2,1,1,3,AVENUE DE L HIPPODROME,48.858211,2.255027
4153,201900056368,138 200 147,C01,1,60,0,2,8,9,5,,1,12,2019,15:30,1,75,75116,2,1,1,5,BOULEVARD LANNES,48.866235,2.271278
4154,201900056370,138 200 143,A01,2,30,0,2,7,1,1,,2,12,2019,19:10,5,75,75115,2,2,1,3,ESPLANADE HENRI DE FRANCE,48.8386045,2.2697604
4155,201900056387,138 200 131,A01,1,32,0,1,1,1,3,,2,12,2019,10:45,1,75,75115,2,2,1,6,RUE DE LOURMEL,48.842158,2.285548
4156,201900056394,138 200 102,B01,1,1,0,2,3,1,5,,2,12,2019,18:00,5,75,75111,2,2,1,3,BOULEVARD RICHARD LENOIR,48.864032,2.370751
4157,201900056568,138 199 772,B01,2,32,0,2,1,23,1,,10,6,2019,19:20,1,75,75118,2,1,1,2,RUE POULET,48.886519,2.347976
4158,201900056569,138 199 771,A01,1,32,1,0,1,14,1,,9,6,2019,20:40,2,75,75118,2,5,1,6,RUE CUSTINE,48.889325,2.344685
4159,201900056570,138 199 769,A01,2,33,0,2,8,18,1,,5,6,2019,11:25,1,75,75118,2,4,1,3,AVENUE DE LA PORTE DE CLIGNANCOURT,48.900686,2.344209
4160,201900056573,138 199 766,B01,0,2,0,2,1,5,1,,3,6,2019,19:35,1,75,75118,2,2,1,1,RUE LAMARCK,48.887539,2.344547
4161,201900056579,138 199 758,A01,2,32,0,1,5,1,1,,19,6,2019,09:00,1,75,75118,2,1,1,6,AVENUE DE SAINT OUEN,48.896167,2.328552
4162,201900056580,138 199 750,A01,1,32,0,2,1,13,1,,18,6,2019,20:40,1,75,75117,2,1,1,1,RUE DU CAPITAINE LAGACHE,48.892101,2.325641
4163,201900056580,138 199 754,B01,2,1,0,2,1,1,5,,18,6,2019,20:40,1,75,75117,2,1,1,1,RUE DU CAPITAINE LAGACHE,48.892101,2.325641
4164,201900056585,138 199 746,A01,1,1,12,0,1,15,5,,17,6,2019,15:55,1,75,75117,2,7,1,6,BOULEVARD GOUVION SAINT CYR,48.885391,2.291303
4165,201900056589,138 199 742,A01,2,33,0,2,1,17,1,,16,6,2019,17:00,1,75,75117,2,1,1,5,AVENUE DE WAGRAM,48.88673,2.304444
4166,201900056596,138 199 728,A01,1,32,0,2,1,17,3,,15,6,2019,18:40,1,75,75117,2,2,1,2,BOULEVARD DES BATIGNOLLES,48.883248,2.32532
4167,201900056598,138 199 721,B01,1,34,0,2,5,23,1,,13,6,2019,09:45,1,75,75117,2,2,1,2,BOULEVARD DU FORT DE VAUX,48.892277,2.301012
4168,201900056612,138 199 696,Z01,1,32,0,2,1,8,1,,11,6,2019,15:10,1,75,75117,2,3,1,6,AVENUE DE SAINT OUEN,48.891608,2.32696
4169,201900056612,138 199 697,A01,1,33,0,2,8,15,1,,11,6,2019,15:10,1,75,75117,2,3,1,6,AVENUE DE SAINT OUEN,48.891608,2.32696
4170,201900056613,138 199 695,A01,1,1,0,1,1,15,5,,11,6,2019,11:05,1,75,75117,2,3,1,6,RUE LECLUSE,48.88491,2.325034
4171,201900056618,138 199 693,A01,2,30,0,2,1,7,1,,8,6,2019,11:45,1,75,75117,2,3,1,3,AVENUE DE LA PORTE D ASNIERES,48.890616,2.303099
4172,201900056622,138 199 684,A01,2,32,0,0,3,1,1,,8,6,2019,11:00,1,75,75117,2,2,8,7,BOULEVARD MALESHERBES,48.880857,2.312566
4173,201900056630,138 199 671,A01,2,30,0,2,1,1,1,,6,6,2019,20:00,1,75,75117,2,7,1,6,PLACE PAUL LEAUTAUD,48.887152,2.297414
4174,201900056635,138 199 665,A01,1,1,0,2,3,13,5,,2,6,2019,23:47,5,75,75117,2,3,1,3,RUE CARDINET,48.891109,2.318052
4175,201900056639,138 199 649,A01,1,30,0,2,1,14,1,,1,6,2019,10:25,1,75,75117,2,3,1,3,BOULEVARD DES BATIGNOLLES,48.883548,2.326864
4176,201900056642,138 199 647,B01,2,30,0,2,1,17,1,,31,5,2019,12:30,1,75,75117,2,1,1,3,BOULEVARD MALESHERBES,48.888531,2.304369
4177,201900056646,138 199 636,B01,1,2,0,2,7,1,1,,30,5,2019,15:00,1,75,75117,2,2,1,3,AVENUE NIEL,48.881883,2.295879
4178,201900056651,138 199 631,A01,1,30,0,1,5,17,1,,18,6,2019,18:20,1,75,75116,2,4,1,6,RUE DU BUIS,48.847222,2.267796
4179,201900056654,138 199 626,A01,3,34,0,2,1,2,1,,17,6,2019,08:00,1,75,75116,2,1,1,2,ROUTE DES TRIBUNES,48.853294,2.229854
4180,201900056662,138 199 609,A01,1,32,0,1,6,1,1,,12,6,2019,12:30,1,75,75116,2,2,2,6,RUE POUSSIN,48.848825,2.264744
4181,201900056666,138 199 601,B01,3,1,0,2,4,1,5,,13,6,2019,13:30,1,75,75116,2,7,1,3,PLACE DU MARECHAL DE LATTRE DE TASSIGNY,48.872081,2.27553
4182,201900056670,138 199 594,A01,3,32,0,2,3,9,1,,11,6,2019,12:15,1,75,75108,2,7,1,3,PLACE CHARLES DE GAULLE,48.874114,2.295836
4183,201900056673,138 199 585,A01,3,30,8,2,1,10,1,,9,6,2019,02:15,5,75,75116,2,3,1,6,AVENUE DE VERSAILLES,48.842614,2.268681
4184,201900056687,138 199 562,B01,2,30,0,2,1,1,1,,9,6,2019,02:27,5,75,75116,2,2,1,3,BOULEVARD SUCHET,48.853022,2.261879
4185,201900056693,138 199 548,A01,2,30,0,1,8,17,1,,8,6,2019,07:50,1,75,75116,2,1,1,6,AVENUE MOZART,48.85271,2.268286
4186,201900056696,138 199 543,B01,2,43,1,2,1,17,1,,7,6,2019,17:00,1,75,75116,2,1,2,6,ROUTE DE SEVRES A NEUILLY,48.869758,2.244699
4187,201900056699,138 199 536,B01,2,30,0,2,1,1,1,,7,6,2019,14:30,1,75,75116,2,1,1,4,AVENUE KLEBER,48.868463,2.291197
4188,201900056699,138 199 537,C01,2,30,0,2,1,1,1,,7,6,2019,14:30,1,75,75116,2,1,1,4,AVENUE KLEBER,48.868463,2.291197
4189,201900056705,138 199 525,A01,2,43,0,2,1,14,1,,7,6,2019,08:35,1,75,75116,2,1,2,3,ALLEE DE LONGCHAMP,48.874681,2.270424
4190,201900056707,138 199 519,A01,1,32,0,2,1,18,1,,6,6,2019,23:00,5,75,75116,2,4,1,3,AVENUE DE LA PORTE DE SAINT CLOUD,48.838638,2.254658
4191,201900056710,138 199 512,A01,3,32,0,2,3,3,1,,6,6,2019,21:00,1,75,75116,2,4,1,6,BOULEVARD PERIPHERIQUE EXTERIEUR OUEST,48.865708,2.267989
4192,201900056712,138 199 507,A01,2,34,0,2,1,18,1,,5,6,2019,18:00,2,75,75116,2,1,3,3,RUE LEKAIN,48.856624,2.278477
4193,201900056714,138 199 505,A01,0,1,1,0,2,14,5,,5,6,2019,17:00,1,75,75116,2,1,2,6,RUE RAYNOUARD,48.854148,2.278079
4194,201900056718,138 199 497,A01,2,30,0,2,1,1,1,,5,6,2019,15:30,1,75,75116,2,1,2,3,AVENUE KLEBER,48.865898,2.289523
4195,201900056723,138 199 490,A01,2,2,0,2,2,17,1,,5,6,2019,11:40,1,75,75116,2,7,2,3,PLACE POSSOZ,48.859243,2.277418
4196,201900056727,138 199 483,A01,1,32,0,1,1,17,1,,4,6,2019,12:50,1,75,75116,2,3,1,6,AVENUE DE VERSAILLES,48.850079,2.276411
4197,201900056732,138 199 478,B01,2,34,0,2,2,1,1,,4,6,2019,10:20,1,75,75116,2,2,1,3,ALLEE DE LA REINE MARGUERITE,48.860655,2.24626
4198,201900056735,138 199 468,A01,1,32,12,0,1,17,1,,2,6,2019,20:15,1,75,75116,2,1,1,7,VOIE GEORGES POMPIDOU,48.851603,2.280031
4199,201900056740,138 199 461,B01,3,34,0,2,1,1,1,,30,5,2019,19:20,1,75,75116,2,2,1,3,ROUTE DE SURESNES,48.865046,2.234458
4200,201900056743,138 199 451,B01,2,1,0,2,1,1,5,,29,5,2019,20:30,1,75,75116,2,7,1,3,PORTE MAILLOT,48.876854,2.282647
4201,201900056748,138 199 444,B01,1,1,0,2,8,1,5,,19,6,2019,07:15,1,75,75106,2,3,1,3,BOULEVARD DU MONTPARNASSE,48.846178,2.317866
4202,201900056751,138 199 438,A01,1,33,14,0,7,1,1,,19,6,2019,05:10,2,75,75115,2,7,1,6,RUE DE L ARRIVEE,48.842274,2.320988
4203,201900056753,138 199 432,B01,1,1,0,2,1,1,5,,18,6,2019,19:30,1,75,75115,2,3,1,3,BOULEVARD VICTOR,48.833502,2.286556
4204,201900056755,138 199 430,A01,2,30,0,1,1,1,1,,18,6,2019,13:24,1,75,75115,2,4,1,6,RUE MADEMOISELLE,48.843525,2.293521
4205,201900056757,138 199 427,A01,2,30,0,1,8,1,1,,18,6,2019,12:30,1,75,75115,2,2,1,6,RUE DE LA CONVENTION,48.837229,2.296447
4206,201900056759,138 199 422,B01,3,2,0,2,1,1,3,,18,6,2019,08:45,1,75,75115,2,1,1,1,AVENUE ERNEST RENAN,48.831327,2.286272
4207,201900056761,138 199 420,B01,1,33,0,2,2,1,1,,16,6,2019,10:35,1,75,75115,2,2,1,3,RUE DE VAUGIRARD,48.837219,2.296435
4208,201900056768,138 199 405,B01,3,1,0,2,1,7,5,,14,6,2019,08:45,1,75,75115,2,2,1,3,RUE DU GENERAL GUILLAUMAT,48.828932,2.294156
4209,201900056769,138 199 404,B01,2,1,0,2,1,18,0,,13,6,2019,00:30,5,75,75115,2,7,1,3,RUE DE LA CROIX NIVERT,48.847796,2.301413
4210,201900056772,138 199 398,A01,1,32,0,2,1,1,1,,8,6,2019,20:20,1,75,75115,2,2,1,3,RUE DUPLEIX,48.85065,2.29562
4211,201900056774,138 199 392,A01,0,2,0,0,0,5,1,,7,6,2019,22:21,5,75,75115,2,1,1,7,RUE DU COTENTIN,48.838638,2.313754
4212,201900056776,138 199 389,B01,1,34,0,2,1,1,1,,5,6,2019,18:20,1,75,75115,2,1,3,3,BOULEVARD DE GRENELLE,48.851942,2.291565
4213,201900056777,138 199 388,A01,2,30,0,0,0,21,1,,1,6,2019,19:30,1,75,75115,2,7,1,7,PLACE CHARLES VALLIN,48.835502,2.302432
4214,201900056781,138 199 378,B01,2,33,0,2,3,3,1,,16,2,2019,19:30,5,75,75116,2,1,1,2,PORTE DE PASSY,48.85885,2.261772
4215,201900056782,138 199 376,B01,1,34,0,2,8,3,1,,16,2,2019,14:20,1,75,75116,2,1,1,3,PORTE MAILLOT,48.875781,2.277613
4216,201900056785,138 199 368,A01,1,34,0,2,3,3,1,,15,2,2019,11:50,1,75,75113,2,1,1,3,PORTE D IVRY,48.822433,2.380221
4217,201900056790,138 199 357,B01,2,33,0,2,8,3,1,,13,2,2019,18:45,5,75,75114,2,1,1,3,PORTE D ORLEANS,48.819417,2.328291
4218,201900056792,138 199 387,B01,1,32,0,2,8,1,1,,31,5,2019,18:00,1,75,75115,2,7,1,3,RUE CAMBRONNE,48.841821,2.303265
4219,201900056793,138 199 349,A01,1,30,0,0,0,21,1,,31,5,2019,15:50,1,75,75115,2,3,1,7,RUE LINOIS,48.848528,2.282883
4220,201900056796,138 199 344,B01,2,34,0,2,3,18,1,,29,5,2019,10:00,1,75,75115,2,3,1,3,RUE DESNOUETTES,48.836006,2.290401
4221,201900056798,138 199 339,B01,1,30,0,2,1,2,1,,18,6,2019,23:30,5,75,75115,2,2,1,3,RUE DE VAUGIRARD,48.837226,2.296426
4222,201900056800,138 199 337,A01,2,32,0,2,2,12,1,,16,6,2019,20:20,1,75,75114,2,3,1,3,AVENUE DU MAINE,48.835489,2.323741
4223,201900056800,138 199 338,B01,2,33,0,2,1,1,1,,16,6,2019,20:20,1,75,75114,2,3,1,3,AVENUE DU MAINE,48.835489,2.323741
4224,201900056802,138 199 352,A01,2,34,0,2,1,9,1,,13,2,2019,14:30,1,75,75119,2,4,1,2,BD PERIPHERIQUE EXTERIEUR,48.881063,2.404027
4225,201900056804,138 199 334,B01,1,60,0,2,0,19,5,,13,6,2019,07:50,1,75,75114,2,2,8,3,AVENUE ERNEST REYER,48.82266,2.322669
4226,201900056805,138 199 331,B01,2,33,0,2,1,3,1,,12,2,2019,17:20,1,75,75115,2,1,1,3,BOULEVARD PERIPHERIQUE,48.826087,2.298306
4227,201900056806,138 199 327,A01,2,1,1,2,1,2,5,,12,6,2019,20:35,1,75,75114,2,1,8,6,BOULEVARD EDGAR QUINET,48.840567,2.326964
4228,201900056806,138 199 329,B01,2,1,0,2,1,2,5,,12,6,2019,20:35,1,75,75114,2,1,8,6,BOULEVARD EDGAR QUINET,48.840567,2.326964
4229,201900056808,138 199 321,B01,1,2,0,2,1,1,1,,11,6,2019,23:45,5,75,75114,2,2,1,3,AVENUE DU MAINE,48.836828,2.323229
4230,201900056809,138 199 316,B01,1,33,0,2,1,1,1,,11,6,2019,17:55,1,75,75114,2,3,2,3,AVENUE JEAN MOULIN,48.825427,2.321307
4231,201900056810,138 199 317,A01,1,32,0,2,8,11,1,,9,2,2019,11:15,1,75,75118,2,1,1,6,PORTE DE LA CHAPELLE,48.900966,2.35486
4232,201900056812,138 199 313,A01,2,30,0,0,7,21,1,,11,6,2019,12:30,1,75,75114,2,1,1,7,RUE D ALESIA,48.82853,2.324831
4233,201900056813,138 199 311,B01,2,31,0,2,8,1,1,,8,2,2019,17:00,2,75,75118,2,1,1,3,BOULEVARD PERIPHERIQUE,48.900802,2.369807
4234,201900056815,138 199 308,A01,2,43,0,2,1,1,1,,8,6,2019,03:10,5,75,75114,2,2,1,3,BOULEVARD SAINT JACQUES,48.833034,2.336003
4235,201900056816,138 199 306,B01,1,33,0,2,1,1,1,,8,2,2019,19:15,5,75,75119,2,1,1,3,BOULEVARD PERIPHERIQUE,48.888246,2.39656
4236,201900056818,138 199 302,A01,1,1,0,1,1,1,5,,16,2,2019,17:49,1,75,75110,2,4,1,6,RUE DU FAUBOURG DU TEMPLE,48.868154,2.365417
4237,201900056819,138 199 301,B01,1,1,0,2,0,1,5,,7,6,2019,10:35,1,75,75114,2,7,2,6,AVENUE DU COLONEL HENRI ROL TANGUY,48.833703,2.331926
4238,201900056820,138 199 295,A01,1,33,0,2,1,15,1,,14,2,2019,11:11,1,75,75113,2,2,1,3,RUE NEUVE TOLBIAC,48.830614,2.376825
4239,201900056820,138 199 297,B01,2,33,0,2,8,1,1,,14,2,2019,11:11,1,75,75113,2,2,1,3,RUE NEUVE TOLBIAC,48.830614,2.376825
4240,201900056821,138 199 296,A01,1,2,0,2,1,2,1,,5,6,2019,21:00,5,75,75114,2,1,3,2,AVENUE DU MAINE,48.835833,2.323606
4241,201900056823,138 199 289,Z01,0,32,0,2,1,1,1,,17,2,2019,01:55,5,75,75105,2,2,1,6,RUE SAINT JACQUES,48.847361,2.343657
4242,201900056826,138 199 285,Z01,1,30,0,1,1,1,0,,15,2,2019,22:45,5,75,75105,2,2,1,6,BOULEVARD DE PORT ROYAL,48.838888,2.339706
4243,201900056827,138 199 286,A01,1,1,0,2,1,19,5,,1,6,2019,13:00,1,75,75114,2,3,1,6,RUE VERCINGETORIX,48.829115,2.306422
4244,201900056828,138 199 282,Z01,1,30,0,1,0,16,0,,15,2,2019,18:28,5,75,75105,2,4,1,6,RUE BUFFON,48.843184,2.364157
4245,201900056829,138 199 279,B01,1,32,0,2,2,17,1,,29,5,2019,16:25,1,75,75114,2,1,1,3,AVENUE DU MAINE,48.834667,2.324122
4246,201900056832,138 199 276,A01,1,30,0,1,2,25,1,,18,6,2019,21:38,2,75,75113,2,4,1,6,RUE DES GOBELINS,48.835814,2.351855
4247,201900056834,138 199 274,A01,2,30,0,2,3,1,1,,14,2,2019,04:51,5,75,75105,2,2,1,3,BOULEVARD SAINT GERMAIN,48.85139,2.343192
4248,201900056835,138 199 270,B01,1,1,0,2,1,1,5,,18,6,2019,20:00,1,75,75113,2,1,1,3,AVENUE DE LA PORTE DE VITRY,48.823591,2.377387
4249,201900056837,138 199 267,B01,2,32,0,2,1,1,1,,18,6,2019,13:35,1,75,75113,2,1,1,3,BOULEVARD AUGUSTE BLANQUI,48.830667,2.344674
4250,201900056840,138 199 263,B01,1,2,0,2,1,1,1,,16,2,2019,14:00,1,75,75120,2,2,1,3,BOULEVARD DAVOUT,48.853525,2.410792
4251,201900056841,138 199 261,B01,1,60,0,2,1,19,5,,17,6,2019,16:15,1,75,75113,2,3,1,3,AVENUE D IVRY,48.822661,2.36703
4252,201900056842,138 199 259,A01,1,33,0,0,3,1,1,,16,2,2019,13:10,1,75,75120,2,3,1,7,RUE DES PANOYAUX,48.866409,2.385902
4253,201900056844,138 199 257,B01,2,32,0,2,1,1,1,,15,2,2019,12:10,1,75,75120,2,1,1,3,AVENUE GAMBETTA,48.864972,2.396376
4254,201900056846,138 199 255,B01,2,33,0,2,2,1,1,,16,6,2019,15:30,1,75,75113,2,2,1,3,QUAI FRANCOIS MAURIAC,48.832242,2.379766
4255,201900056848,138 199 252,A01,1,33,0,1,1,17,1,,14,2,2019,16:15,1,75,75120,2,1,1,6,RUE BELGRAND,48.864563,2.407454
4256,201900056849,138 199 248,A01,1,30,0,2,1,2,1,,17,2,2019,13:05,1,75,75119,2,1,1,2,BOULEVARD DE LA VILLETTE,48.879567,2.370426
4257,201900056851,138 199 250,A01,1,34,0,2,2,17,1,,16,6,2019,12:02,1,75,75113,2,2,1,3,BOULEVARD VINCENT AURIOL,48.83668,2.371893
4258,201900056852,138 199 243,A01,3,32,0,2,2,1,1,,15,2,2019,12:29,1,75,75119,2,2,1,3,AVENUE DE LA PORTE CHAUMONT,48.886234,2.396729
4259,201900056852,138 199 245,B01,2,33,0,2,8,1,1,,15,2,2019,12:29,1,75,75119,2,2,1,3,AVENUE DE LA PORTE CHAUMONT,48.886234,2.396729
4260,201900056853,138 199 244,A01,1,31,0,2,6,3,1,,30,11,2019,18:10,1,75,75117,2,1,1,4,BD PERIPHERIQUE INTERIEUR,48.90005,2.320884
4261,201900056855,138 199 238,A01,2,43,0,2,3,1,1,,13,2,2019,22:55,5,75,75119,2,1,1,3,AVENUE DE FLANDRE,48.889493,2.375124
4262,201900056855,138 199 239,B01,3,1,0,2,2,19,5,,13,2,2019,22:55,5,75,75119,2,1,1,3,AVENUE DE FLANDRE,48.889493,2.375124
4263,201900056856,138 199 233,A01,1,30,0,2,1,13,1,,30,11,2019,16:20,1,75,75116,2,1,1,4,BD PERIPHERIQUE INTERIEUR,48.876323,2.278525
4264,201900056857,138 199 234,B01,2,32,0,2,1,1,1,,13,6,2019,17:10,1,75,75113,2,4,8,3,BOULEVARD MASSENA,48.822676,2.372867
4265,201900056862,138 199 227,Z01,1,2,0,2,7,16,0,,1,12,2019,16:05,1,75,75120,2,4,1,6,AVENUE DE LA PORTE DE BAGNOLET,48.8647508,2.4120987
4266,201900056862,138 199 228,A01,1,30,12,2,8,1,1,,1,12,2019,16:05,1,75,75120,2,4,1,6,AVENUE DE LA PORTE DE BAGNOLET,48.8647508,2.4120987
4267,201900056863,138 199 226,A01,1,1,0,1,2,1,5,,13,6,2019,09:40,1,75,75113,2,1,2,6,QUAI PANHARD ET LEVASSOR,48.828533,2.384387
4268,201900056866,138 199 223,B01,2,1,0,2,1,1,5,,12,6,2019,09:40,1,75,75113,2,3,1,3,QUAI D AUSTERLITZ,48.84307,2.366334
4269,201900056867,138 199 219,A01,1,32,0,2,4,23,1,,14,2,2019,20:25,5,75,75118,2,7,1,6,RUE DE LA CHAPELLE,48.895343,2.359653
4270,201900056868,138 199 217,Z01,2,50,0,1,1,1,3,,12,6,2019,08:49,1,75,75113,2,3,8,6,AVENUE D ITALIE,48.825789,2.357377
4271,201900056869,138 199 212,B01,2,31,0,2,4,23,1,,16,2,2019,10:20,1,75,75117,2,5,1,2,AVENUE DE LA PORTE D ASNIERES,48.891831,2.301585
4272,201900056871,138 199 211,A01,1,1,0,1,7,1,5,,14,2,2019,14:40,1,75,75117,2,1,1,6,BOULEVARD DE COURCELLES,48.881139,2.315052
4273,201900056873,138 199 206,A01,1,32,0,1,1,1,1,,6,6,2019,19:20,1,75,75113,2,1,1,6,BOULEVARD AUGUSTE BLANQUI,48.83044,2.351979
4274,201900056874,138 199 204,A01,2,32,0,2,2,5,1,,6,6,2019,07:50,1,75,75113,2,1,1,3,RUE BRUNESEAU,48.824707,2.38759
4275,201900056875,138 199 203,A01,1,1,0,2,1,14,5,,4,6,2019,19:00,1,75,75113,2,2,1,2,BOULEVARD DE L HOPITAL,48.83656,2.359287
4276,201900056877,138 199 199,A01,1,30,0,2,1,1,1,,3,6,2019,22:30,5,75,75113,2,3,1,6,AVENUE D ITALIE,48.820428,2.359062
4277,201900056879,138 199 193,B01,2,33,0,2,1,1,1,,15,2,2019,15:40,1,75,75116,2,1,1,2,PONT DE SURESNES,48.866731,2.230069
4278,201900056880,138 199 194,B01,2,33,0,2,8,15,1,,1,6,2019,10:56,1,75,75113,2,2,1,3,QUAI D AUSTERLITZ,48.841926,2.367847
4279,201900056881,138 199 190,A01,1,33,0,2,1,15,1,,14,2,2019,11:30,1,75,75116,2,2,1,3,AVENUE DE L HIPPODROME,48.858564,2.244881
4280,201900056881,138 199 192,B01,2,33,0,2,1,16,1,,14,2,2019,11:30,1,75,75116,2,2,1,3,AVENUE DE L HIPPODROME,48.858564,2.244881
4281,201900056882,138 199 191,B01,3,33,0,2,1,1,1,,31,5,2019,23:00,5,75,75113,2,4,1,3,PORTE D IVRY,48.819722,2.372913
4282,201900056883,138 199 186,B01,1,32,0,2,5,23,1,,14,2,2019,08:30,1,75,75116,2,7,1,3,AVENUE FOCH,48.871789,2.27638
4283,201900056885,138 199 182,A01,1,34,0,2,2,1,1,,13,2,2019,11:30,1,75,75116,2,7,1,3,PLACE DE VARSOVIE,48.860262,2.290523
4284,201900056886,138 199 181,A01,1,30,1,0,1,7,1,,1,12,2019,07:10,5,75,75113,2,3,2,6,AVENUE DES GOBELINS,48.8348979,2.3531799
4285,201900056887,138 199 180,B01,1,43,0,2,1,17,1,,12,2,2019,12:00,1,75,75116,2,1,1,3,BOULEVARD DE L AMIRAL BRUIX,48.876355,2.282356
4286,201900056888,138 199 178,A01,1,1,0,1,1,1,5,,30,11,2019,15:20,1,75,75109,2,1,1,6,RUE DE PROVENCE,48.874294,2.3332561
4287,201900056889,138 199 177,A01,2,30,0,0,2,9,1,,16,2,2019,05:30,5,75,75115,2,3,1,7,BOULEVARD PASTEUR,48.841518,2.314037
4288,201900056891,138 199 173,A01,1,32,0,2,2,1,1,,15,2,2019,20:34,5,75,75106,2,1,1,3,BOULEVARD DU MONTPARNASSE,48.84593,2.31834
4289,201900056891,138 199 174,B01,1,1,0,2,5,19,5,,15,2,2019,20:34,5,75,75106,2,1,1,3,BOULEVARD DU MONTPARNASSE,48.84593,2.31834
4290,201900056893,138 199 171,B01,2,1,0,2,1,1,5,,15,2,2019,19:50,5,75,75115,2,2,1,3,RUE DE DANTZIG,48.835239,2.300469
4291,201900056898,138 199 162,A01,1,32,0,1,1,17,1,,15,2,2019,08:30,1,75,75115,2,3,1,6,RUE LECOURBE,48.844255,2.308185
4292,201900056902,138 199 157,A01,1,50,0,0,0,1,3,,16,2,2019,22:40,5,75,75114,2,1,1,7,RUE FROIDEVAUX,48.835268,2.329326
4293,201900056903,138 199 185,A01,2,34,0,2,8,15,1,,31,5,2019,00:40,5,75,75113,2,3,1,3,BOULEVARD MASSENA,48.820121,2.364657
4294,201900056905,138 199 152,A01,3,30,0,2,1,9,1,,16,6,2019,19:20,1,75,75112,2,1,1,3,PLACE DU CARDINAL LAVIGERIE,48.832891,2.402964
4295,201900056906,138 199 151,A01,1,33,0,1,1,1,1,,15,2,2019,16:17,1,75,75114,2,3,1,6,AVENUE DU GENERAL LECLERC,48.833225,2.331519
4296,201900056908,138 199 149,A01,2,32,12,0,2,14,1,,16,6,2019,05:45,2,75,75112,2,1,1,6,ROUTE DE LA PYRAMIDE,48.83507,2.443568
4297,201900056909,138 199 146,A01,1,50,0,2,9,1,3,,14,2,2019,19:10,5,75,75106,2,7,1,3,PLACE ALPHONSE DEVILLE,48.850387,2.327705
4298,201900056909,138 199 148,B01,1,32,0,2,1,1,1,,14,2,2019,19:10,5,75,75106,2,7,1,3,PLACE ALPHONSE DEVILLE,48.850387,2.327705
4299,201900056911,138 199 144,B01,3,1,0,2,7,19,5,,14,6,2019,20:00,1,75,75112,2,3,1,3,ROUTE DE LA FERME,48.82118,2.452776
4300,201900056912,138 199 142,A01,0,1,0,2,8,1,5,,13,6,2019,17:45,1,75,75112,2,1,3,6,BOULEVARD SOULT,48.842818,2.409997
4301,201900056912,138 199 143,Z01,0,1,0,2,0,17,5,,13,6,2019,17:45,1,75,75112,2,1,3,6,BOULEVARD SOULT,48.842818,2.409997
4302,201900056913,138 199 140,A01,1,30,0,2,1,2,1,,12,6,2019,19:45,1,75,75112,2,1,1,2,BOULEVARD CARNOT,48.842117,2.413124
4303,201900056915,138 199 137,A01,1,30,0,2,1,1,1,,9,6,2019,17:00,1,75,75112,2,7,1,3,BOULEVARD PONIATOWSKI,48.835355,2.406576
4304,201900056916,138 199 135,A01,3,34,0,2,1,12,1,,5,6,2019,14:55,1,75,75112,2,1,2,2,SOUTERRAIN QUAI DE BERCY,48.831358,2.385083
4305,201900056917,138 199 134,Z01,1,2,0,2,8,1,0,,2,6,2019,14:35,1,75,75111,2,2,1,6,AVENUE LEDRU ROLLIN,48.851287,2.376133
4306,201900056918,138 199 132,A01,1,32,12,0,1,18,1,,2,6,2019,05:45,2,75,75112,2,1,1,6,AVENUE DE NOGENT,48.84124,2.45154
4307,201900056919,138 199 130,B01,1,1,0,2,7,1,5,,31,5,2019,20:45,1,75,75112,2,1,1,4,BOULEVARD DE REUILLY,48.839207,2.391928
4308,201900056919,138 199 131,C01,1,50,0,2,1,1,3,,31,5,2019,20:45,1,75,75112,2,1,1,4,BOULEVARD DE REUILLY,48.839207,2.391928
4309,201900056920,138 199 128,A01,1,33,0,2,7,5,1,,31,5,2019,18:10,1,75,75112,2,1,1,3,AVENUE DU GENERAL LAPERRINE,48.833647,2.406296
4310,201900056921,138 199 126,A01,2,32,0,2,8,14,1,,31,5,2019,11:40,1,75,75112,2,2,1,6,AVENUE DAUMESNIL,48.846308,2.377372
4311,201900056922,138 199 124,A01,1,32,0,0,7,16,1,,31,5,2019,09:30,1,75,75112,2,4,1,7,BOULEVARD PONIATOWSKI,48.829385,2.390713
4312,201900056923,138 199 123,A01,1,1,0,1,1,1,5,,30,5,2019,15:50,1,75,75112,2,1,1,6,RUE DE CHARENTON,48.849845,2.374013
4313,201900056925,138 199 121,B01,2,50,0,2,7,1,3,,16,6,2019,05:50,2,75,75111,2,2,1,3,AVENUE PARMENTIER,48.861644,2.377363
4314,201900056926,138 199 119,B01,1,2,0,2,5,17,1,,16,6,2019,15:15,1,75,75111,2,7,1,3,RUE DE LA ROQUETTE,48.85768,2.380122