,Num_Acc,id_vehicule,num_veh,senc,catv,obs,obsm,choc,manv,motor,occutc,jour,mois,an,hrmn,lum,dep,com,agg,int,atm,col,adr,lat,long
4315,201900056927,138 199 117,B01,2,1,0,2,3,9,5,,15,6,2019,16:05,1,75,75111,2,1,1,3,BOULEVARD DE BELLEVILLE,48.87132,2.377523
4316,201900056928,138 199 114,B01,2,32,0,2,1,18,1,,13,6,2019,17:00,1,75,75111,2,1,2,3,BOULEVARD DE CHARONNE,48.856947,2.393381
4317,201900056929,138 199 111,B01,2,1,0,2,2,17,5,,6,6,2019,10:30,1,75,75111,2,3,1,3,RUE DU CHEMIN VERT,48.858135,2.371983
4318,201900056930,138 199 110,A01,2,30,0,0,2,1,3,,5,6,2019,16:45,1,75,75111,2,2,3,7,AVENUE LEDRU ROLLIN,48.851305,2.376133
4319,201900056931,138 199 109,B01,1,2,0,2,1,15,1,,4,6,2019,00:30,5,75,75111,2,2,1,3,RUE DE MONTREUIL,48.850637,2.394491
4320,201900056932,138 199 106,B01,1,1,0,2,3,11,5,,31,5,2019,17:20,1,75,75111,2,7,1,3,PLACE DE LA BASTILLE,48.853421,2.369484
4321,201900056933,138 199 105,A01,1,30,12,0,0,21,3,,16,6,2019,17:45,1,75,75110,2,1,1,6,RUE LOUIS BLANC,48.881468,2.364539
4322,201900056934,138 199 104,A01,2,1,0,1,1,1,5,,15,6,2019,01:34,5,75,75110,2,1,2,6,RUE DU FAUBOURG POISSONNIERE,48.87697,2.348866
4323,201900056936,138 199 102,B01,1,30,0,2,1,1,1,,12,6,2019,21:00,1,75,75110,2,1,1,3,RUE DE VALENCIENNES,48.87827,2.354998
4324,201900056937,138 199 100,B01,2,34,0,2,3,1,1,,12,6,2019,15:30,1,75,75110,2,1,8,3,AVENUE PARMENTIER,48.871021,2.370304
4325,201900056938,138 199 097,B01,1,1,0,2,6,1,5,,6,6,2019,10:35,1,75,75110,2,5,1,3,RUE DU FAUBOURG SAINT DENIS,48.8842,2.359407
4326,201900056940,138 199 094,B01,1,43,0,2,3,1,1,,19,6,2019,12:15,1,75,75109,2,1,1,2,BOULEVARD DE CLICHY,48.884197,2.330554
4327,201900056941,138 199 092,B01,2,43,0,2,4,15,1,,17,6,2019,10:20,1,75,75102,2,5,1,2,BOULEVARD DES CAPUCINES,48.869919,2.32803
4328,201900056943,138 199 089,A01,2,43,0,1,1,1,1,,12,6,2019,16:45,1,75,75109,2,7,8,6,PLACE DE L OPERA,48.870623,2.332067
4329,201900056944,138 199 088,A01,2,30,0,1,1,1,0,,8,6,2019,23:10,5,75,75109,2,7,1,6,BOULEVARD DES CAPUCINES,48.870696,2.332555
4330,201900056945,138 199 087,Z01,2,32,0,2,9,19,0,,8,6,2019,20:20,1,75,75109,2,2,1,6,RUE BERGERE,48.872005,2.347899
4331,201900056946,138 199 085,B01,0,50,0,2,4,2,3,,6,6,2019,09:10,1,75,75109,2,2,1,3,RUE BOCHART DE SARON,48.881085,2.342551
4332,201900056947,138 199 082,A01,1,31,0,2,1,7,1,,5,6,2019,11:30,1,75,75109,2,1,1,6,RUE LE PELETIER,48.87271,2.338475
4333,201900056948,138 199 081,A01,1,34,0,0,0,21,1,,5,6,2019,00:20,5,75,75109,2,1,1,7,BOULEVARD POISSONNIERE,48.87118,2.345053
4334,201900056949,138 199 079,B01,1,50,0,2,2,1,3,,3,6,2019,07:40,1,75,75109,2,3,1,3,RUE DE CAUMARTIN,48.874196,2.328399
4335,201900056950,138 199 077,A01,1,31,0,2,7,1,1,,19,6,2019,15:59,1,75,75108,2,2,1,3,BOULEVARD MALESHERBES,48.878471,2.315544
4336,201900056951,138 199 075,A01,1,1,0,2,6,13,5,,19,6,2019,09:15,1,75,75108,2,7,1,3,ROND POINT CHAMPS ELYSEES MARCEL DASSAUL,48.86876,2.311062
4337,201900056951,138 199 076,B01,1,31,0,2,2,1,1,,19,6,2019,09:15,1,75,75108,2,7,1,3,ROND POINT CHAMPS ELYSEES MARCEL DASSAUL,48.86876,2.311062
4338,201900056952,138 199 073,B01,1,33,0,2,2,17,1,,14,6,2019,16:10,1,75,75108,2,2,1,5,AVENUE DE FRIEDLAND,48.874156,2.298937
4339,201900056953,138 199 071,B01,2,32,0,2,7,1,0,,13,6,2019,13:40,1,75,75108,2,1,1,3,RUE LA BOETIE,48.871183,2.306795
4340,201900056954,138 199 068,B01,2,30,0,2,1,1,1,,13,6,2019,20:45,2,75,75108,2,1,1,3,RUE D AMSTERDAM,48.877335,2.326899
4341,201900056955,138 199 066,B01,2,32,0,2,3,1,1,,13,6,2019,18:50,1,75,75108,2,1,1,5,RUE DE ROME,48.876468,2.323476
4342,201900056956,138 199 064,A01,1,31,1,2,7,17,1,,13,6,2019,11:15,1,75,75108,2,4,1,6,RUE DE COURCELLES,48.877719,2.305923
4343,201900056957,138 199 062,A01,3,33,0,2,1,1,1,,13,6,2019,07:34,2,75,75108,2,7,1,6,PLACE CHARLES DE GAULLE,48.873515,2.29589
4344,201900056958,138 199 060,A01,2,50,0,1,1,1,3,,12,6,2019,19:10,1,75,75108,2,1,2,6,RUE DE PRESBOURG,48.872727,2.296654
4345,201900056959,138 199 059,B01,2,80,0,2,1,1,3,,12,6,2019,18:00,1,75,75108,2,1,2,3,RUE MONTALIVET,48.870928,2.318956
4346,201900056960,138 199 056,B01,1,33,0,2,2,1,1,,11,6,2019,14:50,1,75,75108,2,1,1,3,AVENUE GEORGE V,48.870498,2.300958
4347,201900056961,138 199 054,B01,1,34,0,2,7,1,1,,11,6,2019,10:30,1,75,75108,2,7,1,3,PLACE DE LA CONCORDE,48.86655,2.321949
4348,201900056962,138 199 053,A01,1,33,12,0,7,16,0,,10,6,2019,15:30,1,75,75108,2,2,1,6,AVENUE DES CHAMPS ELYSEES,48.873148,2.297092
4349,201900056963,138 199 052,A01,2,30,0,0,0,1,1,,10,6,2019,15:10,1,75,75108,2,2,1,7,AVENUE MARCEAU,48.872487,2.296189
4350,201900056964,138 199 050,B01,2,32,0,2,4,23,1,,5,6,2019,12:20,1,75,75108,2,3,2,2,BOULEVARD MALESHERBES,48.870956,2.322617
4351,201900056965,138 199 049,B01,2,32,0,2,2,1,1,,3,6,2019,10:47,1,75,75108,2,1,2,3,AVENUE HOCHE,48.876767,2.302216
4352,201900056966,138 199 046,B01,3,80,0,2,4,1,3,,1,6,2019,16:35,1,75,75108,2,7,1,3,PLACE DE LA CONCORDE,48.86586,2.319881
4353,201900056967,138 199 044,B01,2,31,0,2,1,7,1,,31,5,2019,11:00,1,75,75108,2,1,1,4,RUE DE ROME,48.877353,2.322991
4354,201900056968,138 199 042,A01,1,30,12,0,2,16,1,,31,5,2019,10:00,1,75,75108,2,2,1,7,AVENUE DES CHAMPS ELYSEES,48.873141,2.297092
4355,201900056969,138 199 040,B01,2,34,0,2,6,1,1,,19,6,2019,11:30,1,75,75107,2,1,1,3,RUE DE LILLE,48.861025,2.321288
4356,201900056969,138 199 041,A01,2,34,0,2,5,9,1,,19,6,2019,11:30,1,75,75107,2,1,1,3,RUE DE LILLE,48.861025,2.321288
4357,201900056971,138 199 036,A01,1,31,0,0,0,21,1,,11,6,2019,19:10,1,75,75107,2,2,2,7,AVENUE DE LA MOTTE PICQUET,48.857279,2.309962
4358,201900056973,138 199 033,A01,3,30,0,2,4,1,1,,6,6,2019,21:40,5,75,75107,2,2,1,3,BOULEVARD DES INVALIDES,48.846963,2.316765
4359,201900056973,138 199 034,B01,3,30,0,2,1,15,1,,6,6,2019,21:40,5,75,75107,2,2,1,3,BOULEVARD DES INVALIDES,48.846963,2.316765
4360,201900056974,138 199 031,A01,1,30,0,2,1,1,1,,6,6,2019,13:05,1,75,75107,2,3,1,3,RUE DE SAINT SIMON,48.855652,2.323416
4361,201900056976,138 199 027,A01,2,50,0,2,7,1,3,,1,6,2019,20:15,1,75,75107,2,2,1,3,QUAI D ORSAY,48.862598,2.310443
4362,201900056977,138 199 024,A01,0,33,0,2,1,1,1,,1,6,2019,17:18,1,75,75107,2,3,1,2,BOULEVARD DES INVALIDES,48.853689,2.314741
4363,201900056978,138 199 022,A01,3,50,0,2,3,19,3,,19,6,2019,16:20,1,75,75104,2,2,1,3,PONT DE SULLY,48.850781,2.361428
4364,201900056980,138 199 019,B01,2,1,0,2,1,1,5,,17,6,2019,13:25,1,75,75102,2,2,1,3,RUE DU QUATRE SEPTEMBRE,48.869542,2.336788
4365,201900056981,138 199 018,B01,2,1,0,2,1,1,5,,17,6,2019,09:53,1,75,75104,2,3,1,3,RUE SAINT ANTOINE,48.853947,2.364748
4366,201900056983,138 199 013,B01,2,32,0,2,3,18,1,,14,6,2019,10:15,1,75,75104,2,3,1,3,AVENUE VICTORIA,48.857504,2.348592
4367,201900056984,138 199 010,A01,1,34,1,2,1,18,1,,14,6,2019,09:09,1,75,75101,2,7,1,5,PLACE VENDOME,48.867362,2.330075
4368,201900056985,138 199 009,A01,1,33,0,2,7,18,1,,7,6,2019,20:20,2,75,75104,2,1,8,3,BOULEVARD HENRI IV,48.852438,2.366939
4369,201900056987,138 199 004,A01,2,50,0,2,1,1,3,,4,6,2019,19:30,1,75,75103,2,2,1,3,RUE PERREE,48.864384,2.361814
4370,201900056987,138 199 005,B01,1,1,0,2,0,1,5,,4,6,2019,19:30,1,75,75103,2,2,1,3,RUE PERREE,48.864384,2.361814
4371,201900056989,138 199 002,A01,2,50,0,1,1,1,3,,1,6,2019,19:05,1,75,75104,2,7,1,6,QUAI DE GESVRES,48.857179,2.347333
4372,201900056990,138 199 001,B01,3,1,0,2,4,23,5,,1,6,2019,11:20,1,75,75101,2,7,1,2,PLACE DU CHATELET,48.857712,2.347753
4373,201900056992,138 198 998,B01,1,33,0,2,8,16,1,,17,6,2019,17:20,1,75,75104,2,3,1,3,RUE DES BLANCS MANTEAUX,48.858338,2.358332
4374,201900057125,138 198 745,A01,2,33,0,2,5,1,1,,9,7,2019,05:20,2,75,75119,2,1,1,6,PORTE DES LILAS,48.879766,2.407328
4375,201900057127,138 198 743,A01,1,30,0,2,6,1,1,,10,7,2019,19:00,1,75,75106,2,3,1,2,QUAI DES GRANDS AUGUSTINS,48.85529,2.341592
4376,201900057133,138 198 730,A01,1,1,0,2,1,1,5,,10,7,2019,19:45,1,75,75118,2,2,1,6,BOULEVARD ORNANO,48.89464,2.34713
4377,201900057133,138 198 731,Z01,1,30,0,2,7,16,0,,10,7,2019,19:45,1,75,75118,2,2,1,6,BOULEVARD ORNANO,48.89464,2.34713
4378,201900057135,138 198 727,B01,1,1,0,2,3,1,5,,10,7,2019,18:40,1,75,75118,2,1,1,3,BOULEVARD BARBES,48.888776,2.349622
4379,201900057139,138 198 722,A01,1,33,0,2,8,15,1,,9,7,2019,23:00,5,75,75116,2,3,1,6,QUAI SAINT EXUPERY,48.834691,2.261953
4380,201900057139,138 198 723,Z01,1,30,0,2,1,1,0,,9,7,2019,23:00,5,75,75116,2,3,1,6,QUAI SAINT EXUPERY,48.834691,2.261953
4381,201900057140,138 198 717,A01,1,33,0,2,1,2,1,,10,7,2019,20:20,2,75,75115,2,1,1,2,RUE DE LA CONVENTION,48.842774,2.284238
4382,201900057142,138 198 714,A01,1,30,12,0,1,13,1,,10,7,2019,01:24,5,75,75115,2,1,1,6,QUAI BRANLY,48.854783,2.289072
4383,201900057145,138 198 708,A01,1,80,0,2,3,1,3,,10,7,2019,10:35,1,75,75114,2,7,7,3,PLACE DE CATALOGNE,48.837267,2.318795
4384,201900057149,138 198 702,B01,2,33,0,2,7,17,1,,10,7,2019,12:50,1,75,75113,2,2,1,3,AVENUE D ITALIE,48.819133,2.359502
4385,201900057151,138 198 698,B01,1,1,0,2,0,1,5,,10,7,2019,07:30,1,75,75113,2,2,1,3,BOULEVARD AUGUSTE BLANQUI,48.830649,2.352643
4386,201900057152,138 198 694,A01,2,31,0,2,2,17,1,,10,7,2019,16:10,1,75,75112,2,1,1,3,AVENUE LEDRU ROLLIN,48.85006,2.374809
4387,201900057155,138 198 691,A01,1,33,8,0,1,13,1,,8,7,2019,22:40,5,75,75110,2,3,1,6,RUE DE LA GRANGE AUX BELLES,48.874566,2.366251
4388,201900057157,138 198 688,A01,2,33,0,1,1,17,1,,10,7,2019,07:40,1,75,75108,2,2,1,3,RUE DU FAUBOURG SAINT HONORE,48.872842,2.310762
4389,201900057159,138 198 684,A01,1,1,0,2,1,1,5,,10,7,2019,10:10,1,75,75108,2,2,1,6,AVENUE DU PRESIDENT WILSON,48.865056,2.300206
4390,201900057163,138 198 677,A01,1,1,0,1,1,1,5,,9,7,2019,18:20,1,75,75104,2,4,1,6,VOIE GEORGES POMPIDOU,48.853623,2.356298
4391,201900057165,138 198 674,A01,1,33,12,0,2,14,1,,10,7,2019,00:30,5,75,75104,2,1,1,6,RUE DE RIVOLI,48.856391,2.356171
4392,201900057167,138 198 671,B01,1,43,0,2,1,1,1,,9,7,2019,23:20,5,75,75117,2,4,1,2,BOULEVARD PERIPHERIQUE EXTERIEUR OUEST,48.883079,2.283691
4393,201900057230,138 198 554,A01,1,32,0,2,1,2,1,,22,10,2019,23:10,5,75,75112,2,1,1,2,BD PERIPHERIQUE INTERIEUR,48.8280404,2.3954363
4394,201900057235,138 198 545,B01,1,32,0,2,5,16,1,,25,10,2019,14:54,1,75,75107,2,2,1,3,PONT ALEXANDRE III,48.8628232,2.3134643
4395,201900057246,138 198 525,B01,1,32,0,2,7,1,1,,25,10,2019,15:55,1,75,75120,2,2,1,3,RUE BELGRAND,48.8646808,2.4041699
4396,201900057257,138 198 516,A01,2,30,0,2,7,2,3,,25,10,2019,17:10,1,75,75109,2,3,1,6,BOULEVARD DE CLICHY,48.8841005,2.3308214
4397,201900057261,138 198 498,A01,1,30,0,1,1,1,3,,23,10,2019,21:15,5,75,75114,2,1,1,6,BOULEVARD BRUNE,48.8275042,2.3059384
4398,201900057263,138 198 495,B01,2,30,0,2,6,1,1,,25,10,2019,11:40,1,75,75113,2,3,1,3,BOULEVARD VINCENT AURIOL,48.8320013,2.3599768
4399,201900057268,138 198 486,B01,1,1,0,2,4,15,5,,25,10,2019,21:10,5,75,75112,2,2,1,3,RUE DE REUILLY,48.8444986,2.3899318
4400,201900057268,138 198 490,A01,2,32,0,2,1,1,1,,25,10,2019,21:10,5,75,75112,2,2,1,3,RUE DE REUILLY,48.8444986,2.3899318
4401,201900057270,138 198 483,A01,3,1,0,0,1,1,5,,25,10,2019,18:05,3,75,75112,2,7,1,7,CARREFOUR DE LA PYRAMIDE,48.8337901,2.4451656
4402,201900057278,138 198 479,B01,2,1,0,2,8,1,5,,25,10,2019,08:25,1,75,75112,2,3,1,3,AVENUE DAUMESNIL,48.842466,2.385519
4403,201900057280,138 198 470,Z01,2,43,0,1,0,1,0,,24,10,2019,18:57,5,75,75101,2,1,1,6,RUE ETIENNE MARCEL,48.8645634,2.3461115
4404,201900057282,138 198 467,B01,1,31,0,2,1,1,1,,25,10,2019,17:20,1,75,75104,2,2,8,3,QUAI DE L HOTEL DE VILLE,48.8543721,2.3549423
4405,201900057282,138 198 468,A01,1,1,0,2,8,19,5,,25,10,2019,17:20,1,75,75104,2,2,8,3,QUAI DE L HOTEL DE VILLE,48.8543721,2.3549423
4406,201900057471,138 198 127,B01,2,1,0,2,2,1,5,,14,2,2019,16:20,1,75,75114,2,7,1,3,PLACE DE CATALOGNE,48.837271,2.318749
4407,201900057488,138 198 117,B01,1,60,0,2,8,19,5,,14,2,2019,08:50,1,75,75107,2,7,1,3,PLACE JOFFRE,48.851587,2.301494
4408,201900057492,138 198 092,A01,2,32,0,2,1,18,1,,13,2,2019,07:40,2,75,75114,2,7,5,3,PLACE VICTOR ET HELENE BASCH,48.828018,2.326939
4409,201900057492,138 198 098,B01,2,33,0,2,1,17,1,,13,2,2019,07:40,2,75,75114,2,7,5,3,PLACE VICTOR ET HELENE BASCH,48.828018,2.326939
4410,201900057494,138 198 089,B01,2,30,0,2,1,1,1,,17,2,2019,21:00,5,75,75113,2,4,1,3,AVENUE DES GOBELINS,48.833205,2.354361
4411,201900057509,138 198 058,A01,1,33,0,1,2,1,1,,16,2,2019,21:00,5,75,75113,2,1,1,6,QUAI D AUSTERLITZ,48.843176,2.366203
4412,201900057514,138 198 054,A01,2,30,0,2,1,1,1,,14,2,2019,17:10,1,75,75113,2,1,1,3,RUE DU CHATEAU DES RENTIERS,48.829712,2.363486
4413,201900057517,138 198 046,B01,2,31,0,2,7,17,1,,15,2,2019,12:30,1,75,75112,2,1,1,3,RUE DE REUILLY,48.846155,2.387953
4414,201900057520,138 198 041,A01,2,2,0,0,0,1,1,,16,2,2019,14:50,1,75,75111,2,2,1,7,BOULEVARD VOLTAIRE,48.865186,2.367731
4415,201900057522,138 198 038,A01,2,30,0,1,1,1,1,,15,2,2019,10:05,1,75,75111,2,2,1,6,AVENUE PHILIPPE AUGUSTE,48.853557,2.392706
4416,201900057524,138 198 034,B01,2,1,0,2,1,1,5,,17,2,2019,03:30,5,75,75110,2,2,1,3,RUE DU FAUBOURG SAINT DENIS,48.884312,2.359363
4417,201900057526,138 198 031,B01,2,34,0,2,8,18,1,,16,2,2019,15:00,1,75,75110,2,1,1,3,PLACE DE LA BATAILLE DE STALINGRAD,48.883736,2.368745
4418,201900057529,138 198 025,A01,1,32,0,2,7,1,1,,15,2,2019,16:10,1,75,75109,2,4,1,3,BOULEVARD HAUSSMANN,48.871987,2.340041
4419,201900057549,138 197 979,A01,2,43,0,2,1,5,1,,14,2,2019,12:30,1,75,75108,2,4,1,3,AVENUE MARCEAU,48.866119,2.299663
4420,201900057552,138 197 972,B01,2,30,0,2,1,1,1,,15,2,2019,20:20,5,75,75107,2,2,1,3,AVENUE DE LOWENDAL,48.85269,2.308588
4421,201900057557,138 197 967,B01,2,33,0,2,0,1,1,,14,2,2019,08:54,1,75,75107,2,2,1,3,AVENUE DU MARECHAL GALLIENI,48.862847,2.313443
4422,201900057560,138 197 954,A01,1,1,0,1,4,1,5,,17,2,2019,16:55,1,75,75103,2,7,1,6,PLACE DE LA REPUBLIQUE,48.867339,2.363376
4423,201900057566,138 197 942,A01,2,1,0,2,2,1,5,,15,2,2019,10:30,1,75,75102,2,2,1,3,RUE DE PALESTRO,48.865202,2.351418
4424,201900057570,138 197 938,A01,1,2,0,2,3,2,1,,16,2,2019,21:15,5,75,75109,2,2,1,3,RUE LAMARTINE,48.876559,2.341294
4425,201900057573,138 197 929,A01,1,1,0,2,5,1,5,,16,2,2019,01:00,5,75,75102,2,7,1,3,PLACE DE L OPERA,48.870691,2.332521
4426,201900057804,138 197 507,A01,1,34,0,2,1,13,1,,20,9,2019,22:15,5,75,75119,2,1,1,2,BD PERIPHERIQUE INTERIEUR,48.884129,2.39887
4427,201900057828,138 197 497,A01,1,33,0,2,1,2,1,,20,9,2019,17:35,1,75,75112,2,4,1,2,ECHANGEUR BERCY,48.827649,2.3939519
4428,201900057846,138 197 455,A01,1,43,0,2,5,1,1,,20,9,2019,09:50,1,75,75105,2,2,1,3,BOULEVARD SAINT GERMAIN,48.84944,2.354419
4429,201900057860,138 197 424,B01,1,60,0,2,1,1,5,,20,9,2019,16:45,1,75,75120,2,2,1,3,RUE PELLEPORT,48.87184,2.398357
4430,201900057879,138 197 370,A01,2,1,0,2,1,1,5,,21,9,2019,12:30,1,75,75117,2,2,1,3,RUE POUCHET,48.894222,2.3205936
4431,201900057881,138 197 356,B01,1,33,0,2,8,1,1,,21,9,2019,14:30,1,75,75116,2,1,1,3,BD PERIPHERIQUE INTERIEUR,48.876323,2.278525
4432,201900057896,138 197 350,A01,3,33,0,1,2,1,1,,21,9,2019,09:55,1,75,75116,2,2,1,6,ALLEE DE LONGCHAMP,48.8676572,2.250885
4433,201900057924,138 197 279,A01,1,1,0,2,2,2,5,,21,9,2019,17:20,1,75,75115,2,7,1,2,PLACE CAMBRONNE,48.8477589,2.301743
4434,201900057936,138 197 274,A01,1,1,0,2,7,1,5,,21,9,2019,17:15,1,75,75115,2,2,1,3,RUE DE L ABBE GROULT,48.8396525,2.296533
4435,201900057969,138 197 234,B01,2,1,0,2,7,1,5,,20,9,2019,17:35,1,75,75115,2,2,1,3,AVENUE ALBERT BARTHOLOME,48.8289399,2.2941148
4436,201900058015,138 197 151,Z01,1,1,0,1,8,1,5,,21,9,2019,23:00,5,75,75111,2,7,1,6,PLACE DE LA REPUBLIQUE,48.866726,2.3651507
4437,201900058024,138 197 097,A01,1,50,0,1,1,25,3,,21,9,2019,00:20,5,75,75111,2,3,1,6,RUE DE LA ROQUETTE,48.8563717,2.3767912
4438,201900058028,138 197 091,B01,2,31,0,2,7,5,1,,21,9,2019,19:12,2,75,75108,2,1,1,3,RUE SAINT LAZARE,48.8754239,2.3254216
4439,201900058036,138 197 078,A01,2,33,1,0,6,14,1,,21,9,2019,07:10,1,75,75107,2,1,1,6,RUE DU BAC,48.8571482,2.3276103
4440,201900058050,138 197 053,B01,2,43,0,2,4,2,1,,20,9,2019,20:15,5,75,75107,2,1,1,2,QUAI ANATOLE FRANCE,48.8613999,2.3232189
4441,201900058064,138 197 047,B01,1,31,0,2,1,1,1,,21,9,2019,15:45,1,75,75103,2,1,1,3,BOULEVARD SAINT MARTIN,48.8681932,2.3607257
4442,201900058071,138 197 014,A01,1,1,0,2,5,2,5,,20,9,2019,23:50,5,75,75104,2,3,1,2,BOULEVARD HENRI IV,48.8501027,2.3589169
4443,201900058222,138 196 757,A01,1,33,0,2,1,12,1,,26,3,2019,18:30,2,75,75112,2,1,1,3,ECHANGEUR BERCY,48.82911,2.399971
4444,201900058229,138 196 741,A01,3,1,0,2,1,2,5,,26,3,2019,14:58,1,75,75116,2,3,1,2,ROUTE DES TRIBUNES,48.861972,2.230384
4445,201900058229,138 196 742,B01,3,1,0,2,0,2,5,,26,3,2019,14:58,1,75,75116,2,3,1,2,ROUTE DES TRIBUNES,48.861972,2.230384
4446,201900058234,138 196 737,A01,3,1,0,2,1,1,5,,26,3,2019,02:20,5,75,75119,2,7,1,3,PLACE DU COLONEL FABIEN,48.877761,2.370599
4447,201900058238,138 196 730,B01,1,2,0,2,1,18,1,,26,3,2019,12:26,1,75,75118,2,3,1,3,BOULEVARD DE ROCHECHOUART,48.883702,2.348245
4448,201900058241,138 196 722,A01,1,1,0,2,1,9,5,,26,3,2019,07:20,1,75,75117,2,2,1,3,RUE DE ROME,48.885673,2.316821
4449,201900058247,138 196 714,Z01,2,30,0,1,0,1,1,,26,3,2019,21:15,5,75,75114,2,2,1,6,RUE D ALESIA,48.829314,2.322662
4450,201900058250,138 196 710,B01,3,34,0,2,7,1,1,,26,3,2019,17:05,1,75,75112,2,7,1,3,ESPLANADE SAINT LOUIS,48.840441,2.436547
4451,201900058253,138 196 706,B01,2,2,0,2,2,17,3,,25,3,2019,12:28,1,75,75112,2,1,1,3,AVENUE LEDRU ROLLIN,48.849221,2.373588
4452,201900058258,138 196 697,A01,3,2,0,1,1,1,1,,26,3,2019,12:20,1,75,75110,2,7,1,6,PLACE DU COLONEL FABIEN,48.878406,2.369981
4453,201900058259,138 196 692,B01,2,1,0,2,8,1,5,,26,3,2019,08:50,1,75,75110,2,2,1,3,AVENUE PARMENTIER,48.871239,2.370118
4454,201900058259,138 196 693,A01,1,30,0,2,1,1,1,,26,3,2019,08:50,1,75,75110,2,2,1,3,AVENUE PARMENTIER,48.871239,2.370118
4455,201900058262,138 196 685,B01,2,31,0,2,1,1,1,,26,3,2019,15:00,1,75,75108,2,1,1,3,BOULEVARD MALESHERBES,48.872735,2.321374
4456,201900058464,138 196 302,A01,2,33,0,2,1,1,1,,16,6,2019,02:10,5,75,75103,2,3,1,3,BOULEVARD BEAUMARCHAIS,48.861011,2.367246
4457,201900058464,138 196 304,B01,2,30,0,2,7,15,3,,16,6,2019,02:10,5,75,75103,2,3,1,3,BOULEVARD BEAUMARCHAIS,48.861011,2.367246
4458,201900058465,138 196 301,Z01,3,31,0,1,1,1,1,,13,6,2019,13:45,1,75,75103,2,3,1,6,BOULEVARD BEAUMARCHAIS,48.860105,2.367462
4459,201900058467,138 196 296,A01,1,32,0,2,1,1,1,,9,6,2019,02:55,5,75,75102,2,3,1,6,BOULEVARD DE BONNE NOUVELLE,48.870022,2.350935
4460,201900058467,138 196 299,Z01,1,30,0,2,8,10,3,,9,6,2019,02:55,5,75,75102,2,3,1,6,BOULEVARD DE BONNE NOUVELLE,48.870022,2.350935
4461,201900058469,138 196 295,B01,2,1,0,2,3,18,5,,8,6,2019,16:35,1,75,75103,2,1,2,3,RUE SAINT MARTIN,48.862465,2.35212
4462,201900058470,138 196 291,A01,1,50,0,2,0,18,3,,6,6,2019,23:00,5,75,75103,2,1,1,3,RUE DU TEMPLE,48.86595,2.361023
4463,201900058475,138 196 284,A01,3,50,0,2,0,1,3,,14,6,2019,03:10,5,75,75103,2,3,1,6,RUE SAINT MARTIN,48.863681,2.352778
4464,201900058477,138 196 278,A01,2,1,0,2,1,1,5,,31,5,2019,21:10,5,75,75102,2,2,1,3,RUE ETIENNE MARCEL,48.863671,2.350017
4465,201900058479,138 196 275,A01,1,32,11,0,3,11,1,,16,6,2019,14:30,1,75,75101,2,3,1,6,RUE DE RIVOLI,48.864651,2.329309
4466,201900058481,138 196 273,A01,1,31,0,0,7,16,1,,13,6,2019,10:30,1,75,75109,2,4,8,7,AVENUE TRUDAINE,48.881538,2.344449
4467,201900058485,138 196 266,B01,1,34,0,2,4,1,1,,11,6,2019,08:43,1,75,75101,2,3,1,2,RUE DE RIVOLI,48.863988,2.331354
4468,201900058485,138 196 267,A01,1,32,0,2,1,1,1,,11,6,2019,08:43,1,75,75101,2,3,1,2,RUE DE RIVOLI,48.863988,2.331354
4469,201900058486,138 196 264,A01,0,30,0,2,1,5,1,,8,6,2019,12:30,1,75,75101,2,2,1,3,RUE CROIX DES PETITS CHAMPS,48.863005,2.339517
4470,201900058487,138 196 263,A01,1,33,0,2,3,23,1,,1,6,2019,19:30,1,75,75101,2,1,1,6,QUAI DES TUILERIES,48.862445,2.325165
4471,201900058488,138 196 260,A01,1,2,0,2,1,1,1,,29,5,2019,17:45,1,75,75101,2,7,1,3,RUE DE L AMIRAL DE COLIGNY,48.859505,2.340136
4472,201900058771,138 195 739,A01,1,31,0,2,8,13,1,,30,11,2019,12:54,1,75,75107,2,3,1,3,QUAI ANATOLE FRANCE,48.861127,2.324177
4473,201900058772,138 195 738,B01,1,33,0,2,1,2,1,,28,11,2019,00:05,3,75,75116,2,1,1,2,BD PERIPHERIQUE EXTERIEUR,48.8665932,2.2685772
4474,201900058776,138 195 732,A01,1,30,0,2,6,13,1,,30,11,2019,12:10,1,75,75108,2,7,1,3,PLACE CHARLES DE GAULLE,48.874308,2.295451
4475,201900058778,138 195 728,B01,2,1,0,2,1,15,5,,30,11,2019,17:25,5,75,75112,2,2,1,3,AVENUE LEDRU ROLLIN,48.8485984,2.372486
4476,201900058779,138 195 727,A01,2,33,0,1,3,1,1,,30,11,2019,00:05,5,75,75111,2,1,1,7,AVENUE DE LA REPUBLIQUE,48.86445,2.37883
4477,201900058780,138 195 726,A01,1,30,0,1,1,1,1,,30,11,2019,16:50,2,75,75111,2,3,1,6,QUAI DE JEMMAPES,48.8688009,2.3676269
4478,201900058781,138 195 724,A01,2,43,0,2,1,1,1,,29,11,2019,11:53,1,75,75107,2,3,2,6,AVENUE DE SUFFREN,48.85692,2.291953
4479,201900058782,138 195 723,A01,1,1,14,0,0,1,5,,30,11,2019,14:15,1,75,75104,2,1,1,6,RUE SAINT ANTOINE,48.854942,2.361977